#{"t_start": 1583534652.9997442, "env_id": "cursorcontrol-v1"}
r,l,t
0.780976,30,5.199481
1.286102,30,5.241619
2.108695,30,5.277925
1.953513,30,7.177182
0.783334,30,7.647843
2.069818,30,8.157908
1.352579,30,8.654952
1.627406,30,9.170022
0.994483,30,9.647586
1.290987,30,10.172776
1.111862,30,10.616232
1.811231,30,11.153452
1.447114,30,11.667638
1.357322,30,12.167625
8.610544,30,12.691629
1.422431,30,13.26513
2.7386,30,13.721989
2.289078,30,14.299557
1.330214,30,14.967421
2.077,30,15.548921
1.052378,30,16.334212
1.192938,30,16.835264
1.121282,30,17.290049
1.401161,30,17.772906
1.238737,30,18.249535
2.228869,30,18.691448
1.330144,30,19.209127
1.644401,30,19.917841
1.412034,30,20.398699
1.226596,30,20.85641
2.133165,7,20.966096
4.995158,30,21.446993
1.404859,30,21.946226
1.237924,30,22.461647
0.992688,30,22.966118
1.337656,30,23.513227
1.34588,30,24.030549
0.916517,30,24.518352
2.129023,30,25.008794
6.84108,25,25.396092
2.779864,30,25.840285
1.261736,30,26.281332
1.068432,30,26.715011
1.283643,30,27.197527
1.16121,30,27.657542
0.764372,30,28.106908
2.165351,30,28.556453
1.241012,30,29.041526
1.423568,30,29.478863
2.344262,30,29.931888
1.972129,30,30.358372
1.129166,30,30.832826
0.950695,30,31.273158
1.1413,30,31.709811
1.627063,30,32.190442
1.467401,30,32.672292
2.064556,30,33.119783
1.246925,30,33.561168
2.560469,30,34.009433
1.542043,30,34.492258
1.78135,30,34.953802
3.470781,30,35.389895
5.489213,30,35.83158
1.806164,30,36.29751
1.056937,30,36.730719
0.824179,30,37.186645
1.042755,30,37.632495
1.128356,30,38.101998
0.950056,30,38.550991
1.002329,30,39.000489
0.998003,30,39.432298
3.559996,30,39.909475
1.040102,30,40.351258
1.5238,30,40.794438
6.680259,28,41.218826
0.997132,30,41.68527
3.457302,30,42.1404
1.161773,30,42.571207
2.598266,1,42.587574
2.751737,30,43.118347
2.38919,30,43.552482
1.208749,30,44.004499
1.074794,30,44.447106
2.400154,30,44.939196
2.195629,30,45.380815
2.985041,30,45.827999
1.208233,30,46.262428
1.568086,30,46.739745
3.421375,30,47.196525
2.068411,30,47.630034
1.273553,30,48.120007
2.274405,30,48.598015
1.216861,30,49.036364
0.977142,30,49.461423
3.06517,2,49.489118
1.000813,30,49.962276
0.891431,30,50.395717
1.815907,30,50.843159
1.24866,30,51.27969
0.635338,30,51.758778
3.752932,30,52.213113
1.980496,30,52.665826
0.992895,30,53.128166
2.028451,30,53.574959
1.060432,30,54.032342
2.764192,30,54.469724
2.116152,30,54.908503
1.057746,30,55.372555
1.487191,30,55.807761
0.964286,30,56.236182
6.586441,30,56.702514
0.788216,30,57.162099
2.340038,30,57.608602
1.358134,30,58.071988
3.004431,30,58.494013
0.864416,30,58.975381
1.303334,30,59.406399
1.52169,30,59.85242
1.799395,30,60.296521
2.464874,30,60.755999
1.715588,30,61.20584
1.796264,30,61.646668
1.026599,30,62.080343
1.564357,30,62.526636
1.132351,30,62.973159
1.835371,30,63.413004
1.52436,30,63.848952
4.68548,30,64.304694
0.881835,30,64.743544
3.794865,30,65.19322
1.319336,30,65.630977
1.785973,30,66.120831
1.607183,30,66.555792
0.757295,30,67.013615
2.55898,30,67.443656
1.155333,30,67.924654
3.286715,30,68.384815
1.041288,30,68.813587
3.205278,30,69.244847
1.505539,30,69.7112
3.199972,30,70.154811
1.592393,30,70.583617
1.682183,30,71.040855
1.00004,30,71.509563
0.983791,30,71.956266
0.903089,30,72.383987
0.759319,30,72.818965
4.403903,30,73.323984
1.235729,30,73.75431
2.370115,30,74.185285
0.685135,30,74.607889
1.430601,30,75.103725
2.269566,30,75.542236
1.874047,30,75.989164
1.826177,30,76.421927
3.238038,30,76.904384
0.939485,30,77.358434
2.261621,30,77.797564
3.995931,16,78.041873
1.252911,30,78.547776
1.159275,30,79.033207
1.338591,30,79.528723
1.518423,30,79.975265
1.157082,30,80.436613
3.503055,30,80.87893
2.13262,30,81.323699
0.726806,30,81.760862
1.043873,30,82.248465
1.017538,30,82.710865
1.081491,30,83.173669
2.40134,30,83.59883
1.056165,30,84.086497
0.881455,30,84.536594
1.165556,30,84.987941
0.945122,30,85.414707
0.88415,30,85.893375
1.575778,30,86.335331
1.77986,30,86.749486
1.013518,30,87.197381
2.84866,30,87.656655
0.924456,30,88.095433
1.286303,30,88.549872
1.02862,30,89.003577
0.90997,30,89.458002
1.741756,30,89.920259
2.477331,30,90.354274
1.201017,30,90.815617
1.661787,30,91.317871
0.925607,30,91.753109
1.258889,30,92.190913
0.947086,30,92.62975
4.365796,30,93.123758
2.101109,30,93.563959
1.497677,30,94.006512
2.875786,30,94.447067
0.957322,30,94.923775
0.869324,30,95.36755
1.806696,30,95.802473
1.630609,30,96.233764
0.822059,30,96.695989
1.235681,30,97.175613
1.389474,30,97.61227
1.543973,30,98.058634
1.233126,30,98.531467
1.166154,30,98.989268
0.738457,30,99.449485
0.846658,30,99.888713
6.798201,16,100.145839
2.963322,30,100.584061
1.288832,30,101.030413
2.334689,30,101.462044
0.947833,30,101.936471
1.748089,30,102.37055
1.168943,30,102.830265
1.218029,30,103.287118
0.805184,30,103.755554
1.155645,30,104.216106
0.802954,30,104.645507
1.129579,30,105.111878
2.342948,30,105.569641
2.383294,30,106.012533
2.749525,30,106.433285
1.638225,30,106.885003
1.019038,30,107.36818
0.909751,30,107.845045
1.73265,30,108.290864
0.883051,30,108.748825
1.956367,30,109.240451
0.994871,30,109.667494
2.06626,30,110.12384
1.261195,30,110.557117
1.689316,30,111.092295
1.051749,30,111.650537
1.095835,30,112.2162
1.419941,30,112.774278
1.055989,30,113.287649
0.693932,30,113.740745
1.44546,30,114.207016
2.400476,30,114.764537
0.876033,30,115.331489
2.070206,30,115.807333
1.054985,30,116.379958
0.817733,30,116.876991
1.684466,30,117.386553
3.151816,30,117.858497
1.510294,30,118.445701
1.878413,30,119.002626
1.346204,30,119.51808
0.851668,30,120.084967
1.130179,30,120.597998
2.126308,30,121.163461
0.980272,30,121.643218
2.84672,30,122.120152
1.415191,30,122.664333
3.483548,30,123.152037
1.380934,30,123.632624
4.935837,30,124.139673
3.287128,30,124.65227
0.975666,30,125.21507
2.021847,30,125.705837
1.314351,30,126.23433
1.632681,30,126.781389
1.326272,30,127.335125
6.257571,30,127.800403
1.836182,30,128.316137
1.605721,30,128.889601
1.149739,30,129.44703
1.119426,30,129.943686
5.709153,17,130.209279
1.312775,30,130.6963
1.837539,30,131.183831
1.061168,30,131.708424
1.210632,30,132.274148
2.083597,30,132.847283
1.820007,30,133.300605
1.343167,30,133.771585
1.03844,30,134.240951
1.185892,30,134.796559
1.3649,30,135.258721
1.159017,30,135.775299
1.266675,30,136.236039
1.354719,30,136.738453
2.052583,30,137.238523
4.046431,30,137.704383
1.457752,30,138.265759
1.320512,30,138.868241
0.877741,30,139.43199
1.270179,30,139.941031
6.444588,30,140.643921
1.117664,30,141.40403
2.802221,30,142.028097
1.684966,30,142.767629
0.791424,30,143.420094
2.992762,30,144.04068
1.639425,30,144.569892
2.069394,30,145.131689
1.023944,30,145.660875
1.489166,30,146.185472
1.199384,30,146.667253
2.179778,30,147.164375
3.791706,9,147.293133
1.280838,30,147.747397
4.02506,17,148.056892
1.348764,30,148.348632
6.665616,29,148.473193
0.821187,30,148.644328
8.61622,30,148.808974
0.98936,30,149.029606
2.21399,30,149.538744
2.278986,30,149.759531
1.477597,30,149.905132
4.061571,30,150.10615
5.609713,30,150.256557
3.08504,30,150.367857
1.466104,30,150.48045
1.239651,30,150.611466
0.944997,30,150.743702
0.975662,30,150.899612
1.283623,30,151.040989
1.46395,30,151.195984
1.57112,30,151.337648
1.089625,30,151.476486
1.4095,30,151.622996
1.012583,30,151.780397
1.233159,30,151.923064
0.803859,30,152.061938
1.387294,30,152.206589
2.221592,30,152.386462
1.531513,30,152.529792
1.284313,30,152.67582
3.318649,30,152.857953
4.132376,30,153.100205
3.473087,30,153.241306
2.762626,30,153.379747
0.846666,30,153.51496
4.234153,30,153.660426
4.3495,30,153.793467
1.98444,30,153.935417
3.350747,30,154.302662
4.571968,30,154.455488
2.986001,5,154.478142
1.29485,30,154.613888
2.083685,30,154.763769
1.194789,30,154.931519
2.993751,30,155.116836
0.650237,30,155.252466
1.015857,30,155.393389
1.156498,30,155.571302
1.04276,30,155.74507
1.601123,30,155.914033
2.302996,30,156.063599
5.747713,30,156.227899
1.745773,30,156.386832
1.286685,30,156.534682
1.333799,30,156.66695
0.925158,30,157.115135
0.800262,30,157.260269
2.635605,30,157.408128
1.131637,30,157.567713
2.947937,30,157.800685
2.672019,30,157.989624
2.372847,30,158.103462
1.098275,30,828.697417
2.279633,30,828.861841
0.856066,30,828.997102
0.848529,30,829.131279
0.997828,30,829.295505
1.88791,30,829.441092
0.733546,30,829.574745
1.436745,30,829.707197
1.772377,30,829.835876
2.513625,30,829.981296
1.356824,30,830.111821
2.274821,30,830.239475
1.715108,30,830.381283
1.025172,30,830.53784
1.607517,30,830.691867
2.601981,30,830.876538
0.669136,30,831.086086
1.209231,30,831.481943
6.058896,30,831.659805
3.682439,30,831.800142
1.231402,30,832.107906
1.607743,30,832.646325
1.167754,30,832.946246
0.981314,30,833.192566
2.998487,14,833.342327
3.737139,30,833.876531
3.310982,30,834.053891
0.6874,30,834.228068
1.027936,30,834.558349
0.979107,30,834.743565
0.774132,30,834.893009
0.946699,30,835.036922
1.774756,30,835.175095
1.70008,30,835.333249
1.196097,30,835.47863
1.556897,30,835.62298
2.934379,30,835.765177
1.270492,30,835.947636
2.393259,30,836.090323
1.177671,30,836.246417
1.227014,30,836.42119
1.526618,30,836.619005
2.475245,30,836.766987
4.032142,30,836.925198
1.422149,30,837.096085
1.429736,30,837.278264
0.731237,30,837.549869
0.993135,30,837.718665
1.136405,30,837.92447
1.539188,30,838.119438
1.436642,30,838.315212
0.628227,30,838.511936
0.741041,30,838.669517
0.672622,30,839.026219
1.881943,30,839.242211
0.82823,30,839.477012
0.947071,30,839.667302
0.687412,30,839.816294
1.486402,30,839.982998
0.655825,30,840.107337
1.166231,30,840.229006
0.653355,30,840.477692
1.333982,30,840.672126
3.726977,30,840.849969
4.699334,30,841.015221
2.025122,30,841.181957
0.692777,30,841.305016
3.216713,30,841.427225
2.422592,30,841.54683
1.135132,30,841.709677
1.264473,30,841.829754
2.650337,30,841.989835
2.915328,30,842.126783
0.653494,30,842.256418
1.497168,30,842.388802
0.799684,30,842.514243
2.570494,30,842.643123
1.150721,30,842.804847
1.431795,30,842.945893
1.206359,30,843.06328
5.530982,30,843.227984
1.409874,30,843.602322
0.656527,30,843.75267
1.238099,30,843.914713
1.66219,30,844.083649
2.349273,30,844.240458
6.840322,30,844.402352
2.730275,30,844.5524
1.940416,30,844.7038
0.610268,30,844.869839
0.82635,30,845.025164
1.776203,30,845.222234
0.793965,30,845.374372
1.171968,30,845.572174
2.77037,30,845.734577
1.245195,30,845.882871
1.124858,30,846.037806
1.268738,30,846.199065
1.007607,30,846.344589
0.813145,30,846.491171
2.376349,30,846.644647
0.640909,30,846.806589
1.320498,30,846.95712
0.952006,30,847.106231
1.396958,30,847.251864
1.102161,30,847.421048
2.457016,30,847.572517
0.776818,30,847.721864
2.92007,30,847.872991
4.127132,30,848.040987
0.752205,30,848.196011
1.997108,30,848.354565
0.938672,30,848.518075
0.78821,30,848.689522
2.139913,30,848.842498
1.928416,30,849.008892
0.906414,30,849.163346
2.526716,30,849.329785
5.844054,30,849.496763
1.752884,30,849.649497
1.638283,30,849.812685
1.815351,30,849.978385
3.032532,30,850.129946
0.787553,30,850.278735
3.283845,30,850.432966
0.939195,30,850.610893
1.137647,30,850.777789
2.066599,30,850.945757
2.617572,30,851.141849
1.28826,30,851.326539
5.136829,17,851.422426
1.542988,30,851.590243
1.068302,30,851.761602
1.743147,30,851.94567
0.72864,30,852.078937
7.316466,30,852.207246
1.707723,30,852.343786
5.568973,30,852.491014
1.067849,30,852.670796
0.823245,30,852.805573
1.030046,30,852.9394
0.889984,30,853.086633
0.858745,30,853.221437
2.071886,30,853.351139
1.081478,30,853.494428
1.835542,30,853.643449
1.558157,30,853.775895
0.916004,30,853.912059
0.672477,30,854.076147
0.779105,30,854.213369
3.582471,12,854.261056
1.416882,30,854.36756
1.265616,30,854.474637
0.768755,30,854.626727
1.930182,30,854.744697
0.81558,30,854.85383
0.665977,30,854.963707
1.817327,30,855.094766
1.071436,30,855.212088
1.470044,30,855.328236
1.225017,30,855.446431
1.874256,30,855.617209
0.779847,30,855.779749
1.070714,30,855.967558
1.109137,30,856.127227
1.451225,30,856.300223
1.489332,30,856.458896
1.111534,30,856.620143
1.253795,30,856.774096
2.58969,30,856.94589
1.08959,30,857.111582
1.284971,30,857.266375
1.994017,30,857.422846
2.854696,12,857.509643
1.386064,30,857.681946
1.750455,30,857.876209
0.911518,30,858.072373
1.265143,30,858.275768
1.071414,30,858.463346
1.543181,30,858.635261
3.011028,30,858.793872
3.951723,30,858.969747
0.861448,30,859.136042
0.701307,30,859.322779
3.555456,30,859.503228
0.943469,30,859.693937
2.208101,30,859.869313
1.714816,30,860.038132
1.546696,30,860.196675
1.268355,30,860.370879
0.835331,30,860.536135
1.533061,30,860.723943
1.491903,30,860.908836
0.664581,30,861.106064
0.738847,30,861.310965
1.176446,30,861.495199
1.082296,30,861.664593
3.537379,30,861.858308
2.361768,30,862.046242
1.013715,30,862.228764
1.378535,30,862.412225
1.172717,30,862.609831
1.023217,30,862.76904
0.843307,30,862.927866
2.555911,30,863.092403
0.830263,30,863.266799
1.996782,30,863.430882
0.750698,30,863.584205
1.985961,30,863.74089
0.622638,30,863.910022
2.034083,30,864.066747
1.361078,30,864.219187
0.920906,30,864.378851
2.681374,30,864.54762
2.514937,30,864.702802
0.822796,30,864.861459
1.393386,30,865.016134
0.99415,30,865.190014
0.672569,30,865.346426
1.184527,30,865.503073
2.153683,30,865.655575
4.039332,30,865.825814
1.890321,30,865.977941
1.455522,30,866.132527
2.733921,30,866.285036
2.349981,30,866.456035
0.707035,30,866.608561
2.34035,30,866.761226
0.637824,30,866.918015
1.848577,30,867.088551
0.923058,30,867.24271
2.527206,30,867.398141
1.09298,30,867.55482
0.717468,30,867.724848
0.958901,30,867.88128
1.162583,30,868.036298
1.400942,30,868.189874
1.690262,30,868.360493
4.170532,30,868.515701
0.887755,30,868.669975
0.736223,30,868.829376
1.18813,30,868.994671
0.693711,30,869.155782
0.865292,30,869.314332
5.900052,30,869.472916
0.979336,30,869.637858
1.500455,30,869.793973
1.044336,30,869.953233
1.587898,30,870.108599
0.901687,30,870.274575
1.006828,30,870.433763
3.116563,30,870.589446
0.827101,30,870.742157
0.771092,30,870.919833
1.198232,30,871.089477
1.854099,30,871.256041
0.640003,30,871.41276
0.788126,30,871.593853
1.787238,30,871.767657
1.7679,30,871.937024
0.75812,30,872.101979
1.056412,30,872.280788
0.958364,30,872.448932
1.7503,30,872.614992
5.057802,30,872.782323
1.221182,30,872.955086
4.7117,30,873.11583
0.817295,30,873.275936
3.356779,30,873.45393
0.899045,30,873.624789
1.536895,30,873.77918
0.88208,30,873.957494
0.767513,30,874.15397
1.765055,30,874.326538
0.943052,30,874.482474
1.864457,30,874.636671
1.484809,30,874.791222
2.022967,30,874.956945
0.923127,30,875.11347
1.161214,30,875.269054
1.180322,30,875.423804
1.746832,30,875.589787
2.166077,30,875.74536
1.11293,30,875.898764
0.687642,30,876.055367
1.686533,30,876.222668
1.390186,30,876.388286
0.951555,30,876.568759
2.011827,30,876.749501
4.618309,30,876.931483
2.400705,30,877.108794
1.929686,30,877.275618
2.421877,13,877.342453
1.439447,30,877.511461
2.125883,30,877.670322
1.423845,30,877.824354
8.106569,30,877.978241
1.545394,30,878.148161
0.859258,30,878.303601
2.73047,30,878.458836
3.332331,30,878.611785
1.417476,30,878.77977
0.789837,30,878.932097
1.241499,30,879.086716
1.940632,30,879.239322
4.937712,30,879.408076
1.538204,30,879.572755
2.486109,30,879.742499
1.864802,30,879.914158
3.134095,30,880.098153
4.579986,30,880.258485
1.199958,30,880.436798
0.821754,30,880.611159
3.842582,30,880.921916
3.113589,30,881.090322
0.96695,30,881.291009
1.430759,30,881.580771
0.923216,30,881.816802
1.028927,30,882.019792
1.183613,30,882.202621
3.835115,30,882.391755
2.517626,30,882.593881
2.093415,30,882.782238
1.766878,30,882.968488
1.407582,30,883.161078
1.031754,30,883.363682
1.100682,30,883.550838
1.284958,30,883.741995
3.3915,30,883.926661
4.969677,30,884.131157
1.043039,30,884.33199
1.234441,30,884.52364
4.73142,30,884.70917
0.686098,30,884.907067
1.248564,30,885.099536
1.825165,30,885.284626
3.088168,30,885.478417
1.579445,30,885.711059
3.551438,30,885.895152
2.644121,30,886.082298
1.487807,30,886.270344
0.864283,30,886.470332
6.45498,30,886.656307
1.577608,30,886.845183
2.45004,30,887.01347
0.978317,30,887.180043
5.493265,30,887.332915
0.857781,30,887.49066
0.945968,30,887.650483
2.044734,30,887.820313
2.351021,30,887.973205
3.537722,5,888.003211
1.356033,30,888.161301
1.524095,30,888.330568
1.080194,30,888.486258
1.050267,30,888.640511
0.838146,30,888.79662
1.22627,30,888.97708
3.223032,30,889.157465
3.373768,30,889.331101
4.075293,30,889.496441
0.974464,30,889.68102
1.341839,30,889.851102
2.343364,30,890.0095
1.922285,30,890.179854
0.904731,30,890.354524
0.805494,30,890.516296
1.859276,30,890.676315
4.458586,30,890.828397
1.509484,30,890.998844
1.22212,30,891.159224
4.518402,20,891.279722
4.213086,30,891.450564
2.09107,30,891.625256
5.100291,30,891.778891
1.207712,30,891.935105
2.322926,30,892.157087
0.935473,30,892.361471
1.131156,30,892.526725
2.879876,30,892.686389
2.495188,30,892.843422
3.989586,14,892.926728
2.612011,30,893.083533
1.146346,30,893.24666
4.288523,30,893.414056
2.428884,30,893.592971
2.81803,30,893.752373
1.447282,30,893.91344
5.970983,30,894.08263
5.588913,30,894.26532
1.359109,30,894.443114
4.008267,22,894.567367
3.470172,30,894.745511
5.56975,30,894.965993
1.671413,30,895.155735
2.504839,30,895.352281
1.883247,30,895.562452
1.051914,30,895.875012
2.68192,30,896.175989
0.931954,30,896.443867
2.173895,30,896.624722
0.885519,30,896.915713
0.865008,30,897.17645
4.046165,30,897.340737
1.465578,30,897.564901
2.741118,30,897.727664
1.401045,30,897.880037
6.971563,30,898.027685
0.905056,30,898.170884
4.19679,30,898.335568
2.660412,30,898.48703
2.369753,30,898.629128
3.347088,30,898.786245
0.984312,30,898.942632
3.06543,30,899.132142
1.738728,30,899.422867
1.271719,30,899.589461
7.631903,30,899.744178
3.868999,10,899.78881
3.268022,30,899.93033
6.933165,24,900.163647
2.504266,30,900.679387
1.233049,30,900.918301
4.127261,30,901.085365
1.917266,30,901.238162
3.29701,30,901.406044
1.062326,30,901.545885
5.785454,30,901.653289
1.011547,30,901.761429
1.127885,30,901.915573
1.584488,30,902.073189
2.699326,30,902.284585
2.42494,30,902.52201
1.070042,30,902.79137
4.369672,30,903.032021
1.240669,30,903.31889
2.838218,30,903.810818
1.454954,30,904.026509
1.017649,30,904.199366
1.367624,30,904.389169
2.305747,30,904.623562
2.139928,30,904.83789
2.56535,30,905.038113
5.671136,30,905.237755
1.851905,30,905.497626
1.183613,30,905.740616
0.811956,30,905.948668
1.381408,30,906.219711
2.365693,30,906.438446
6.056677,30,906.851301
0.852448,30,907.014228
2.015985,30,907.170291
2.435449,30,907.317916
1.098881,30,907.514657
1.847604,30,907.654323
2.898022,30,907.800533
1.309564,30,907.93594
2.767238,30,908.086443
5.696845,30,908.228688
0.903292,30,908.359116
1.263,30,908.526339
2.082963,30,908.732159
3.096186,30,908.97168
1.169542,30,909.204649
2.327107,30,909.444562
5.796513,30,909.740911
4.098077,30,909.891675
3.352016,30,910.045317
6.880522,30,910.181973
5.681632,30,910.326415
2.236384,30,910.46121
4.246653,30,910.590707
4.172732,30,910.750258
1.981424,30,910.924197
12.678896,30,911.091614
1.08823,30,911.230404
1.624793,30,911.389743
8.400719,27,911.544592
5.477749,14,911.614488
5.451729,30,911.791605
1.698888,30,911.938313
1.984348,30,912.124285
4.822502,30,912.263725
10.307937,30,912.403564
1.536139,30,912.543894
7.10471,30,912.692649
5.084178,14,912.762285
7.90865,30,912.903363
3.225271,30,913.033225
1.488705,30,913.174222
1.923965,30,913.30226
1.447465,30,913.43411
4.450261,17,913.506088
3.694601,15,913.585992
6.922218,29,913.729417
5.991874,18,913.810203
7.709787,30,913.941593
9.962914,27,914.076941
1.428203,30,914.207961
1.5019,30,914.341161
0.740349,30,914.471707
9.591453,30,914.626176
6.185056,30,914.768827
6.363775,30,914.91249
9.117909,30,915.063416
7.626959,30,915.1912
0.96312,30,915.30213
6.063474,30,915.428875
2.236401,30,915.546854
3.898724,30,915.682142
1.574737,30,915.804026
1.958216,30,915.924046
2.005088,30,916.049289
1.899312,30,916.178394
6.876589,15,916.236611
1.730867,30,916.350556
4.072729,30,916.460973
4.31049,28,916.575734
2.396099,10,916.61368
2.276013,30,916.728797
3.249287,30,916.84053
4.46304,16,916.91156
2.786191,30,917.022495
7.427968,30,917.149075
6.207429,23,917.255025
5.00681,30,917.410085
6.927089,30,917.545976
1.662675,30,917.690766
6.301527,30,917.827682
1.715309,30,917.97859
6.392505,30,918.11755
2.306539,30,918.25564
1.69914,30,918.395558
5.171571,27,918.530877
6.169951,30,918.673055
1.243835,30,918.806861
3.714977,30,918.945329
1.402138,30,919.100236
4.024111,30,919.237955
0.844531,30,919.374828
1.933054,30,919.517011
1.540333,30,919.667775
4.288109,30,919.803948
3.761648,30,919.940759
2.681622,30,920.084602
2.981646,11,920.146907
1.464335,30,920.285195
1.380255,30,920.421426
5.368932,30,920.556995
1.784196,30,920.71409
4.865169,30,920.850922
6.274112,30,920.987442
6.256631,30,921.129987
8.175388,5,921.158658
7.320399,30,921.309068
5.397171,30,921.444975
2.684372,20,921.535787
2.016383,30,921.695996
6.769701,30,921.838533
2.452992,10,921.888102
2.296285,16,921.963515
5.001193,30,922.107891
4.403479,27,922.219237
5.283989,30,922.704315
8.718394,30,923.208069
3.138743,30,923.649458
7.384119,30,924.081569
2.529462,30,924.574845
4.821303,30,925.199435
2.898298,18,925.526156
1.961128,30,925.977669
1.410079,30,926.481016
6.060689,30,927.072307
2.511448,12,927.323829
6.628003,30,927.909652
1.783249,30,928.482856
2.48805,30,929.057868
2.080934,30,929.55718
1.602675,30,930.018225
6.787245,19,930.315436
5.009785,30,930.819322
1.297289,30,931.373668
8.836605,29,931.801976
4.02417,11,931.958909
2.695846,30,932.509931
2.462285,30,932.991341
0.882298,30,933.433821
0.823246,30,933.906626
7.303388,30,934.37231
7.058654,24,934.794554
5.824183,30,935.3339
8.910335,30,935.89028
2.728273,30,936.36111
7.259831,30,936.895064
1.04821,30,937.390068
4.734609,26,937.807078
5.24228,30,938.27821
4.547342,19,938.589593
8.32463,30,939.102172
5.835724,21,939.457814
5.194671,28,939.864852
6.338672,30,940.378741
7.346819,24,940.731468
8.470842,30,941.248578
5.916993,30,941.782203
5.623478,28,942.275993
7.149566,30,942.776934
7.278911,30,943.296846
2.261079,30,943.748379
2.23197,30,944.251146
1.453735,30,944.690048
1.368306,30,945.127077
4.099042,9,945.252402
4.516407,19,945.586298
7.519224,20,945.914732
6.049142,27,946.357835
6.542345,23,946.700692
4.607551,10,946.888123
4.225223,30,947.376056
2.631036,30,947.839222
2.022009,30,948.286046
5.983572,30,948.716623
2.177395,30,949.050834
6.754723,30,949.386029
6.946043,30,949.682916
7.540978,29,949.947468
5.24743,22,950.135369
6.230953,23,950.462603
6.988547,30,950.933161
4.108762,15,951.210068
8.181263,30,951.693893
2.569788,30,952.159649
3.223646,30,952.613672
4.078759,30,953.065681
7.705643,30,953.531072
4.295629,19,953.809518
1.937716,30,954.290817
6.282199,30,954.770197
4.241786,30,955.21103
14.920556,20,955.489291
3.765368,30,955.926647
3.780497,30,956.39782
3.197459,30,956.826437
3.032259,7,956.953912
4.76581,30,957.485359
5.929983,30,957.946759
1.671864,30,958.369857
8.387961,30,958.84139
4.002436,30,959.329379
4.53921,28,959.774425
5.928161,30,960.245735
5.353205,30,960.725888
1.407201,30,961.369241
7.325443,30,961.8735
7.950854,30,962.333961
7.325335,30,962.786091
9.149806,24,963.156218
8.002838,30,963.651435
4.476235,30,964.120008
3.614634,30,964.57257
3.26993,10,964.740503
1.85577,30,965.302375
5.620831,30,965.771888
1.730545,30,966.245754
2.721682,30,966.714236
4.748612,30,967.240942
2.637313,30,968.198383
4.68852,9,968.343597
4.604404,30,968.863115
4.283877,30,969.347813
2.07708,30,969.829419
0.908336,30,970.275906
1.119141,30,970.72008
10.490489,30,971.204181
5.722543,30,971.649667
5.322882,30,972.108662
1.547887,30,972.561804
6.316032,22,973.009019
13.206811,9,973.181352
2.772172,30,973.732528
3.250876,30,974.325007
9.901453,30,975.044286
3.976599,30,975.710226
5.871854,30,976.329215
5.642604,30,976.938154
1.86279,30,977.65431
6.367904,29,978.258165
2.761961,12,978.49089
7.956202,27,979.003124
3.358225,30,979.577415
9.786024,22,979.955482
7.736419,30,980.473611
4.234221,30,980.988506
8.54211,30,981.565448
4.613005,30,982.190009
7.02446,30,983.006538
1.714032,30,984.062338
5.310623,28,984.773563
2.351059,30,985.576824
4.187882,30,986.104445
2.859294,16,986.373706
5.970266,26,986.782864
7.840442,30,987.225306
1.8203,30,987.81881
4.714781,30,988.402104
4.620098,30,988.975965
7.042549,30,989.570875
2.50032,30,990.10997
2.988409,30,990.737518
2.305227,30,991.515378
3.296386,20,991.975368
4.271656,30,992.612367
7.93576,30,993.33797
5.280638,30,993.855392
2.317821,30,994.352435
6.490386,24,994.708547
2.355281,30,995.518667
2.620618,16,995.946096
1.940501,30,996.904058
1.379142,30,997.682504
2.820105,30,998.361101
1.629335,30,998.905424
5.237215,30,999.386632
4.856488,30,999.861497
7.923357,23,1000.243444
8.855011,29,1000.711999
1.111835,30,1001.191294
6.713442,30,1001.687648
1.261396,30,1002.160828
7.58288,30,1002.660948
2.752327,30,1003.132688
6.240045,30,1003.616228
13.368651,30,1004.235823
2.059516,30,1004.906492
8.180762,29,1005.377179
1.159383,30,1005.816509
8.899904,30,1006.250303
5.92641,30,1006.737821
4.845425,11,1006.935795
2.725905,30,1007.437907
5.00643,10,1007.600547
2.158957,4,1007.701013
1.791778,30,1008.175016
6.530967,29,1008.610429
2.453855,30,1009.053909
1.266806,30,1009.525583
4.813806,15,1009.751352
3.560479,30,1010.250865
10.140528,26,1010.693141
1.813634,30,1011.189365
4.004942,16,1011.431901
5.364633,30,1011.893467
13.609496,29,1012.452263
8.332065,30,1013.005643
4.968409,30,1013.542405
3.253112,30,1014.105136
1.569339,30,1014.633775
8.266857,30,1015.137265
12.730989,30,1015.56434
7.314785,24,1015.923389
5.59311,30,1016.36165
1.720719,30,1016.817461
5.757096,30,1017.28129
1.98822,30,1017.752167
4.334515,30,1018.225547
5.179523,30,1018.718514
3.971219,8,1018.834284
3.919741,30,1019.277463
2.537002,30,1019.736975
3.966363,23,1020.153398
7.370213,27,1020.575748
3.638807,27,1021.015099
1.981616,30,1021.486377
4.935203,11,1021.66697
2.010058,30,1022.128252
3.850299,17,1022.381317
5.104899,30,1022.847342
3.233071,30,1023.336163
2.156834,30,1023.792668
4.941306,24,1024.164171
6.846464,26,1024.603606
6.215076,9,1024.794142
5.483597,30,1025.336274
6.193814,21,1025.70243
4.625207,30,1026.178312
3.072109,19,1026.497662
5.688186,30,1027.001257
10.399855,30,1027.497955
5.307745,30,1027.998072
3.546012,30,1028.542864
3.98634,30,1029.015958
5.734384,15,1029.258137
2.599676,15,1029.560705
1.885064,30,1030.09855
3.47355,16,1030.349828
1.251571,30,1030.827349
3.155812,23,1031.192826
5.036316,19,1031.521518
2.07686,30,1031.999725
4.035017,23,1032.348013
2.374724,30,1032.810053
1.523447,30,1033.302053
8.272003,22,1033.630057
2.756108,30,1034.339501
1.701456,30,1034.969838
1.257133,30,1035.496883
3.528543,30,1036.095005
6.778981,30,1036.57017
1.624115,30,1037.111114
7.544985,23,1037.635413
5.724858,19,1037.95217
4.629799,14,1038.178883
1.744865,30,1038.646745
3.740121,13,1038.860705
1.469736,30,1039.450528
2.369361,30,1039.913044
5.592825,15,1040.14105
3.397133,30,1040.61894
5.578192,30,1041.067651
4.995392,30,1041.578353
7.966381,30,1042.053284
4.137517,12,1042.274696
3.984348,30,1042.812442
6.754642,25,1043.217925
9.768242,26,1043.620075
10.551975,20,1043.953786
3.746926,30,1044.46403
7.67531,29,1044.90912
2.738162,8,1045.035552
1.899311,30,1045.525503
1.61746,30,1045.984793
5.509012,26,1046.392479
2.155083,30,1046.817543
11.110252,30,1047.401447
1.513724,30,1047.838782
6.227655,30,1048.302495
6.868521,30,1048.740497
9.318903,30,1049.217292
5.153366,25,1049.586039
7.924098,30,1050.011086
5.896237,30,1050.438869
9.404994,30,1050.937958
8.162847,30,1051.394166
7.941808,30,1051.816603
6.961746,23,1052.137429
2.612279,30,1052.597797
2.849697,30,1053.035702
5.830748,30,1053.475461
9.244445,29,1053.912537
6.825798,30,1054.367562
2.363517,30,1054.799588
7.602081,30,1055.246269
1.336157,30,1055.676461
10.104995,30,1056.134267
3.208824,30,1056.553756
1.954476,30,1056.973859
2.028108,30,1057.429632
11.403811,30,1057.879001
3.410282,13,1058.060968
5.149766,11,1058.223591
8.630892,30,1058.649955
2.8788,30,1059.124373
4.197762,12,1059.299105
10.82321,29,1059.721562
6.006055,30,1060.140555
9.305878,30,1060.580459
3.355773,15,1060.801635
2.413588,2,1060.831155
3.995441,8,1060.943262
4.810458,30,1061.414421
5.705425,9,1061.543056
2.786344,7,1061.641442
7.118817,24,1061.978491
2.224395,30,1062.449074
8.456942,19,1062.722433
2.29166,30,1063.150877
9.978737,30,1063.590931
2.602172,30,1064.049579
2.19896,30,1064.513016
1.456702,30,1064.937167
1.446971,30,1065.368092
1.76186,30,1065.838835
2.253219,30,1066.266443
2.490152,12,1066.435189
3.014761,11,1066.5865
5.139234,13,1066.807403
8.012149,30,1067.264304
1.928687,30,1067.720467
1.822659,30,1068.163266
8.641157,20,1068.481243
6.209708,30,1068.905481
6.114881,14,1069.101261
14.561776,27,1069.501647
6.036518,28,1069.92962
3.725789,30,1070.353849
8.025971,17,1070.599245
6.718448,30,1071.021247
1.176277,30,1071.509634
6.731868,30,1071.94967
1.762189,30,1072.38048
5.892113,30,1072.81122
3.14592,30,1073.297931
4.427466,30,1073.748911
7.07251,26,1074.142517
9.381436,30,1074.696312
4.810233,30,1075.236285
6.459824,30,1075.728463
1.706613,30,1076.242813
8.405568,30,1076.706362
4.306464,30,1077.278001
5.960495,22,1077.631278
5.319941,26,1078.027308
8.106754,30,1078.498821
4.229621,30,1079.052574
4.299284,30,1079.61738
7.152859,30,1080.183743
2.689635,30,1080.728138
3.269774,30,1081.314135
1.953048,30,1081.860265
7.61157,21,1082.277307
4.451859,14,1082.530169
1.753824,30,1083.231105
6.38485,30,1083.826339
9.198974,30,1084.400268
9.960592,30,1084.972996
1.229846,30,1085.513036
7.070668,30,1086.039391
4.687493,19,1086.393629
8.146553,30,1086.989387
9.957657,30,1087.678237
4.817321,30,1088.438087
9.33685,30,1089.281289
5.244913,30,1089.929449
9.139023,26,1090.510416
6.302157,30,1091.150584
9.121039,30,1091.706563
7.251947,30,1092.390269
6.476201,23,1092.823225
5.893787,30,1093.40952
5.387352,30,1093.957877
6.766535,30,1094.520157
9.564096,30,1095.147877
2.571365,30,1095.745019
2.740706,10,1095.962161
5.7179,30,1096.533854
5.019288,30,1097.077
4.899775,11,1097.28912
2.351731,30,1097.752082
7.951026,30,1098.207249
5.711583,30,1098.681841
8.667706,30,1099.163837
1.528727,30,1099.619973
6.881886,30,1100.073925
7.284798,29,1100.524524
3.498179,30,1101.020216
4.740519,15,1101.275517
5.584098,29,1101.705819
8.403719,15,1101.957447
3.918581,18,1102.238158
7.970483,30,1102.691842
5.84309,30,1103.143172
7.626337,30,1103.605263
3.115045,30,1104.054581
3.148078,15,1104.29969
3.476487,30,1104.747524
4.590346,13,1104.972093
3.380669,7,1105.086096
4.548196,14,1105.301492
1.052989,30,1105.828868
1.420218,30,1106.376938
6.841182,21,1106.749077
4.821924,19,1107.0686
1.810295,30,1107.575038
1.931943,30,1108.099205
1.950671,30,1108.617537
7.692022,14,1108.872842
1.545702,30,1109.356221
3.363775,9,1109.543856
6.489275,24,1109.926887
2.713734,8,1110.060699
2.874827,30,1110.632434
5.19853,23,1111.08141
6.839305,30,1111.99204
5.452816,15,1112.502767
7.476273,23,1113.100515
4.476296,17,1113.412991
6.270363,30,1113.91984
4.068135,30,1114.432547
8.594816,23,1114.820375
8.30879,30,1115.299424
2.856214,30,1115.816575
3.432713,30,1116.277202
3.274737,24,1116.661512
1.739819,30,1117.149275
8.246141,26,1117.594368
3.114459,30,1118.078487
1.881767,30,1118.668439
8.471538,26,1119.145337
6.859302,30,1119.741789
1.706114,30,1120.318357
2.281413,2,1120.36259
3.556433,13,1120.573349
7.557219,24,1121.037618
5.825877,25,1121.544689
2.177479,30,1122.05007
4.590635,3,1122.110507
5.417228,30,1122.537515
6.926216,30,1122.959503
5.305995,30,1123.407826
2.417602,30,1123.845529
4.557001,26,1124.220469
5.290671,30,1124.635851
2.990219,30,1125.063257
1.50008,30,1125.508997
4.977322,30,1125.941565
6.215488,20,1126.232919
7.489219,30,1126.651496
1.837593,30,1127.121927
4.130071,30,1127.582862
6.492678,23,1127.950375
1.686582,30,1128.382525
1.884679,30,1128.813108
6.226477,30,1129.305737
7.220521,15,1129.528893
10.444642,30,1130.02811
4.580733,30,1130.508491
4.519516,27,1131.028928
2.441468,30,1131.810843
1.298189,30,1132.335463
4.41616,18,1132.709263
5.236663,30,1133.211174
5.383932,30,1133.696597
4.007769,30,1134.205328
1.291597,30,1134.673766
8.031143,30,1135.134258
5.551516,30,1135.618955
5.002584,30,1136.147151
4.147906,30,1136.749344
4.081226,30,1137.19246
3.192473,30,1137.748511
2.166876,30,1138.352424
2.14711,30,1138.953449
8.598205,24,1139.386043
4.134882,26,1139.790922
2.729009,30,1140.271413
3.903138,15,1140.496121
5.800369,18,1141.209169
1.624881,30,1141.646864
1.803786,30,1142.151348
0.995673,30,1142.694179
2.627606,30,1143.145574
8.431871,13,1143.357574
1.091485,30,1143.843994
1.774418,30,1144.317748
7.847089,14,1144.530757
4.832299,30,1145.012415
1.937041,30,1145.472244
8.334369,27,1145.919718
3.692386,13,1146.110058
7.748017,23,1146.466877
1.996584,9,1146.593933
2.401026,5,1146.672387
6.038687,27,1147.054322
2.75841,30,1147.493474
11.756381,28,1147.886116
1.2608,30,1148.31533
3.540238,30,1148.741773
1.242727,30,1149.182208
2.922158,30,1149.632572
1.456649,30,1150.076294
4.457192,30,1150.503935
2.704168,30,1150.93083
5.270576,30,1151.419251
3.038841,30,1151.860802
3.909128,9,1151.985316
3.655246,30,1152.410672
4.976561,16,1152.634581
6.270826,30,1153.060983
2.508156,30,1153.50519
3.47429,10,1153.641958
2.127627,30,1154.072157
1.492902,30,1154.53015
5.965924,30,1154.991835
2.353072,30,1155.538192
1.920852,30,1156.049239
7.676553,30,1156.516242
9.34379,30,1156.945092
6.606518,30,1157.388642
2.223365,30,1157.827692
1.477762,30,1158.256587
3.890845,26,1158.621422
4.042449,30,1159.04754
1.555133,30,1159.508296
3.10089,30,1160.171257
7.197946,30,1160.748814
1.792459,30,1161.333298
1.809956,30,1161.869536
3.935984,30,1162.36335
2.251373,30,1162.909491
8.225211,30,1163.459068
6.459399,30,1164.003087
3.271492,10,1164.195773
5.525043,30,1164.749736
3.376273,30,1165.314799
3.459714,17,1165.61469
1.308515,30,1166.038041
5.270203,24,1166.401809
5.593769,30,1166.829676
4.103904,20,1167.107454
5.041313,19,1167.381991
5.60904,21,1167.692225
3.690765,18,1167.959499
7.302837,30,1168.39824
3.700267,18,1168.648517
2.982668,30,1169.077926
4.211636,16,1169.319412
5.076144,10,1169.462407
4.976373,30,1169.872413
4.717055,30,1170.282583
3.64204,30,1170.594091
7.394161,30,1170.879389
10.526283,25,1171.111446
7.892766,30,1171.390408
12.812343,29,1171.644143
5.125983,30,1171.878891
7.510515,21,1172.041611
5.692807,17,1172.174227
2.077403,30,1172.412976
2.656861,30,1172.613014
4.481265,30,1172.819342
5.257288,19,1172.946027
7.854895,30,1173.142744
5.675785,30,1173.521801
5.574636,30,1173.991171
11.315232,30,1174.455123
5.149661,28,1174.848539
2.297256,30,1175.283174
4.591574,30,1175.723727
4.169788,14,1175.946844
7.408921,30,1176.42737
2.978678,30,1176.852225
7.307816,18,1177.123729
1.424639,30,1177.541414
2.989396,6,1177.624354
7.00638,30,1178.035531
4.600389,30,1178.545668
5.607374,30,1179.119165
3.552303,30,1179.670991
10.570087,30,1180.228449
5.844813,21,1180.619283
5.454848,14,1180.875219
2.033141,30,1181.500623
5.802377,30,1182.05162
7.872568,30,1182.618217
7.253163,30,1183.198746
5.530478,30,1183.738767
2.028859,30,1184.3013
2.731669,30,1184.882681
4.970056,30,1185.436662
6.133036,30,1185.98922
1.667135,30,1186.553969
3.243216,30,1187.129627
5.678062,30,1187.704291
4.607627,24,1188.171307
1.535244,30,1188.717988
4.092064,30,1189.274525
1.965651,30,1189.822842
4.457213,30,1190.349249
3.453104,30,1190.895593
2.950469,30,1191.450132
4.205319,30,1191.997719
9.86859,21,1192.398319
7.562468,30,1192.94003
5.503917,30,1193.492891
3.918379,30,1194.039402
2.864442,30,1194.599022
12.394139,22,1195.001315
9.516266,30,1195.559494
3.355359,30,1196.105948
7.024619,30,1196.669751
1.358561,30,1197.222422
5.393842,30,1197.753279
6.530251,30,1198.247886
6.221187,30,1198.801246
3.745524,30,1199.352146
7.985741,26,1199.830987
7.345309,21,1200.232416
4.465931,26,1200.704221
4.931539,27,1201.199554
7.236973,28,1201.7148
4.238893,30,1202.272901
6.232773,30,1202.828449
2.50069,30,1203.375523
7.194417,24,1203.811365
7.029262,30,1204.369587
7.276364,30,1204.917483
6.096179,17,1205.232715
5.28523,30,1205.676882
2.960271,30,1206.11796
8.458506,30,1206.681228
2.549266,30,1207.214712
16.863797,22,1207.619928
4.877806,30,1208.181384
6.366185,30,1208.72487
5.396977,26,1209.210017
5.282121,30,1209.774561
4.980637,30,1210.303861
7.839328,30,1210.738684
3.425486,12,1210.948258
6.816992,30,1211.517218
1.803621,30,1212.061095
3.510904,16,1212.354087
3.479377,30,1212.901087
1.694929,30,1213.46867
5.747129,19,1213.812621
10.951885,29,1214.355985
1.352504,30,1214.902673
5.75201,30,1215.457502
5.405623,24,1215.896327
8.38064,29,1216.441029
1.228742,30,1216.993288
5.08588,30,1217.54081
2.642347,6,1217.649342
10.130372,30,1218.209348
2.18631,30,1218.762342
1.917872,30,1219.319367
7.526132,22,1219.715777
2.131636,30,1220.281772
5.360659,30,1220.832996
2.618969,30,1221.383858
3.493255,2,1221.421069
5.750455,30,1221.969636
2.64606,6,1222.077415
3.307422,30,1222.649128
13.698719,30,1223.20319
6.673399,22,1223.600186
3.404644,30,1224.155902
9.202278,30,1224.712015
7.19686,18,1225.038258
1.807098,30,1225.59094
3.322621,18,1225.925724
4.186058,30,1226.48698
4.136644,24,1226.928911
5.25989,21,1227.323896
5.145178,8,1227.474361
2.284125,30,1228.021217
6.441282,30,1228.568312
3.172797,30,1229.119542
4.933129,30,1229.669963
12.787136,30,1230.227121
5.303085,30,1230.775673
1.330736,30,1231.322829
1.744124,30,1231.867815
2.638846,30,1232.434404
5.344453,30,1232.980874
2.507844,30,1233.529386
3.564345,21,1233.913489
5.671794,30,1234.475444
8.223053,30,1235.022786
1.761533,30,1235.572857
3.030575,30,1236.124012
4.067131,30,1236.569764
1.17697,30,1237.000059
3.558387,13,1237.189453
3.593757,10,1237.329656
1.502691,30,1237.824721
7.315381,30,1238.329427
6.686735,30,1238.802568
5.948323,30,1239.304978
4.046993,30,1239.851676
8.040945,30,1240.398854
1.631675,30,1240.906193
2.132636,30,1241.388919
4.503726,30,1241.939445
1.843789,30,1242.484931
5.277763,30,1242.974745
2.381711,30,1243.422257
5.322636,19,1243.776416
7.851175,30,1244.329574
8.547502,30,1244.866066
2.578219,30,1245.342045
7.409693,30,1245.801296
4.430125,30,1246.254507
2.003932,30,1246.696192
9.437931,30,1247.181685
5.694399,30,1247.62412
9.611178,30,1248.127489
2.982936,30,1248.668908
5.252341,10,1248.854834
8.146721,30,1249.35504
1.469948,30,1249.794231
4.732871,30,1250.223355
3.856303,20,1250.502668
1.914557,30,1250.927372
4.374832,30,1251.368142
7.387206,30,1251.790501
2.03892,30,1252.23218
6.150233,30,1252.670881
4.551418,6,1252.755797
4.077597,30,1253.211519
4.067215,16,1253.4714
3.696397,13,1253.655454
7.656282,30,1254.070827
8.49723,24,1254.425579
2.374224,30,1254.860028
7.976123,30,1255.378884
3.802516,30,1255.831485
1.652102,30,1256.288153
3.341531,30,1256.707344
8.770648,30,1257.136645
2.894219,10,1257.289574
2.340994,30,1257.729186
8.157376,29,1258.151248
6.622522,30,1258.581429
6.072611,30,1258.99906
9.352413,28,1259.39461
2.895484,30,1259.830435
6.662825,30,1260.403349
1.507905,30,1260.835093
2.627019,12,1261.013613
10.090621,30,1261.463054
4.19994,30,1261.877983
5.868041,17,1262.112321
2.238453,30,1262.534077
2.154268,30,1262.975175
2.975813,30,1263.407291
2.663764,30,1263.826456
1.67219,30,1264.258041
3.419394,30,1264.679322
7.308426,30,1265.121352
1.641954,30,1265.565593
1.154755,30,1265.987906
1.412443,30,1266.4173
8.489637,30,1266.842511
2.476951,30,1267.279058
1.822631,30,1267.709413
9.771514,19,1267.984064
5.22431,30,1268.436875
1.661562,30,1268.857899
6.143503,30,1269.296547
3.892529,30,1269.753778
4.371094,25,1270.126548
6.627671,22,1270.44712
7.854066,17,1270.686673
5.295727,29,1271.095331
4.118244,30,1271.52866
0.97903,30,1271.944467
9.394589,30,1272.380848
4.070478,30,1272.799221
6.309257,30,1273.225972
10.296505,29,1273.633098
7.054022,24,1273.972281
3.672827,11,1274.160361
3.28042,30,1274.638624
4.25421,14,1274.835195
5.376785,30,1275.263929
2.778867,5,1275.341175
3.572317,30,1275.795326
5.473702,30,1276.237824
4.202051,30,1276.661998
4.911727,30,1277.092899
2.10159,30,1277.519946
5.631945,30,1277.945023
7.245189,30,1278.413469
2.365431,30,1278.833012
3.347865,30,1279.265141
2.847789,30,1279.695104
11.983497,28,1280.100303
2.375415,30,1280.53864
6.687521,30,1280.978908
1.840885,30,1281.401514
3.745821,13,1281.585846
3.604011,30,1282.005471
5.665045,30,1282.4273
15.656582,23,1282.756382
4.396317,30,1283.189656
6.052966,30,1283.61863
4.653552,29,1284.028506
4.232935,30,1284.449422
4.328283,30,1284.867702
2.996834,30,1285.299536
15.001359,28,1285.696509
4.516895,1,1285.710489
4.372468,30,1286.137648
2.841551,30,1286.58212
1.587458,30,1287.008931
6.562962,30,1287.442497
6.003893,30,1287.874842
1.809223,30,1288.309138
9.756991,30,1288.734888
4.812498,30,1289.162885
3.272116,30,1289.580825
2.320048,30,1290.0592
5.164826,28,1290.459525
7.54687,30,1290.88644
3.947499,30,1291.320894
7.840921,30,1291.744898
3.498309,9,1291.889373
1.645836,30,1292.325527
1.969841,30,1292.745427
4.237847,17,1292.990108
2.618506,15,1293.24878
2.109003,30,1293.737704
4.6557,30,1294.232579
7.232556,30,1294.706486
2.160808,30,1295.140322
2.437884,30,1295.57295
7.417615,16,1295.843743
5.199671,21,1296.151476
13.315196,30,1296.653785
8.353459,30,1297.15001
3.267457,13,1297.340246
11.735199,19,1297.602184
2.866892,30,1298.029687
1.849127,30,1298.466663
5.83554,30,1298.883898
5.878141,30,1299.317228
1.485746,30,1299.743407
6.077249,30,1300.543216
1.936414,30,1300.979418
6.985522,30,1301.419031
5.143381,30,1301.844408
1.473102,30,1302.275392
3.92983,14,1302.468277
9.600858,30,1302.886907
3.301707,30,1303.313687
2.260208,30,1303.730602
1.786096,30,1304.169065
1.437586,30,1304.606126
12.148195,26,1304.967197
4.516476,30,1305.392076
9.317309,18,1305.640822
1.85049,30,1306.068752
3.171892,13,1306.277091
6.585748,30,1306.693388
4.912136,30,1307.146766
3.384401,30,1307.567232
5.032316,28,1307.985481
2.845532,30,1308.418107
4.288251,30,1308.835463
9.886626,30,1309.26812
3.106801,30,1309.705316
4.595953,30,1310.13567
8.070071,30,1310.555958
2.15678,30,1310.979479
1.888651,30,1311.403522
5.034284,25,1311.752107
9.174985,30,1312.180808
4.434742,30,1312.613473
1.502596,30,1313.040395
2.47227,30,1313.466857
3.50646,30,1313.88443
1.774677,30,1314.307685
2.439775,30,1314.731924
2.946993,7,1314.830948
2.624735,30,1315.263975
2.889573,30,1315.693633
10.154989,18,1315.96313
4.468664,30,1316.383446
5.47733,30,1316.799132
1.953099,30,1317.221704
1.063105,30,1317.689428
8.585779,23,1318.015447
4.095655,18,1318.267271
4.266273,17,1318.513851
7.754799,30,1318.937065
1.946367,30,1319.373326
2.396311,30,1319.792451
8.147725,19,1320.057846
2.287741,3,1320.104445
3.505888,30,1320.531847
6.682975,25,1320.896137
9.184237,30,1321.338464
5.5531,30,1321.773043
1.983374,30,1322.204344
1.093035,30,1322.623099
5.505702,30,1323.040617
3.744589,30,1323.490106
2.447704,30,1323.914862
1.600562,30,1324.338849
3.376633,8,1324.452148
5.948661,30,1324.871632
4.306263,30,1325.290056
5.852403,24,1325.623758
4.102183,6,1325.709371
6.034669,30,1326.149701
2.294262,30,1326.582862
6.992122,30,1327.004838
3.401768,30,1327.429677
4.925197,30,1327.852268
3.115887,30,1328.287076
6.384335,24,1328.627924
1.839307,30,1329.04726
3.332777,11,1329.206891
6.426196,30,1329.627578
2.501909,30,1330.045068
5.361158,23,1330.387925
2.69006,13,1330.567817
11.261486,30,1331.049543
7.093742,30,1331.472845
2.073132,30,1331.901458
2.659622,30,1332.34283
4.751996,30,1332.760024
3.462256,7,1332.86446
7.280444,19,1333.135218
2.001709,30,1333.560733
5.690227,30,1333.974953
1.604157,30,1334.409875
1.668689,30,1334.831673
3.225626,30,1335.264486
1.324499,30,1335.688863
1.573191,30,1336.127187
5.603309,30,1336.546612
4.624135,30,1336.974611
5.903654,30,1337.397568
1.771961,30,1337.82639
5.527822,30,1338.256767
9.941384,30,1338.708909
2.01632,30,1339.133693
7.177064,30,1339.565448
2.923062,10,1339.701257
2.313033,30,1340.129458
9.999044,30,1340.556147
2.459811,30,1340.985683
2.189674,30,1341.43044
1.349513,30,1341.856543
1.902857,30,1342.281243
2.837432,30,1342.710463
1.699319,30,1343.141882
4.126339,30,1343.576408
5.013896,30,1344.003853
2.043508,30,1344.443026
3.545829,9,1344.566271
2.022966,30,1344.992659
1.182774,30,1345.423427
3.121735,30,1345.850142
1.202981,30,1346.287239
4.88648,30,1346.710769
4.89534,16,1346.934636
3.49469,30,1347.375093
3.133925,30,1347.805338
6.366536,30,1348.229256
2.773362,30,1348.641521
3.635812,30,1349.065423
7.709375,30,1349.506283
1.618333,30,1349.932131
3.965436,30,1350.35187
2.39776,30,1350.914444
10.727293,30,1351.395705
3.359591,5,1351.472394
7.060625,30,1351.913061
9.584082,22,1352.232652
7.763795,30,1352.650122
8.68146,30,1353.074984
1.320084,30,1353.497748
8.499133,30,1353.924707
4.251351,19,1354.197298
10.572497,30,1354.634243
8.982621,20,1354.919369
8.38801,22,1355.231071
3.058478,30,1355.645689
4.354836,19,1355.923354
2.065916,30,1356.379755
9.126692,30,1356.833547
1.778484,30,1357.263421
5.693642,30,1357.682567
4.447968,30,1358.11164
2.22084,30,1358.542151
3.890893,27,1358.925412
3.313508,30,1359.375766
7.890591,16,1359.601476
4.427259,30,1360.076919
7.026295,30,1360.543076
7.014441,30,1360.987913
6.512076,30,1361.438631
1.071312,30,1361.876273
6.898706,12,1362.041135
2.969836,30,1362.465741
9.371375,30,1362.88365
7.605284,30,1363.317964
2.542821,10,1363.459372
1.863885,30,1363.891859
3.113894,30,1364.3213
1.950122,30,1364.736801
2.921479,30,1365.166188
11.550346,9,1365.293808
1.923644,30,1365.714625
1.761169,30,1366.155521
3.438832,19,1366.430806
2.479049,30,1366.866111
5.632816,30,1367.309146
4.191919,30,1367.74844
4.246534,30,1368.17515
3.997873,24,1368.515773
6.521433,30,1368.938199
4.098781,30,1369.375429
2.611798,30,1369.792524
4.908771,30,1370.22702
3.717975,13,1370.410576
4.099227,30,1370.826639
8.902704,30,1371.259087
7.172399,20,1371.553489
3.182383,30,1371.980219
7.323008,26,1372.361123
2.843547,30,1372.795529
3.100485,30,1373.234048
4.934548,30,1373.665694
3.797358,30,1374.098485
3.112433,30,1374.529711
6.178804,30,1374.966283
6.25723,30,1375.41128
4.289199,18,1375.660893
1.764358,30,1376.078176
3.229278,8,1376.203949
3.038052,30,1376.621518
9.234193,23,1376.946228
2.955289,30,1377.409238
1.178419,30,1377.878244
2.120819,30,1378.319817
6.121001,30,1378.741481
3.616955,30,1379.181505
6.541472,30,1379.620199
1.776134,30,1380.048028
1.796945,30,1380.466713
13.053814,25,1380.814606
3.00584,30,1381.242752
3.727591,12,1381.409312
1.150112,30,1381.830792
2.757925,30,1382.27911
3.319177,30,1382.705891
1.961164,30,1383.137871
1.132248,30,1383.556322
3.640097,13,1383.735581
2.881176,30,1384.184075
1.447971,30,1384.615914
5.707287,30,1385.037423
1.827629,30,1385.464195
11.812503,30,1385.889749
4.410451,30,1386.33844
4.649845,14,1386.533683
1.391942,30,1386.955213
4.905148,4,1387.01942
5.894842,30,1387.455692
4.084919,30,1387.875436
7.171086,27,1388.276385
9.420481,27,1388.669992
5.417169,30,1389.095428
7.374339,30,1389.523432
5.161555,22,1389.833656
4.715712,30,1390.28098
3.55491,30,1390.704616
2.558208,30,1391.320802
5.637376,30,1391.816623
1.076632,30,1392.278218
1.057031,30,1392.704312
3.881923,23,1393.095108
4.451593,30,1393.633193
1.838836,30,1394.212551
3.97261,30,1394.68159
1.524995,30,1395.147296
4.609467,30,1395.57874
2.701653,30,1396.065311
3.329687,30,1396.547027
5.278629,30,1397.015006
1.73206,30,1397.468573
3.008265,30,1397.929567
2.546833,30,1398.433665
1.873179,30,1398.912217
4.043317,30,1399.406858
6.556162,20,1399.730057
2.040585,30,1400.234155
1.010494,30,1400.701129
1.684185,30,1401.153158
7.266071,26,1401.620754
7.885094,25,1402.151624
5.625949,30,1402.645495
8.62563,30,1403.163707
2.68476,30,1403.730341
3.291906,30,1404.211041
2.456498,30,1404.699539
1.974572,30,1405.159602
5.184027,30,1405.76431
2.381414,30,1406.343256
3.137316,30,1406.811057
1.668269,30,1407.304222
1.11852,30,1407.842671
6.081749,30,1408.42132
17.627931,30,1408.98943
2.743162,30,1409.449263
1.381995,30,1409.890065
1.694263,30,1410.33365
3.067203,10,1410.497306
3.673776,30,1410.934525
3.913086,30,1411.391564
1.607463,30,1411.851491
8.004678,30,1412.28366
8.584454,30,1412.705369
4.058723,30,1413.155752
11.93419,26,1413.53598
2.167721,30,1413.965787
9.335363,30,1414.415141
7.601413,29,1414.832656
5.504465,19,1415.106014
1.520751,30,1415.551162
3.700808,30,1415.977413
4.276385,30,1416.420718
2.666701,30,1416.843956
0.943243,30,1417.278968
1.051009,30,1417.696991
7.679883,30,1418.16712
1.152724,30,1418.62474
3.839674,30,1419.063466
2.289371,30,1419.491935
4.543306,30,1419.91562
1.701574,30,1420.361911
1.125289,30,1420.786648
1.249703,30,1421.22046
3.485768,30,1421.66235
9.305646,21,1421.969182
4.643166,14,1422.17973
1.739718,30,1422.613487
3.091453,19,1422.888553
3.617688,30,1423.317413
1.366908,30,1423.736483
4.297355,30,1424.170868
6.67172,30,1424.61657
2.055016,30,1425.042642
11.235894,30,1425.477197
6.629005,19,1425.740388
2.318952,30,1426.193694
7.539875,30,1426.635958
2.224921,30,1427.083766
7.482689,30,1427.630031
7.736039,30,1428.177135
2.724659,30,1428.708426
9.755005,23,1429.14936
3.466387,30,1429.62341
8.309717,22,1429.973147
2.213357,30,1430.514218
3.581687,30,1430.999027
3.386356,30,1431.489175
9.188043,23,1431.911118
8.580495,30,1432.357952
3.478302,30,1432.781783
6.706595,19,1433.049901
4.561515,30,1433.503395
0.97047,30,1433.93665
2.578467,30,1434.3941
2.257665,30,1434.826631
1.871482,30,1435.262268
1.791667,30,1435.681879
7.610796,19,1435.955995
5.629667,30,1436.41531
2.067655,30,1436.864956
1.332896,30,1437.317566
2.903278,30,1437.753793
3.921811,24,1438.094679
1.46997,30,1438.543276
2.412355,30,1438.997174
4.870341,30,1439.448487
5.16712,30,1440.026656
2.183113,30,1440.524777
3.94837,26,1440.923393
1.273628,30,1441.421164
1.234775,30,1441.919569
4.778271,17,1442.173717
3.277335,11,1442.349646
1.671049,30,1442.812429
10.566484,24,1443.15204
4.23127,30,1443.592023
8.044228,21,1443.88744
2.639797,30,1444.320585
1.505561,30,1444.808457
1.26969,30,1445.287909
12.713429,30,1445.735449
1.01524,30,1446.191692
4.722981,30,1446.631123
1.401588,30,1447.053891
3.80912,9,1447.191824
7.067529,26,1447.570464
6.858186,30,1447.998076
6.082973,30,1448.442384
1.524379,30,1449.224038
2.195968,30,1449.657277
1.701287,30,1450.074042
9.468407,30,1450.513809
9.452271,30,1450.943248
1.228138,30,1451.390714
1.80375,30,1451.820472
1.180058,30,1452.246423
1.357261,30,1452.679316
2.667573,30,1453.122847
0.948576,30,1453.559014
2.106034,30,1453.988184
9.974212,30,1454.453258
1.896775,30,1454.881495
11.514428,30,1455.316121
1.202989,30,1455.753078
2.142572,30,1456.194912
1.36201,30,1456.633579
1.600666,30,1457.075582
9.36635,30,1457.518265
7.154615,30,1457.998671
1.558578,30,1458.463007
2.237227,30,1458.935369
6.952267,30,1459.391603
1.477446,30,1459.830401
3.393648,30,1460.271198
3.500259,30,1460.693526
6.629092,30,1461.137477
3.619282,30,1461.581137
1.837828,30,1462.009646
5.286965,30,1462.453962
1.352674,30,1462.883524
2.900022,30,1463.331858
1.004317,30,1463.753965
1.066527,30,1464.193022
1.697227,30,1464.620739
1.345133,30,1465.053531
3.929151,30,1465.498726
6.525484,17,1465.74557
3.00821,30,1466.19087
1.367434,30,1466.626857
2.189436,30,1467.066154
4.963568,30,1467.514257
3.770413,30,1467.950047
6.001796,24,1468.299388
7.506027,13,1468.482339
22.652355,20,1468.769489
2.276075,30,1469.214816
2.195858,30,1469.682655
3.834358,30,1470.164285
10.908224,27,1470.586095
2.162884,30,1471.061706
7.258046,30,1471.525848
11.849004,30,1471.964812
1.042266,30,1472.398916
0.942066,30,1472.828869
4.945488,27,1473.210234
1.143913,30,1473.65042
1.255427,30,1474.131032
2.533608,9,1474.277451
1.952371,30,1474.723205
3.567962,30,1475.197674
1.799958,30,1475.647402
5.422373,30,1476.089166
2.75532,30,1476.542126
5.75997,30,1476.969387
3.935954,30,1477.405958
1.51852,30,1477.856841
15.144281,30,1478.347701
1.641782,30,1478.803144
3.70237,30,1479.301526
1.212484,30,1479.786924
3.763024,30,1480.273506
8.620145,30,1480.733622
1.820249,30,1481.272955
2.885217,30,1481.737027
3.464533,20,1482.055461
3.103897,30,1482.516131
1.454275,30,1482.949189
5.275392,30,1483.397552
4.583043,12,1483.56426
1.238807,30,1483.987348
1.901469,30,1484.423821
4.60031,30,1484.856944
6.001558,30,1485.302818
5.283305,30,1485.720191
2.55121,30,1486.161718
6.017605,30,1486.595335
4.490429,23,1486.928225
1.364003,30,1487.387952
1.479722,30,1487.840759
1.126336,30,1488.295104
2.662311,30,1488.710633
1.90511,30,1489.139892
6.254766,30,1489.560127
3.249514,30,1489.991119
4.641884,30,1490.446431
1.65974,30,1490.878808
1.611096,30,1491.346211
6.134497,14,1491.550808
11.700919,30,1491.984921
3.228715,30,1492.430951
8.212745,30,1492.865539
1.501465,30,1493.297755
3.399047,30,1493.721034
3.744915,16,1493.953104
3.864254,30,1494.381105
5.484784,30,1494.813224
6.042929,27,1495.223176
3.66613,29,1495.630266
1.752862,30,1496.064566
1.5857,30,1496.506758
1.399616,30,1496.92936
2.447274,30,1497.391309
1.96245,30,1497.823606
2.283141,30,1498.257089
2.729376,30,1498.678696
1.2508,30,1499.119839
7.541497,23,1499.457589
5.813156,30,1499.886857
1.493709,30,1500.317326
8.565016,30,1500.735426
1.091644,30,1501.172331
4.002996,30,1501.630695
7.243245,30,1502.070585
3.228261,7,1502.176414
8.444363,30,1502.60074
1.036064,30,1503.032521
3.707112,30,1503.455791
9.108923,30,1503.884941
1.145235,30,1504.349445
3.530278,11,1504.50611
1.601285,30,1504.93952
1.241566,30,1505.369856
2.540218,30,1505.794691
3.834466,30,1506.227389
1.559957,30,1506.659719
2.436092,30,1507.103045
5.984233,30,1507.540912
1.932648,30,1507.973315
3.321325,30,1508.417403
3.507052,18,1508.668303
0.971207,30,1509.102524
1.144947,30,1509.537893
7.931655,28,1509.939976
2.421529,30,1510.411855
5.112051,30,1510.891996
2.141401,30,1511.338895
4.391904,27,1511.715881
5.721986,12,1511.914745
3.455881,30,1512.363477
4.924569,10,1512.510128
4.905989,30,1512.97008
7.523332,29,1513.39636
2.735294,30,1513.822113
0.954997,30,1514.263119
1.201026,30,1514.687258
3.414249,30,1515.134924
1.096284,30,1515.589909
2.132418,30,1516.01993
3.349908,30,1516.466143
2.853048,30,1516.898823
4.309669,30,1517.342084
3.563038,30,1517.791802
5.661505,22,1518.105348
7.847158,30,1518.535462
3.797523,30,1518.969711
1.795939,30,1519.410939
1.481225,30,1519.849926
1.359863,30,1520.291339
6.609642,30,1520.712466
3.064345,30,1521.146027
3.241614,25,1521.502356
4.667129,30,1521.939585
3.816287,16,1522.177984
6.701296,30,1522.631895
7.509684,30,1523.058597
1.719237,30,1523.493634
8.021535,30,1523.924243
1.113667,30,1524.372602
3.878949,30,1524.797128
1.673714,30,1525.221868
2.908261,13,1525.413018
2.392648,30,1525.847926
2.82429,30,1526.274821
1.708707,30,1526.691935
0.820732,30,1527.13378
7.858659,30,1527.573974
7.037565,15,1527.792132
3.208938,30,1528.217202
3.385532,30,1528.642879
1.659699,30,1529.074887
7.146878,30,1529.517359
2.781012,30,1529.942897
12.368411,23,1530.273114
1.358371,30,1530.709514
1.130231,30,1531.18525
5.683799,15,1531.421311
2.258291,30,1531.853259
2.917931,30,1532.29242
3.068686,30,1532.710546
4.123795,30,1533.156657
2.236219,30,1533.594884
1.646201,30,1534.027642
6.681321,30,1534.463908
2.703303,30,1534.888521
2.652194,30,1535.333825
4.204129,30,1535.771928
4.405647,30,1536.187756
1.734217,30,1536.616141
1.238396,30,1537.051524
5.417923,30,1537.505234
3.864586,15,1537.713871
1.914785,30,1538.150224
2.087987,30,1538.579751
1.629714,30,1539.024685
6.564992,30,1539.510021
2.560961,8,1539.621599
8.861697,30,1540.049253
3.505199,7,1540.16067
25.216764,30,1540.619122
1.131588,30,1541.045973
6.336902,23,1541.401708
1.622188,30,1541.825097
3.177317,17,1542.062499
1.211878,30,1542.496181
1.13057,30,1542.929089
1.544807,30,1543.361897
6.789225,30,1543.785779
9.369735,30,1544.227328
3.418524,30,1544.668069
3.216885,30,1545.094887
1.445793,30,1545.521697
2.256402,30,1545.953354
1.711529,30,1546.396753
3.833559,27,1546.78198
1.679641,30,1547.240773
3.437957,30,1547.68134
4.939932,30,1548.138549
11.560049,22,1548.472444
1.661608,30,1548.898737
1.663544,30,1549.333693
7.085807,30,1549.763855
9.396515,30,1550.199625
2.084661,30,1550.627399
1.952262,30,1551.050012
1.718509,30,1551.482296
2.042908,30,1551.910304
2.695745,30,1552.348816
4.181945,30,1552.77658
2.729047,30,1553.210291
4.180784,30,1553.645352
3.678861,30,1554.074008
4.880708,17,1554.321839
6.024906,30,1554.750868
2.000651,30,1555.203938
7.978037,30,1555.638846
2.299667,5,1555.708086
6.009972,20,1555.993732
2.526939,30,1556.433651
4.375391,17,1556.675086
0.919221,30,1557.107522
2.091106,30,1557.576826
2.708063,30,1558.021357
2.155259,30,1558.44962
12.281975,29,1558.859653
4.816179,30,1559.30311
1.137409,30,1559.724107
4.358646,30,1560.163245
2.306436,30,1560.584718
2.271335,5,1560.654305
2.992959,30,1561.085374
3.371739,30,1561.512294
10.209379,22,1561.826133
4.96674,24,1562.176439
1.694902,30,1562.618235
11.772101,30,1563.04968
1.369769,30,1563.484681
1.078886,30,1563.919859
6.012157,15,1564.13866
2.833691,30,1564.574292
3.265741,30,1564.996599
4.818721,15,1565.212792
4.774728,30,1565.635241
7.021283,30,1566.064382
1.026425,30,1566.488842
4.419612,22,1566.821413
5.187872,30,1567.280309
11.256463,27,1567.662061
2.749676,30,1568.091777
5.016015,30,1568.522632
8.141963,14,1568.725507
0.711386,30,1569.159042
6.759146,30,1569.592718
3.624975,30,1570.018803
3.18081,19,1570.294009
5.109849,30,1570.710606
1.315472,30,1571.133611
1.482872,30,1571.563488
3.298004,13,1571.75245
2.521376,30,1572.186117
7.3485,15,1572.40751
6.01198,30,1572.833297
4.102615,30,1573.328651
8.054149,30,1573.754533
1.266602,30,1574.183954
0.994735,30,1574.622506
5.761091,30,1575.050844
2.988114,7,1575.153558
6.00243,16,1575.381962
4.264809,30,1575.815483
2.048579,30,1576.261899
3.234014,9,1576.391671
1.592607,30,1576.81923
1.449194,30,1577.265663
2.529444,5,1577.339114
2.052754,30,1577.775326
15.069178,22,1578.082667
1.213853,30,1578.516767
1.217298,30,1578.958631
2.557702,30,1579.411885
7.779235,24,1579.754268
4.325985,30,1580.185496
8.901239,14,1580.392561
3.24212,30,1580.822876
5.19823,28,1581.227804
2.354332,30,1581.655019
3.866492,17,1581.903156
5.189372,30,1582.341189
4.549148,14,1582.535995
1.31869,30,1582.97249
9.459756,30,1583.440886
1.860707,30,1583.870564
2.376232,30,1584.330372
4.239358,16,1584.554588
1.324352,30,1584.986063
2.552852,8,1585.101207
5.454873,30,1585.544835
1.821117,5,1585.614128
1.687006,30,1586.042938
10.98058,30,1586.482214
2.521836,3,1586.524757
3.162279,30,1586.951885
2.327117,30,1587.40375
2.887152,30,1587.831723
1.669586,30,1588.275452
1.713699,30,1588.69412
0.969886,30,1589.134232
0.900609,30,1589.565394
0.956511,30,1589.998272
1.904721,30,1590.423589
2.005375,30,1590.878409
1.663901,30,1591.315835
2.45168,30,1591.759351
10.273932,30,1592.208978
1.411703,30,1592.629684
6.993985,19,1592.908885
6.824437,24,1593.261855
2.452436,30,1593.682379
1.304022,30,1594.124763
3.427278,30,1594.56546
7.507984,30,1595.001322
1.692471,30,1595.457773
4.519336,24,1596.246831
5.429559,30,1596.671492
4.16111,30,1597.363371
4.048702,30,1597.840005
7.453452,12,1598.014707
5.40023,30,1598.485283
1.578269,30,1598.913867
1.567385,30,1599.349378
9.092903,26,1599.710462
1.190291,30,1600.144536
1.349941,30,1600.593467
1.828343,30,1601.018864
3.182079,30,1601.439013
4.173467,16,1601.659465
5.845564,30,1602.079936
1.157946,30,1602.694264
1.754327,30,1603.144135
10.877478,30,1603.579077
1.802093,30,1604.064367
1.984273,6,1604.172326
1.6862,30,1604.647312
3.218802,30,1605.068251
5.616627,10,1605.211413
5.898836,30,1605.629144
12.159467,25,1605.995126
2.690455,9,1606.126038
8.218803,29,1606.557726
3.870378,21,1606.852571
1.846531,30,1607.31491
1.837174,30,1607.753117
2.143732,30,1608.192954
7.360807,30,1608.629876
4.171426,30,1609.077317
5.615689,12,1609.257774
1.591507,30,1609.670735
2.347145,30,1610.099015
1.659947,30,1610.543291
1.479304,30,1610.976465
1.85766,30,1611.411123
7.091388,30,1611.837713
10.090941,30,1612.272545
7.016829,25,1612.642728
1.630211,30,1613.059306
6.634929,30,1613.485293
1.330033,30,1613.922111
6.770571,30,1614.373299
11.358499,30,1614.794468
6.575676,26,1615.159859
8.513943,30,1615.578816
1.868194,30,1615.99745
1.1107,30,1616.446908
1.89887,30,1616.867697
4.990185,30,1617.333615
10.244111,30,1617.752513
1.364773,30,1618.184848
1.631175,30,1618.615711
9.808249,29,1619.035828
4.163644,30,1619.468251
8.248988,22,1619.786576
7.230113,30,1620.211746
7.276449,30,1620.647648
3.075006,30,1621.073362
1.616343,30,1621.500337
1.107996,30,1621.927407
7.792194,30,1622.376562
5.383401,30,1622.811139
2.382073,30,1623.231915
2.34968,30,1623.663639
2.106105,30,1624.092349
0.926682,30,1624.537588
1.803953,30,1624.956693
5.008782,30,1625.387154
1.203979,30,1625.810574
6.676788,30,1626.243774
3.149419,30,1626.670731
10.580073,24,1627.015157
1.378069,30,1627.599758
6.79201,30,1628.059697
1.283159,30,1628.543232
1.384884,30,1628.976251
6.579884,22,1629.307237
8.86354,30,1629.741787
7.237035,30,1630.163137
5.066537,30,1630.590202
8.740344,30,1631.017956
2.175391,30,1631.46538
3.412591,30,1631.886141
2.031573,30,1632.321337
8.988128,30,1632.752081
4.91933,30,1633.181768
1.872264,30,1633.614787
2.378072,30,1634.040507
6.599131,15,1634.277891
1.614388,30,1634.712655
2.079513,30,1635.141052
1.229136,30,1635.576667
7.920602,27,1635.967164
13.995548,18,1636.230711
1.022579,30,1636.658489
3.000755,30,1637.078633
2.467001,30,1637.535462
4.294183,30,1637.970315
1.951987,30,1638.414309
2.654536,30,1638.840775
1.703597,30,1639.29006
3.9844,12,1639.455269
1.852405,30,1639.880821
2.15001,30,1640.322833
2.947072,30,1640.738467
5.433646,30,1641.17359
1.866341,30,1641.603723
2.052539,30,1642.033104
1.989874,30,1642.497999
2.501589,30,1642.961796
10.617337,21,1643.263026
1.503018,30,1643.682405
1.992296,30,1644.132722
1.074314,30,1644.569005
6.214139,30,1644.990014
1.880883,30,1645.441494
1.302923,30,1645.866954
5.796497,28,1646.266667
2.675182,30,1646.686396
6.670965,4,1646.744421
2.550377,30,1647.178627
1.562486,30,1647.617006
3.154856,30,1648.040812
1.976377,30,1648.491938
2.138623,30,1648.923744
2.431042,30,1649.357069
1.632977,30,1649.834262
3.753307,30,1650.260237
1.274859,30,1650.687323
1.251217,30,1651.168023
1.872853,30,1651.600169
1.973772,30,1652.02303
1.10298,30,1652.478587
11.460494,26,1652.869226
4.105733,30,1653.353744
5.085969,26,1653.743183
3.766585,30,1654.195084
1.882904,30,1654.631207
4.50384,30,1655.070266
1.604835,30,1655.520148
7.870357,18,1655.794242
4.205612,30,1656.243759
1.503376,30,1656.663128
2.228739,30,1657.087935
7.105521,30,1657.554139
4.194564,30,1657.984324
10.180438,30,1658.423192
5.201385,30,1658.850469
1.877506,30,1659.282345
1.98069,30,1659.697483
2.838056,30,1660.12896
1.652174,30,1660.573241
2.085757,30,1661.003693
7.98918,30,1661.438114
1.003214,30,1661.865926
5.811461,30,1662.310713
2.41243,30,1662.751934
9.606887,30,1663.182988
11.906079,30,1663.615053
1.764311,30,1664.035826
6.844121,17,1664.310882
3.402266,16,1664.568971
1.844039,30,1665.005177
1.000814,30,1665.444711
1.868936,30,1665.877846
1.230653,30,1666.323824
6.345528,14,1666.52205
10.198657,30,1666.946389
2.829817,30,1667.405946
1.726519,30,1667.860233
1.589684,30,1668.303591
2.400407,30,1668.724191
1.264861,30,1669.173473
2.880003,30,1669.610756
11.010903,30,1670.04316
0.875436,30,1670.479811
4.716045,23,1670.822269
6.313492,30,1671.255579
1.150259,30,1671.69344
6.166795,30,1672.127187
1.056314,30,1672.55386
2.096165,30,1673.002939
6.815734,30,1673.455143
1.578015,30,1673.884487
1.307987,30,1674.330617
2.084769,30,1674.756528
1.954338,30,1675.190628
1.443754,30,1675.618984
3.673292,30,1676.049529
2.269793,30,1676.484596
5.698326,30,1676.923357
3.74367,30,1677.39155
2.171777,30,1677.826837
1.649179,30,1678.272223
3.995259,24,1678.616731
5.681656,30,1679.039825
1.724679,30,1679.473427
6.272185,24,1679.816511
7.276686,30,1680.27696
1.48476,30,1680.698894
4.554774,12,1680.88048
1.251278,30,1681.312078
1.988986,30,1681.73805
2.908874,30,1682.213857
5.33693,30,1682.65528
1.626561,30,1683.103388
5.197609,30,1683.542936
1.382543,30,1684.293863
4.892118,24,1684.674413
4.705101,30,1685.21947
1.404765,30,1685.770445
1.270153,30,1686.383216
3.430237,30,1686.844726
9.341439,28,1687.295732
1.31152,30,1687.769499
2.757061,30,1688.246526
6.916917,30,1688.720151
4.056404,30,1689.184826
5.21052,13,1689.380288
2.371248,30,1689.803957
2.478981,30,1690.232548
1.856331,30,1690.667743
1.517185,30,1691.091365
1.072567,30,1691.533083
1.077367,30,1691.959399
2.726,30,1692.41343
7.225373,30,1692.840956
1.133152,30,1693.268634
6.72281,15,1693.487106
2.105398,30,1693.90767
0.991795,30,1694.377423
2.376381,30,1694.868236
6.390547,21,1695.171113
6.061963,30,1695.591746
1.41654,30,1696.040272
1.534063,30,1696.489251
5.522351,30,1696.924561
4.25386,16,1697.163015
1.314596,30,1697.584117
1.76989,30,1698.019329
3.283017,30,1698.47204
1.965762,30,1698.897272
1.668765,30,1699.345301
5.895269,30,1699.840369
1.559541,30,1700.264964
0.830307,30,1700.683129
1.341352,30,1701.127219
1.452911,30,1701.56307
1.551565,30,1702.001319
6.497683,30,1702.439373
1.992275,30,1702.872209
3.334043,30,1703.297728
6.274467,30,1703.719867
1.054945,30,1704.157642
0.87809,30,1704.599775
1.175218,30,1705.023469
2.48362,30,1705.513476
0.956904,30,1706.005368
2.033583,30,1706.499668
3.368343,30,1706.968373
1.441001,30,1707.444373
1.648493,30,1707.916276
3.045164,30,1708.396894
3.411409,30,1708.874562
6.670409,30,1709.310586
4.224285,30,1709.734779
1.978681,30,1710.173557
1.58321,30,1710.663668
8.662165,20,1710.982154
4.129008,30,1711.472234
8.704899,30,1711.987651
0.901861,30,1712.55394
0.872488,30,1713.00189
1.837691,30,1713.47176
2.238642,30,1713.933338
3.827438,30,1714.410498
2.01187,30,1714.899424
5.91409,30,1715.384357
4.319274,30,1715.843616
1.666408,30,1716.305564
2.648465,30,1716.750386
0.949394,30,1717.166599
1.451546,30,1717.588097
3.153103,30,1718.017104
2.374725,9,1718.150769
1.517704,30,1718.635016
9.884258,30,1719.076127
1.785574,30,1719.51347
8.162794,30,1719.951005
1.649674,30,1720.390134
5.991714,30,1720.816667
5.15171,30,1721.240367
1.176228,30,1721.664285
3.375558,30,1722.107214
0.80768,30,1722.555097
6.981989,17,1722.80143
6.833145,30,1723.23337
1.022421,30,1723.653314
5.636084,30,1724.09097
1.720951,30,1724.52277
2.161769,30,1724.955462
0.84485,30,1725.509825
4.763307,30,1725.970189
9.282906,30,1726.415348
2.332826,30,1726.8492
1.553031,30,1727.317666
2.823321,30,1727.777637
2.643031,30,1728.234675
1.141531,30,1728.658857
1.977429,30,1729.093874
1.700596,30,1729.536735
7.411067,30,1729.967642
7.923333,30,1730.425146
1.476536,30,1730.851737
0.865018,30,1731.274355
1.525373,30,1731.689295
1.121304,30,1732.157451
1.98358,30,1732.603657
1.081924,30,1733.036113
1.05718,30,1733.468012
1.346072,30,1733.907928
1.7743,30,1734.338285
1.104963,30,1734.786033
1.590224,30,1735.215156
4.376717,30,1735.660886
1.362832,30,1736.095507
2.738039,30,1736.520206
4.912559,30,1736.948215
1.650609,30,1737.419947
6.139255,30,1737.844515
5.23686,30,1738.285404
0.873164,30,1738.702946
1.8561,30,1739.150204
2.581748,30,1739.601373
2.146482,30,1740.089122
1.075292,30,1740.851671
0.903013,30,1741.552393
1.679635,30,1742.165621
1.596849,30,1742.70198
3.832234,30,1743.217602
4.224118,30,1743.67306
6.960569,30,1744.149561
1.720323,30,1744.893399
3.202086,30,1745.508251
6.22389,30,1746.075929
2.607161,30,1746.971222
1.344998,30,1747.430032
7.80327,21,1747.756111
2.305202,30,1748.205539
5.877915,15,1748.425518
5.176072,30,1748.853068
2.682847,30,1749.275547
2.432771,4,1749.333582
1.696031,30,1749.861976
1.796781,30,1750.312707
1.118754,30,1750.77975
1.299459,30,1751.23253
1.148919,30,1751.659808
1.244743,30,1752.093022
1.013207,30,1752.54405
7.946178,30,1752.973011
0.988446,30,1753.622989
2.587508,30,1754.14956
1.995936,30,1754.62876
1.539074,30,1755.067993
1.999621,30,1755.497102
1.494035,30,1755.931257
1.337349,30,1756.388983
5.658625,30,1756.830797
2.6087,5,1756.904265
5.18163,30,1757.330888
6.177646,30,1757.778827
5.021237,30,1758.213265
2.969369,30,1758.647392
2.124159,30,1759.076492
5.225519,30,1759.498867
1.57516,30,1759.929371
2.128091,30,1760.379385
1.504423,30,1760.805541
3.914958,30,1761.231963
1.031714,30,1761.661155
13.581106,30,1762.088598
2.417745,30,1762.53148
2.727315,30,1762.961306
5.836688,30,1763.397122
2.643255,30,1763.816653
1.75887,30,1764.267118
0.901177,30,1764.683926
1.399439,30,1765.131692
4.141376,30,1765.555326
1.261719,30,1765.984019
1.174148,30,1766.427262
4.38146,30,1766.859991
1.684796,30,1767.290234
4.12338,30,1767.719292
1.752301,30,1768.16326
1.983055,30,1768.611398
1.305825,30,1769.052091
1.085217,30,1769.479642
3.566306,16,1769.698827
2.150038,30,1770.149346
2.067671,30,1770.601084
1.959389,30,1771.032699
2.321399,30,1771.477634
4.636292,30,1771.907911
6.309997,30,1772.375104
4.61933,30,1772.805633
1.214105,30,1773.237479
1.685612,30,1773.672397
1.498049,30,1774.118008
10.733422,30,1774.559432
1.480206,30,1774.988192
1.769518,30,1775.426474
1.01232,30,1775.852618
1.339265,30,1776.299413
6.097543,9,1776.426611
4.017982,12,1776.596806
1.22857,30,1777.039939
1.252108,30,1777.466258
1.338802,30,1777.889645
1.355367,30,1778.343033
1.432332,30,1778.819289
1.432694,30,1779.244973
3.022488,30,1779.667631
1.295005,30,1780.126645
10.453038,30,1780.569572
1.785411,30,1781.005144
3.711991,6,1781.089353
3.990631,30,1781.524196
2.537752,30,1781.955237
1.352601,30,1782.386843
5.009031,30,1782.813038
1.281349,30,1783.265436
2.598876,30,1783.702875
2.421205,30,1784.141719
1.52199,30,1784.572151
5.273533,30,1784.9994
2.010741,30,1785.451894
1.455825,30,1785.881781
1.02829,30,1786.312131
3.098707,30,1786.731135
2.123771,30,1787.20093
1.573727,30,1787.648155
1.184768,30,1788.083
5.714644,30,1788.527637
5.999945,30,1788.953866
1.290071,30,1789.393391
1.421265,30,1789.832384
1.73803,30,1790.257321
3.633274,30,1790.68022
2.92191,30,1791.111587
1.638686,30,1791.547957
4.818613,30,1791.997993
7.891514,30,1792.426894
8.203156,30,1792.855255
0.89479,30,1793.307934
1.241309,30,1793.731228
3.050343,30,1794.170518
3.313071,30,1794.596984
1.3139,30,1795.037175
2.162654,6,1795.139737
1.684326,30,1795.628594
4.195174,30,1796.054758
2.534861,30,1796.513961
2.098992,30,1796.949042
2.655797,30,1797.419644
1.574422,30,1797.852818
1.209325,30,1798.295338
1.577215,30,1798.717765
3.230891,30,1799.154711
4.41311,30,1799.59503
1.800787,30,1800.025019
2.802013,30,1800.479538
1.347697,30,1801.047935
1.88781,7,1801.16156
6.580827,20,1801.476017
1.223532,30,1801.912495
7.152249,22,1802.2449
5.208468,30,1802.676514
0.951219,30,1803.106449
12.625327,30,1803.543611
1.275549,30,1803.991687
1.134915,30,1804.441326
1.769741,30,1804.875272
6.324859,22,1805.191333
1.978724,30,1805.635188
1.242178,30,1806.06827
7.72883,30,1806.506798
1.535452,30,1806.929977
1.743718,30,1807.379008
2.828152,30,1807.799321
2.707536,30,1808.224774
0.963895,30,1808.652081
1.743871,30,1809.088342
3.174313,30,1809.514629
1.419498,30,1809.963416
1.407287,30,1810.451848
4.811398,30,1810.881874
3.664747,30,1811.31049
1.643528,30,1811.722344
6.720433,30,1812.159766
1.062424,30,1812.589366
1.158928,30,1813.031501
14.09942,30,1813.4835
1.7253,30,1813.910095
9.557853,30,1814.355544
8.634222,30,1814.774966
3.493588,30,1815.198432
2.590225,30,1815.637906
1.852882,30,1816.066939
1.487205,30,1816.510053
3.894644,30,1816.94001
1.162159,30,1817.370249
1.575181,30,1817.800637
1.370919,30,1818.235989
2.216516,30,1818.665664
0.807114,30,1819.098005
3.770499,30,1819.527546
0.990137,30,1819.947435
1.948438,30,1820.392895
1.308704,30,1820.827454
0.794019,30,1821.251535
3.73393,30,1821.668281
2.064784,30,1822.145003
1.074704,30,1822.586897
1.357736,30,1823.015769
4.914351,30,1823.455159
2.006915,30,1823.877317
2.345016,30,1824.327934
2.202784,30,1824.748607
5.24044,30,1825.176723
1.721827,30,1825.598193
2.619142,30,1826.023147
1.294641,30,1826.467525
5.056193,30,1826.893193
2.84528,30,1827.319231
2.436418,30,1827.749004
5.833553,30,1828.189336
7.877269,30,1828.616369
1.478784,30,1829.044449
6.417836,30,1829.495121
1.608424,30,1829.91832
1.974667,30,1830.358515
4.163328,30,1830.792837
2.957832,30,1831.226662
2.3426,30,1831.662499
0.951724,30,1832.087066
1.343696,30,1832.52236
6.882783,30,1832.965608
1.254686,30,1833.398476
1.331904,30,1833.847546
1.51368,30,1834.381364
7.730874,23,1834.723614
1.651118,30,1835.165426
1.510839,30,1835.611706
1.172863,30,1836.031618
3.974159,30,1836.470259
1.477424,30,1836.897425
3.305158,30,1837.358479
1.566009,30,1837.80378
3.118112,5,1837.877
5.311944,30,1838.317786
1.103767,30,1838.738107
1.488871,30,1839.166015
3.190609,30,1839.602606
2.228527,30,1840.03638
1.734747,30,1840.457843
6.217715,30,1840.877473
1.80764,30,1841.33785
5.009686,30,1841.777325
1.227308,30,1842.224212
1.685656,30,1842.647365
6.965128,30,1843.078685
2.597296,30,1843.536645
1.436483,30,1843.965925
2.426042,30,1844.407154
2.064499,30,1844.840991
1.814563,30,1845.269877
6.163417,30,1845.690798
1.092405,30,1846.1308
1.225151,30,1846.566441
2.452323,30,1846.99969
2.547229,30,1847.481568
2.235836,30,1847.921517
9.758848,30,1848.364949
0.836499,30,1848.798089
2.693879,30,1849.222517
3.185158,30,1849.658783
0.846114,30,1850.097816
1.281724,30,1850.524291
4.697189,30,1850.950461
1.278498,30,1851.394215
3.908503,30,1851.829965
6.011623,10,1851.968073
1.024025,30,1852.398337
0.890712,30,1852.848092
1.124998,30,1853.300353
3.558146,30,1853.732556
3.70518,17,1853.974553
2.816433,30,1854.409214
3.241989,30,1854.836395
1.041829,30,1855.278911
3.263299,30,1855.703452
0.976997,30,1856.182036
5.162902,11,1856.345026
1.868189,30,1856.767557
2.537248,30,1857.205239
2.986825,30,1857.679295
1.30584,30,1858.13066
1.352806,30,1858.566842
2.145992,30,1859.006321
1.181041,30,1859.474212
1.726843,30,1859.903412
2.06559,30,1860.343342
1.750669,30,1860.77683
1.334365,30,1861.276093
5.294921,30,1861.72687
1.828789,30,1862.177588
5.09798,30,1862.599262
1.766153,30,1863.04179
2.053687,30,1863.498326
1.016726,30,1863.935019
3.128064,30,1864.394125
0.978813,30,1864.819074
5.357239,30,1865.280455
2.576818,30,1865.7067
1.544033,30,1866.146964
2.018122,30,1866.624177
1.705855,30,1867.056607
1.310881,30,1867.486769
2.314997,30,1867.919432
5.163561,30,1868.374626
1.78305,30,1868.806087
1.312584,30,1869.232666
6.653643,30,1869.690475
7.303286,30,1870.131404
6.946412,30,1870.56748
1.855613,30,1871.005054
1.637182,30,1871.449603
0.894451,30,1871.904124
1.815576,30,1872.356589
3.616874,30,1872.79288
2.268997,30,1873.223227
1.660207,30,1873.653238
1.301119,30,1874.087839
1.131825,30,1874.539897
1.337343,30,1874.97095
6.133842,30,1875.397931
2.099521,30,1875.828099
1.005535,30,1876.270577
2.43508,30,1876.699601
0.88003,30,1877.136089
10.701554,21,1877.433834
2.205564,30,1877.864587
7.645334,23,1878.200012
1.541411,30,1878.638666
1.032323,30,1879.068989
1.799165,30,1879.500768
1.606667,30,1879.924775
1.881974,30,1880.3593
2.31102,30,1880.795182
1.108179,30,1881.220663
2.197135,30,1881.651808
3.21034,30,1882.081268
1.588662,30,1882.515225
7.466629,30,1882.943359
1.614273,30,1883.3727
2.492846,30,1883.806143
1.533042,30,1884.244534
2.532031,30,1884.676569
1.294531,30,1885.113322
1.096947,30,1885.540925
1.406846,30,1885.979208
9.574753,30,1886.433022
2.914479,30,1886.867535
5.411152,30,1887.300691
1.741016,30,1887.726285
2.34415,30,1888.17569
1.777246,30,1888.615305
1.404366,30,1889.04618
3.567273,30,1889.489805
1.417651,30,1889.929343
2.267986,30,1890.37899
1.16996,30,1890.806397
7.366752,11,1890.968271
2.149018,30,1891.398362
6.449025,24,1891.731092
4.469667,30,1892.171265
1.435702,30,1892.61033
0.947443,30,1893.034434
2.975439,30,1893.870074
1.204741,30,1894.298027
1.543162,30,1894.725533
2.421801,30,1895.163367
0.89132,30,1895.603566
1.25126,30,1896.028158
1.23367,30,1896.461229
3.164174,30,1896.892917
8.144392,30,1897.333603
2.274726,30,1897.758797
2.792549,30,1898.204422
1.005505,30,1898.637624
4.935397,30,1899.072604
2.302375,30,1899.52025
4.685185,30,1899.94626
1.123378,30,1900.391819
3.039704,30,1900.819444
5.217486,30,1901.243614
2.556676,30,1901.681325
2.720393,30,1902.1092
0.948163,30,1902.550643
2.757215,30,1902.969706
1.380318,30,1903.403662
1.589551,30,1903.860417
3.527868,30,1904.310488
1.307487,30,1904.738081
1.518647,30,1905.169107
2.716896,30,1905.588931
2.141559,30,1906.014001
1.66177,30,1906.449834
2.952366,30,1906.883352
1.432262,30,1907.358569
2.471465,30,1907.811917
3.416032,30,1908.245337
2.13122,6,1908.345549
2.613357,30,1908.772833
1.590966,30,1909.196947
1.418045,30,1909.634391
1.081195,30,1910.065369
4.291441,21,1910.3727
6.512809,30,1910.799845
1.226327,30,1911.23504
1.629427,30,1911.685471
2.290382,30,1912.124493
1.499348,30,1912.544253
1.347178,30,1912.975561
1.281366,30,1913.428311
1.049198,30,1913.859113
6.607714,30,1914.298801
6.258147,23,1914.622163
1.835962,30,1915.060045
2.13751,30,1915.48683
3.280425,30,1915.915527
1.144467,30,1916.362192
9.439467,19,1916.630738
0.739546,30,1917.058717
0.883744,30,1917.521581
5.822347,22,1917.836314
0.898817,30,1918.291278
3.953868,30,1918.710047
0.982023,30,1919.138567
7.253531,20,1919.422016
2.601392,30,1919.854685
2.357488,30,1920.30425
2.355338,30,1920.719746
7.374748,28,1921.114121
1.624758,30,1921.552374
8.810103,30,1921.977007
1.280896,30,1922.425821
8.3551,28,1922.820355
1.343014,30,1923.253233
1.425318,30,1923.71607
0.864876,30,1924.14587
2.018669,30,1924.574414
1.34421,30,1924.994314
1.35417,30,1925.43486
1.7207,30,1925.877784
1.806828,30,1926.319326
0.918284,30,1926.74432
0.848555,30,1927.168764
2.800184,30,1927.600692
1.42679,30,1928.03265
1.119276,30,1928.479911
8.544037,15,1928.691471
9.340128,30,1929.127015
4.748513,16,1929.356508
3.577205,30,1929.788793
1.932369,30,1930.222565
2.730149,8,1930.343517
1.147668,30,1930.761443
2.193595,30,1931.190348
2.093341,30,1931.653435
3.632908,30,1932.092575
1.583295,30,1932.523092
1.225038,30,1932.950221
1.957708,30,1933.399364
1.491033,30,1933.823456
1.559619,30,1934.275661
4.123588,30,1934.705783
2.927335,30,1935.140154
2.990482,30,1935.557228
1.019434,30,1935.981559
0.852833,30,1936.431578
2.926906,30,1936.869452
2.234772,30,1937.300714
1.174324,30,1937.729284
1.171556,30,1938.167649
4.907267,30,1938.593252
7.042709,30,1939.023596
3.690022,30,1939.464793
13.60863,30,1939.900114
5.236566,29,1940.320404
1.286452,30,1940.749661
5.113588,30,1941.190631
1.970688,30,1941.646107
1.963112,30,1942.079855
1.380492,30,1942.513023
6.104702,30,1942.934858
1.354979,30,1943.387962
6.815378,30,1943.81485
0.760709,30,1944.249529
4.37422,30,1944.676028
5.489001,30,1945.113885
2.826383,30,1945.537857
7.762064,30,1945.966729
5.259233,30,1946.415262
2.466593,30,1946.84103
1.006197,30,1947.273954
1.088333,30,1947.687637
1.877771,30,1948.152283
1.445878,30,1948.594942
2.163784,30,1949.029122
2.518441,30,1949.454108
1.511873,30,1949.878984
1.553601,30,1950.32825
4.199217,30,1950.749542
2.180948,30,1951.180813
6.689969,30,1951.603575
1.469741,30,1952.02932
1.8528,30,1952.47135
1.111702,30,1952.898639
2.405843,30,1953.324218
1.529669,30,1953.75124
2.407602,30,1954.18039
1.862012,30,1954.605497
0.81962,30,1955.027927
2.6323,30,1955.476591
1.60459,30,1955.910215
1.142311,30,1956.335938
3.551864,30,1956.758538
3.834742,30,1957.178917
1.885402,30,1957.605278
2.295604,30,1958.033591
3.534731,30,1958.482272
0.909276,30,1958.912299
1.583344,30,1959.357115
1.393457,30,1959.787654
1.302022,30,1960.223298
8.125919,30,1960.65751
1.633351,30,1961.080462
1.622034,30,1961.527783
3.413021,30,1961.948015
13.367113,30,1962.38766
2.569554,30,1962.817457
1.930521,30,1963.250314
5.692966,30,1963.681525
1.131659,30,1964.110353
1.832581,30,1964.549987
1.925828,30,1964.984603
4.095915,30,1965.430346
3.238904,30,1965.863951
10.506321,30,1966.299551
12.975531,30,1966.734181
1.367481,30,1967.19815
3.624608,30,1967.640143
5.135576,30,1968.083186
10.155824,30,1968.530967
4.025551,30,1968.967848
1.980702,30,1969.396685
2.170945,30,1969.823257
1.415594,30,1970.252706
10.049902,30,1970.681702
1.351772,30,1971.11297
2.283929,30,1971.544603
2.135798,30,1971.967563
3.006687,10,1972.108778
7.958398,30,1972.552381
1.462589,30,1972.983028
1.797057,30,1973.415834
1.002128,30,1973.838027
2.10716,30,1974.28591
1.082024,30,1974.715833
1.075116,30,1975.146552
4.147183,30,1975.56538
1.144789,30,1976.007075
2.170306,30,1976.43501
1.067059,30,1976.861183
3.980536,30,1977.60941
13.766298,30,1978.071259
7.47854,30,1978.530109
3.413612,17,1978.787442
1.723711,30,1979.234258
6.347448,30,1979.694497
2.894641,30,1980.130641
1.733218,30,1980.551622
3.069326,30,1980.976291
3.000159,30,1981.406246
0.865037,30,1981.833493
0.953163,30,1982.316584
6.277955,30,1982.829544
7.559711,30,1983.298679
1.162814,30,1983.73807
1.050032,30,1984.20045
2.285585,30,1984.627612
4.343772,3,1984.677225
7.467173,30,1985.102587
1.782568,30,1985.528036
6.227149,30,1985.952218
1.968012,30,1986.378596
8.516023,30,1986.798192
2.50318,30,1987.227744
1.464061,30,1987.65821
5.631611,30,1988.083186
3.093185,30,1988.510251
3.198549,30,1988.938932
2.185421,30,1989.389583
3.399427,30,1989.825662
3.415531,30,1990.244852
1.190381,30,1990.669069
7.117003,30,1991.091535
5.772298,25,1991.477709
1.600939,30,1991.918565
2.286869,30,1992.355129
0.855606,30,1992.789681
2.45975,30,1993.217292
1.655239,30,1993.639316
1.590594,30,1994.062409
0.963604,30,1994.522496
7.394457,16,1994.752026
1.810313,30,1995.176761
1.092595,30,1995.59847
4.939781,30,1996.02265
1.151996,30,1996.47242
1.086117,30,1996.897471
1.141173,30,1997.320238
6.660588,23,1997.639058
1.570594,30,1998.071336
1.771833,30,1998.521402
1.238639,30,1998.949266
3.735283,30,1999.379369
8.788203,30,1999.808936
4.283406,24,2000.153582
15.618862,30,2000.582578
1.330465,30,2001.00815
1.768474,30,2001.449688
9.813961,30,2001.889179
1.470914,30,2002.332138
3.89571,30,2002.754391
1.091657,30,2003.181574
2.470397,30,2003.600972
1.361665,30,2004.022158
6.743412,25,2004.389353
1.138093,30,2004.824179
2.795206,30,2005.271062
2.402667,30,2005.767128
2.429512,2,2005.80874
2.24803,30,2006.3329
5.40341,21,2006.717094
4.316432,30,2007.481529
1.083591,30,2008.029429
1.855232,30,2008.506046
4.97593,30,2008.97337
6.465014,18,2009.249866
5.621322,15,2009.479654
3.68181,30,2009.935027
3.183207,30,2010.428524
1.706506,30,2010.895143
4.349617,30,2011.381021
6.407814,30,2011.811713
1.893928,30,2012.267563
2.02354,30,2012.700996
0.833752,30,2013.202855
7.077627,30,2013.63163
5.946452,30,2014.11138
1.238542,30,2014.704946
5.784422,30,2015.170729
1.144947,30,2015.692931
1.635098,30,2016.15917
2.257651,30,2016.630565
0.961473,30,2017.09018
1.590499,30,2017.610735
2.82776,30,2018.217271
5.522617,30,2018.738037
0.961633,30,2019.368918
1.409353,30,2019.955779
1.187699,30,2020.496024
1.776868,30,2020.98607
0.984179,30,2021.45438
3.868298,30,2021.919608
1.29127,30,2022.376203
1.535748,30,2022.88545
3.808427,30,2023.409589
7.725784,30,2023.892682
11.134132,24,2024.313955
3.749931,30,2024.784639
1.496081,30,2025.288267
2.224431,30,2025.747791
2.536771,30,2026.219043
1.142704,30,2026.704087
5.541803,30,2027.206861
2.172143,30,2027.68353
4.678781,30,2028.114968
1.280349,30,2028.551299
2.202898,30,2028.976234
3.019177,30,2029.419398
2.795229,30,2029.853416
5.709664,30,2030.288863
1.353904,30,2030.760938
1.172296,30,2031.239705
5.230732,30,2031.705125
3.224975,30,2032.168296
6.340027,30,2032.880587
2.306236,30,2033.665971
1.070394,30,2034.140574
1.804565,30,2034.643852
0.934941,30,2035.100528
4.716923,30,2035.562909
0.927845,30,2036.031387
0.900376,30,2036.486195
1.725658,30,2036.923477
9.1345,15,2037.140719
0.779661,30,2037.597339
0.93513,30,2038.073497
6.900769,30,2038.541417
4.980783,30,2039.006696
4.459348,11,2039.173511
2.048983,30,2039.636486
1.582957,30,2040.068646
5.965025,30,2040.562008
2.895657,30,2040.994547
11.150619,30,2041.47805
1.56248,30,2041.943045
1.069069,30,2042.385034
8.970222,30,2042.819585
