#{"t_start": 1583526628.129171, "env_id": "cursorcontrol-v1"}
r,l,t
-233.616465,30,6.418863
-253.161069,30,6.456709
-182.028283,30,6.494461
-251.513452,30,8.263722
-251.938568,30,8.701267
-234.517755,30,9.125645
-165.170732,30,9.553323
-253.747376,30,9.997597
-227.979586,30,10.56338
-251.728769,30,11.006148
-256.169056,30,11.547988
-244.413055,30,12.016402
-192.008831,30,12.449201
-257.559173,30,12.873283
-204.215035,30,13.306602
-206.327468,30,13.740634
-104.689617,30,14.162626
-251.26419,30,14.620331
-242.780061,30,15.100516
-232.283223,30,15.584323
-155.312593,30,16.064983
-226.595728,30,16.530693
-256.462798,30,17.01476
-227.416234,30,17.474327
-217.046737,30,17.932309
-222.928781,30,18.38335
-211.281662,30,18.813383
-218.162527,30,19.246741
-176.177381,30,19.687948
-209.188218,30,20.157022
-241.755818,30,20.621863
-253.091188,30,21.053064
-229.63162,30,21.565122
-255.91831,30,22.046542
-0.287739,30,22.48091
-192.350386,30,22.929224
-218.727032,30,23.388951
-258.233134,30,23.845676
-215.487626,30,24.288481
-222.794126,30,24.73674
-259.001945,30,25.180068
-241.390418,30,25.60782
-245.976301,30,26.047508
-244.151103,30,26.484746
-242.782685,30,26.915298
-29.111985,30,27.3448
-51.14045,30,27.778617
-193.169784,30,28.241065
-209.337344,30,28.676089
-219.457102,30,29.130163
-120.111373,30,29.562274
-225.171779,30,30.018576
-151.532532,30,30.479344
-239.728064,30,30.945176
548.544149,5,31.014095
-164.097241,30,31.465302
-250.691636,30,32.013145
-232.885205,30,32.556273
-243.502764,30,32.997719
-211.379549,30,33.43208
-265.957479,30,33.87456
-134.73111,30,34.30152
-230.337068,30,34.754274
-240.846447,30,35.197574
-240.076803,30,35.607388
595.821133,21,35.929136
-242.176613,30,36.349999
-167.041116,30,36.779449
-259.387862,30,37.223833
-245.989981,30,37.662803
-227.454426,30,38.100517
-189.320499,30,38.591259
-138.811898,30,39.035064
-123.760293,30,39.456309
-230.370124,30,39.885966
-221.767129,30,40.319115
11.978809,30,40.87938
-236.612865,30,41.457578
-255.896694,30,41.956976
-110.18582,30,42.454572
-187.762416,30,42.912409
-230.3601,30,43.352057
616.149612,8,43.467393
-233.814411,30,43.911857
4.115302,30,44.346615
-225.134256,30,44.786683
-243.37851,30,45.222654
449.598231,21,45.521803
-205.197963,30,45.946887
-209.442098,30,46.370669
-184.518906,30,46.794249
598.031329,19,47.064021
-41.726179,30,47.500753
439.764452,28,47.917027
-185.348137,30,48.378505
-187.310348,30,48.827914
-190.615596,30,49.273563
-250.028123,30,49.692556
-251.389644,30,50.116595
-201.886233,30,50.572359
-106.424982,30,51.035092
-229.098087,30,51.465606
-152.611621,30,51.903158
-80.285959,30,52.339649
469.435818,13,52.518624
-7.57043,30,52.961297
609.601588,10,53.115231
-143.844595,30,53.534707
-141.403869,30,53.964071
-173.303546,30,54.392932
548.021566,13,54.58251
-215.553808,30,55.026721
-138.676168,30,55.467288
-70.589558,30,55.918998
-251.561612,30,56.359402
-252.949866,30,56.842589
-84.566552,30,57.304546
-243.003809,30,57.743237
-238.198187,30,58.191834
-91.891096,30,58.653501
-189.702153,30,59.093845
-166.829814,30,59.524644
-207.037503,30,59.962363
-262.242799,30,60.404042
-215.711267,30,60.8337
-188.008111,30,61.267538
-122.416565,30,61.707565
-254.10717,30,62.156845
-150.38003,30,62.578325
-228.957391,30,63.0104
-194.280463,30,63.443851
-253.139052,30,63.898845
-184.327386,30,64.339406
-79.485621,30,64.775382
-229.214479,30,65.242647
-171.317919,30,65.687105
-109.928396,30,66.144555
460.551247,19,66.465666
-185.864325,30,66.9709
-121.096023,30,67.440951
491.274265,21,67.746769
-259.341691,30,68.1745
-87.844036,30,68.616387
-229.962475,30,69.085023
-240.984191,30,69.511414
-101.502569,30,69.948185
-206.220422,30,70.387591
-252.32126,30,70.835343
-162.565621,30,71.258086
-261.915703,30,71.680164
-169.995403,30,72.10372
-250.989808,30,72.535511
-262.965716,30,72.985498
-216.329263,30,73.423138
-117.017896,30,73.860321
-189.271767,30,74.297006
-117.9181,30,74.743431
-166.940138,30,75.196083
-249.606983,30,75.632951
-237.903235,30,76.058393
-208.003634,30,76.490812
-227.336641,30,76.926312
-195.016976,30,77.366341
-235.152451,30,77.813017
-248.522607,30,78.247447
-139.072686,30,78.684976
-190.913596,30,79.126028
-7.092715,30,79.563516
-207.506905,30,80.014628
-146.889794,30,80.445503
-222.011161,30,80.881475
-58.172654,30,81.313098
-59.589387,30,81.752499
-257.020986,30,82.19891
-101.452543,30,82.623565
-178.502799,30,83.062989
-246.570881,30,83.562608
-199.308014,30,84.105247
-220.358377,30,84.98278
-129.240565,30,85.655042
-225.567747,30,86.141797
-233.914964,30,86.619786
-228.188662,30,87.288477
-55.671218,30,88.15195
-166.454891,30,89.088743
-145.709062,30,89.750877
-203.241958,30,90.319309
-81.12514,30,90.68038
-142.255563,30,90.957027
-235.133566,30,91.413133
-120.915963,30,92.003361
-246.353047,30,92.546267
-133.560142,30,92.998995
36.525111,30,93.442981
-142.702682,30,93.98565
-232.76187,30,94.540406
-24.593346,30,94.988126
-230.288059,30,95.427948
-199.222953,30,96.004055
-43.604177,30,96.543392
-103.674507,30,96.976112
-171.417379,30,97.496025
-52.708207,30,97.964991
-216.032731,30,98.4503
-244.299446,30,98.902782
554.173782,7,99.000784
-251.492132,30,99.436703
-249.730273,30,99.915056
-155.073509,30,100.365717
511.621044,9,100.495174
-96.967162,30,100.945572
-92.123114,30,101.440771
-16.114257,30,101.881377
-182.88427,30,102.334013
-241.150291,30,102.784144
-156.580925,30,103.26234
-206.786513,30,103.716387
543.108224,11,103.873123
-107.268977,30,104.30959
-82.810918,30,104.798923
-178.4586,30,105.236978
399.227349,24,105.575466
-240.607308,30,106.017313
-255.486633,30,106.47612
-230.29413,30,106.931528
-179.135055,30,107.421864
28.840911,30,107.877353
-225.439505,30,108.352747
-96.229563,30,108.811882
-141.526152,30,109.258564
-135.779461,30,109.702585
-219.724327,30,110.196365
-201.795607,30,110.658391
-237.548811,30,111.110651
495.530134,19,111.390102
500.357863,16,111.664919
-245.969476,30,112.113366
-222.406144,30,112.541044
-193.177081,30,112.985408
-207.45493,30,113.466923
-175.58355,30,113.913601
529.604128,8,114.031271
-214.702033,30,114.467228
-247.058448,30,114.940954
-96.706326,30,115.405699
976.143686,11,115.568103
-222.5145,30,116.057023
-130.131615,30,116.572832
522.838636,13,116.777663
79.209401,30,117.244674
-46.024009,30,117.717176
540.823381,3,117.803081
78.822138,30,118.262312
503.915446,22,118.576961
-248.347313,30,119.01209
519.544549,10,119.203243
-128.315223,30,119.680528
-43.769802,30,120.138123
-211.200833,30,120.600498
-231.362008,30,121.082836
-100.163211,30,121.513879
549.169234,13,121.724713
-110.336842,30,122.153145
-224.557853,30,122.614729
-21.377753,30,123.077873
-104.66099,30,123.514485
-6.907506,30,123.977141
-262.184298,30,124.444606
-257.197787,30,124.897582
512.3131,12,125.07746
-94.476403,30,125.520208
-233.395471,30,126.000029
-82.741376,30,126.44118
-256.479791,30,126.889499
-206.368075,30,127.34145
-127.266656,30,127.839682
43.281619,30,128.295268
-100.832456,30,128.733298
-78.345347,30,129.172659
-231.892412,30,129.651938
531.098734,21,129.960191
452.846894,30,130.403132
-108.312998,30,130.868571
405.24391,22,131.277626
-192.902967,30,131.866093
488.058949,26,132.30941
-28.640967,30,132.775155
-214.583034,30,133.303512
125.108268,30,133.867938
-182.466816,30,134.41832
592.463835,12,134.612089
-243.984162,30,135.089388
-105.943073,30,135.538293
-128.239963,30,136.069939
-214.316334,30,136.561517
593.541158,10,136.75569
85.394749,30,137.229653
427.064532,27,137.698269
467.690457,22,138.11329
-196.513755,30,138.652017
-185.698499,30,139.149531
517.148893,9,139.27727
-95.187519,30,139.777773
-76.360137,30,140.324692
524.179661,23,140.696907
475.776058,16,140.950521
-101.119359,30,141.463999
-108.842,30,141.977553
576.584808,19,142.382193
-78.23906,30,142.879177
-102.972955,30,143.409672
-232.559938,30,143.907419
-114.689153,30,144.463782
-249.481934,30,145.067464
597.605137,18,145.419047
102.386154,30,145.998673
471.569351,14,146.239809
-181.437932,30,146.717212
76.358706,30,147.345148
496.561301,14,147.618958
-107.142252,30,148.151098
-241.144179,30,148.675906
661.135695,20,148.972513
-59.308009,30,149.479499
-10.196959,30,149.962075
-87.270003,30,150.457734
535.066864,17,150.74333
43.258565,30,151.383919
32.583468,30,152.027051
-64.796789,30,152.670955
-101.187158,30,153.312886
517.189667,25,153.742258
519.499122,9,153.890499
-68.033056,30,154.355096
-174.973348,30,154.925668
-121.206034,30,155.668192
-71.784347,30,156.386037
-57.059678,30,156.975351
528.164022,21,157.375115
-237.613485,30,157.844579
425.488408,26,158.221786
-4.867693,30,158.692019
-157.9066,30,159.160017
567.527791,6,159.287878
-164.045008,30,159.856558
-138.497306,30,160.411904
-133.091925,30,160.96646
761.991058,17,161.306406
-123.395528,30,161.872404
0.420652,30,162.397106
-56.100344,30,162.863429
-64.003932,30,163.328496
544.555795,19,163.598539
512.688879,21,163.914734
91.364837,30,164.450366
-244.967308,30,165.080995
-256.172885,30,166.399811
-224.364648,30,167.034318
500.100907,29,167.639166
-150.649456,30,168.155783
-215.37326,30,168.597799
-124.461802,30,169.061363
519.117912,13,169.255617
-212.30281,30,169.830837
-221.718123,30,170.312333
-227.382798,30,170.880743
-19.354493,30,171.44048
-80.512352,30,171.916637
-18.339535,30,172.35403
-191.240564,30,172.778455
97.750501,30,173.165525
-256.27385,30,173.581051
-30.534048,30,174.026786
75.83288,30,174.393689
-29.381564,30,174.67612
526.663057,13,174.81515
-150.015226,30,175.142884
-176.783988,30,175.712553
-204.216184,30,176.332127
534.607002,14,176.579578
-9.07536,30,177.070761
-28.844847,30,177.519603
-25.816748,30,177.947311
-36.655326,30,178.517896
-219.286943,30,179.048672
-205.287851,30,179.54408
62.365944,30,180.033229
667.886748,11,180.234661
-131.547587,30,180.720894
533.65833,7,180.850276
-7.016248,30,181.331695
-171.199274,30,181.886709
-237.876861,30,182.391982
717.007342,28,182.859401
6.025604,30,183.304473
-19.009455,30,183.847624
446.062938,17,184.101532
-123.700619,30,184.604307
596.969305,23,185.026367
688.912594,29,185.496121
573.00346,14,185.728639
520.416024,27,186.190331
-252.296649,30,186.698321
-252.221703,30,187.176248
-99.236088,30,187.704759
603.501651,17,188.016069
-144.608902,30,188.509575
-237.361182,30,189.028174
580.275185,21,189.384059
-105.992593,30,189.869365
386.989266,28,190.35703
-255.28296,30,190.940888
24.955114,30,191.500396
631.279484,25,191.966699
63.186731,30,192.524175
-53.861178,30,193.123013
21.297771,30,193.686619
-221.792558,30,194.25046
-56.759577,30,194.823393
-263.610772,30,195.412605
-189.744858,30,195.976137
582.128284,7,196.108171
49.879543,30,196.655327
-168.761353,30,197.239781
49.331751,30,197.812056
-84.115897,30,198.358995
137.559925,30,198.935504
-205.508259,30,199.514447
-211.958614,30,200.069052
-5.800133,30,200.51517
-53.235675,30,200.987276
-242.818517,30,201.617814
-122.962697,30,202.246859
-104.225506,30,202.887995
-199.615018,30,203.5274
88.91277,30,204.043475
-226.522195,30,204.48028
33.387069,30,204.936188
499.651677,11,205.104767
713.300676,21,205.453656
102.432036,30,205.915255
608.574535,27,206.308671
522.691015,14,206.508101
-77.840323,30,207.029571
599.214666,15,207.313438
602.269198,7,207.440365
-212.775118,30,207.927958
20.107343,30,208.417603
446.595702,20,208.71119
-121.445155,30,209.143195
593.718822,15,209.364565
-213.370602,30,209.869025
-65.87897,30,210.426718
585.713569,23,210.853454
561.662381,2,210.890491
-143.391687,30,211.474515
-222.096598,30,212.050769
1563.031423,1,212.070454
-139.229257,30,212.648412
-40.981581,30,213.242312
730.518979,2,213.279361
676.593598,18,213.613803
-20.521541,30,214.188602
27.720622,30,214.77666
490.932279,27,215.280909
534.34773,10,215.463969
-239.680061,30,216.036032
-239.066198,30,216.618263
-233.012736,30,217.141613
652.838633,12,217.311683
-93.40849,30,217.862057
-241.152354,30,218.441047
513.030052,15,218.721323
-196.019314,30,219.313352
981.791637,9,219.488735
172.225598,30,220.100636
534.3908,15,220.377673
-231.849028,30,221.004289
544.841587,19,221.374529
-124.602181,30,222.059364
469.59401,19,222.506598
408.746553,25,223.030252
-207.929659,30,223.592516
-243.773747,30,224.256063
-142.162957,30,224.854678
15.068815,30,225.592245
-253.259617,30,226.313459
731.209058,12,226.58328
-252.443077,30,227.198099
-215.281483,30,227.822551
-234.422885,30,228.394102
-187.854436,30,228.920306
-245.754572,30,229.371195
503.852426,28,229.926734
-199.949562,30,230.589499
72.211877,30,231.207496
-218.226917,30,231.803352
-250.806396,30,232.478753
498.76408,21,232.88535
597.37562,11,233.136075
26.571992,30,233.620993
504.699168,11,233.793083
-110.504168,30,234.300393
66.964491,30,234.824971
532.332351,24,235.231633
523.299696,19,235.556343
549.056782,6,235.678915
-180.750524,30,236.328662
-183.05886,30,236.968605
1127.311434,20,237.366921
528.01077,16,237.680453
-200.351072,30,238.30572
53.874021,30,238.798319
519.99242,25,239.238615
-114.937121,30,239.710492
483.930494,23,240.103122
186.939202,30,240.563825
151.80691,30,241.035015
577.527122,9,241.179401
547.366132,17,241.523269
530.08683,19,241.922723
575.124964,29,242.540919
113.286348,30,243.171399
479.227958,19,243.563912
439.301542,19,243.930341
-160.737277,30,244.436962
520.273787,14,244.737432
671.017099,8,244.935471
-244.955226,30,245.563969
-183.122124,30,246.184826
599.434077,12,246.442654
117.519262,30,246.989572
-195.798871,30,247.535069
658.276009,9,247.683531
-209.587616,30,248.150888
30.741578,30,248.720419
-130.709869,30,249.282612
557.271573,11,249.699404
565.154224,19,250.121151
-231.671374,30,250.700562
-248.278267,30,251.241835
656.425041,8,251.379684
576.534977,14,251.616255
583.955645,25,252.071817
-234.237669,30,252.717298
-232.133871,30,253.197206
-179.220493,30,253.68736
59.166099,30,254.333999
-250.652094,30,254.849967
-257.507129,30,255.331669
-268.084965,30,255.869895
451.800112,23,256.358286
407.072429,29,257.158063
409.756442,24,257.57276
565.751485,8,257.719851
-251.809629,30,258.298908
558.438946,14,258.544581
-154.114504,30,259.066863
-264.330172,30,259.542852
-255.054935,30,260.101125
-239.583623,30,260.622713
492.087177,25,261.126925
-233.511773,30,261.732387
-61.528211,30,262.345932
-254.939935,30,262.866695
985.190802,27,263.454453
-231.553481,30,264.069313
565.451982,4,264.200427
-150.590274,30,264.755005
180.834896,30,265.286889
-210.259793,30,265.839623
522.563124,11,266.063195
527.26074,18,266.36609
156.48652,30,266.914561
-198.470526,30,267.544388
-73.595029,30,268.214724
57.023949,30,268.83336
537.569348,26,269.389564
100.761411,30,269.919395
-109.777817,30,270.538982
10.228991,30,271.20919
-171.727517,30,271.80919
-20.364695,30,272.370322
508.269465,27,272.852404
518.206133,20,273.220656
495.696344,17,273.52151
-254.439786,30,274.077788
-234.849207,30,274.829674
-233.33919,30,275.465905
-243.739375,30,276.102876
-252.020185,30,276.710681
-171.562184,30,277.272768
550.630236,17,277.527171
513.485755,13,277.727717
-23.386811,30,278.258391
-228.59453,30,278.900856
-226.28336,30,279.485674
-229.308452,30,280.19485
544.610769,15,280.481838
-217.582947,30,281.052886
39.758292,30,281.672209
53.758017,30,282.186145
-247.590149,30,282.684906
494.099193,25,283.131742
-241.361055,30,283.668678
-197.179299,30,284.322089
-236.496265,30,284.893528
-2.064386,30,285.405803
-2.920799,30,285.976154
66.017902,30,286.558447
393.5046,25,287.042519
544.131916,7,287.204846
505.96829,28,287.77355
-195.602954,30,288.251899
629.960405,29,288.730497
121.483856,30,289.255806
1.525497,30,289.718338
-194.930314,30,290.253914
-18.7158,30,290.847
-54.001908,30,291.327415
617.287955,19,291.625858
641.251336,10,291.835596
-222.252883,30,292.403056
-245.248969,30,292.994369
-163.856212,30,293.591027
91.464253,30,294.056926
-229.414004,30,294.51876
-218.010404,30,295.080459
-225.868203,30,295.541193
-79.802414,30,295.97946
592.639132,23,296.349264
-205.431662,30,296.892487
537.818537,13,297.110923
543.34657,10,297.278162
620.364607,18,297.570218
762.056269,29,298.078723
-68.593252,30,298.549489
7.814901,30,299.085889
-232.526401,30,299.655401
-88.476713,30,300.251644
-224.993724,30,300.707229
479.90986,23,301.069742
-215.03165,30,301.530321
416.089578,27,302.078118
589.310163,23,302.42647
-225.322793,30,302.933372
567.537191,8,303.069597
-216.95092,30,303.602073
608.17306,30,304.175891
-208.341694,30,304.699635
168.571571,30,305.213855
-226.483256,30,305.726282
65.160569,30,306.217931
570.757582,17,306.480733
-240.212832,30,306.951682
596.484306,20,307.316886
-163.2598,30,307.816617
540.329783,8,307.938893
578.101945,27,308.384758
632.626998,7,308.52404
66.117788,30,309.278379
578.131644,14,309.505967
-241.601697,30,310.178814
669.998019,28,310.718447
672.692661,13,310.984829
538.491652,6,311.105574
-115.522159,30,311.73015
-247.886797,30,312.339488
-24.561242,30,312.863092
-58.626704,30,313.402244
-114.355776,30,313.962996
-208.467041,30,314.615109
-173.636585,30,315.23957
579.56071,3,315.302514
-243.07018,30,315.920773
-155.366307,30,316.564217
-152.933863,30,317.215529
158.265431,30,317.92575
-223.019479,30,318.575297
-103.930543,30,319.143128
-118.518101,30,319.722586
58.836502,30,320.331476
590.500057,23,320.778896
-37.52044,30,321.396906
-28.64816,30,322.001895
430.702774,24,322.482778
-32.932078,30,323.109143
-124.86896,30,323.779046
488.502917,20,324.211743
-82.764877,30,324.841771
745.802718,20,325.240222
709.068881,30,325.80859
466.210186,26,326.300422
-176.237178,30,326.898834
-63.516971,30,327.498868
658.379182,23,327.977705
-195.832425,30,328.539174
735.303088,9,328.713335
654.108648,17,329.076053
665.604814,25,329.680822
40.25907,30,330.29021
551.563115,3,330.351431
533.293769,13,330.633831
0.235056,30,331.166378
49.20212,30,331.672791
-164.418891,30,332.31742
618.247664,10,332.533095
667.811595,30,333.20886
41.139398,30,333.826264
-72.599198,30,334.565578
84.581944,30,335.237575
39.153091,30,335.782171
660.800219,22,336.196171
594.791498,22,336.629843
-248.682188,30,337.297611
-67.641015,30,337.923374
496.076791,20,338.346795
-201.143689,30,338.906713
416.012978,29,339.422794
-246.481451,30,339.994646
553.512469,11,340.215082
593.252632,7,340.359012
-221.975219,30,340.924807
1.246164,30,341.43782
-76.601164,30,342.001574
502.01987,22,342.388662
7.27787,30,342.940233
12.007868,30,343.584636
11.871443,30,344.152364
538.835381,22,344.56813
20.731105,30,345.151787
69.679426,30,345.734006
25.61057,30,346.346959
-84.57818,30,346.931029
-203.504371,30,347.452893
-104.464118,30,347.999867
-210.142535,30,348.500839
688.310106,23,348.891484
493.561152,19,349.199677
529.240268,30,349.797794
597.783285,16,350.142155
-227.404258,30,350.752465
-253.475933,30,351.301266
612.410591,26,351.847426
621.969064,19,352.215083
611.47135,8,352.731247
-224.11184,30,353.341923
555.583024,27,353.901388
-223.959867,30,354.448075
68.773583,30,355.152461
680.991,17,355.552749
-194.620897,30,356.21424
530.873377,9,356.426516
18.50261,30,357.021602
-96.156018,30,357.675666
20.063381,30,358.328187
641.839694,15,358.68403
1181.711378,29,359.336855
555.420392,24,359.874037
140.484458,30,360.52389
15.746351,30,361.261234
536.76958,12,361.522309
530.087693,17,361.872545
-227.458221,30,362.476889
627.120702,22,363.121574
-18.277143,30,363.772914
-109.759584,30,364.358262
541.991824,10,364.586095
-17.511644,30,365.194335
132.379564,30,365.828766
-101.009746,30,366.61977
602.030917,22,367.181475
584.144491,13,367.475148
138.40351,30,368.114569
623.656467,4,368.194973
-229.716936,30,368.905353
-150.699881,30,369.546324
516.329223,11,369.797942
-93.114201,30,370.383071
86.349973,30,371.020039
-154.026571,30,371.665416
530.993779,18,372.002844
1120.31449,6,372.122696
490.886039,21,372.491512
279.102362,30,373.018301
562.769657,20,373.379647
528.000699,14,373.648952
113.453191,30,374.24999
92.371214,30,374.808136
88.560338,30,375.373065
583.21485,16,375.671238
-43.834544,30,376.192392
513.248923,15,376.458573
563.726615,11,376.665611
549.151648,2,376.699131
610.015289,23,377.208409
587.547983,4,377.27982
477.953357,25,377.735029
-122.726498,30,378.267822
453.329647,28,378.810425
704.047501,7,378.94021
453.387134,27,379.389939
531.443398,29,379.872317
707.043981,29,380.390774
540.152356,13,380.635438
-12.061711,30,381.164973
-52.47953,30,381.67608
-101.36932,30,382.261507
590.403436,4,382.334292
398.877569,28,383.089857
638.190111,10,383.299487
509.739843,20,383.663638
-67.578299,30,384.19348
626.81832,11,384.422412
560.599913,9,384.650335
-201.415721,30,385.200803
-22.260745,30,385.708907
-182.399902,30,386.207559
-140.639974,30,386.72702
563.042691,7,386.888507
483.052651,19,387.195733
152.382753,30,387.721337
602.040409,20,388.043211
589.543059,2,388.082298
493.3417,14,388.369259
11.356264,30,388.900742
78.666187,30,389.392623
535.299071,8,389.545868
-92.327819,30,390.006527
546.092861,11,390.178962
55.60762,30,390.636852
493.582876,15,390.890493
658.576802,28,391.375177
703.027991,19,391.666656
588.869294,16,391.943585
576.01433,17,392.370854
473.718961,25,392.982974
58.047418,30,393.656619
546.556507,12,393.859435
29.234257,30,394.34497
41.19335,30,394.844038
514.182793,10,395.012699
605.114516,15,395.267183
610.913566,13,395.476875
162.556916,30,395.973341
658.523494,20,396.34405
658.315802,13,396.553637
505.132254,21,396.929469
-2.88135,30,397.436618
-20.71908,30,397.964321
4.348,30,398.503889
52.994434,30,398.998337
-184.868728,30,399.455421
685.188304,28,399.86167
136.39866,30,400.313506
216.596764,30,400.778366
100.940395,30,401.270054
512.678683,21,401.582504
576.846745,16,401.837334
457.472247,27,402.410969
527.045786,10,402.607341
428.756366,26,403.06425
527.039432,23,403.425775
-106.295065,30,403.942272
42.894786,30,404.415751
538.278454,17,404.739526
713.920401,20,405.349317
29.916213,30,406.067113
-0.598666,30,406.623365
-161.019025,30,407.183551
155.384035,30,407.725464
616.537103,11,407.92391
813.174908,9,408.098688
603.729083,13,408.342065
562.141833,24,408.769276
647.549542,18,409.040512
-9.081818,30,409.488649
630.965377,23,409.832398
932.546418,27,410.256696
555.452751,20,410.560085
-75.726674,30,411.049062
817.073037,29,411.500373
801.717535,8,411.619773
-141.868679,30,412.098236
556.278723,19,412.394736
15.410094,30,412.878469
476.122386,22,413.209568
21.315056,30,413.679572
471.64519,17,413.948936
517.621731,28,414.368976
580.715462,21,414.688116
-14.556104,30,415.145809
583.230065,4,415.203433
-129.935801,30,415.655985
586.151949,22,416.015331
545.270585,8,416.148702
585.689111,17,416.397954
49.713609,30,416.843845
577.276412,18,417.115259
509.80995,14,417.320148
589.743222,4,417.37909
81.237757,30,417.822725
84.884635,30,418.271616
900.889793,8,418.391365
751.426525,20,418.697115
692.958257,22,419.032817
585.635607,19,419.325007
559.702941,19,419.605898
485.504879,21,419.913227
650.232404,13,420.109235
498.899283,15,420.33968
85.316985,30,420.796633
-69.742331,30,421.276865
491.442068,22,421.621011
543.21815,7,421.724679
-75.189156,30,422.175995
564.901119,16,422.412777
32.233844,30,422.921523
588.420507,5,423.00711
721.82081,21,423.35622
-59.066786,30,423.834609
18.43914,30,424.338815
-19.082628,30,424.856997
553.70171,19,425.182871
627.95606,15,425.395274
-145.510587,30,425.864657
561.1084,16,426.127679
610.880231,4,426.193289
557.797376,3,426.237107
-33.894561,30,426.690475
608.832513,15,426.920224
669.589018,29,427.352975
734.132959,24,427.703383
82.341702,30,428.169887
553.733151,10,428.334836
-74.397854,30,428.815442
669.014578,16,429.049684
-107.904692,30,429.508379
565.167515,25,429.923099
107.89927,30,430.381635
94.907957,30,430.841913
449.412951,21,431.243845
638.085221,14,431.524399
-79.359614,30,432.101101
703.875059,30,432.578712
113.426057,30,433.061992
545.542015,10,433.243282
494.653615,14,433.482857
642.189277,24,433.898244
87.769228,30,434.499548
-31.023667,30,435.000719
517.37723,18,435.323195
97.830428,30,435.796127
753.618509,28,436.243928
600.40182,21,436.611482
-14.596319,30,437.094815
706.932686,24,437.450802
551.839011,28,437.909895
-23.853791,30,438.402772
34.951778,30,438.872676
577.804308,8,438.986265
538.631342,30,439.435966
660.5708,20,439.759641
447.373992,27,440.370684
940.804746,24,440.749022
33.848033,30,441.204736
472.382566,19,441.514589
-7.74675,30,442.018557
801.45332,8,442.153337
-233.188596,30,442.619852
619.280097,24,442.994688
600.413514,11,443.204215
595.863851,2,443.236994
736.855337,17,443.503048
547.278431,9,443.650864
187.598953,30,444.189015
541.792031,28,444.617884
649.221141,12,444.797348
574.407111,11,444.969064
590.566624,2,445.002177
569.317089,10,445.179759
465.786623,19,445.475724
598.482671,13,445.693835
773.455252,28,446.182636
566.61491,16,446.449453
589.937192,6,446.55144
-27.968401,30,447.044734
139.548036,30,447.549644
145.203332,30,448.06479
160.62973,30,448.581211
498.066586,23,448.971293
490.095982,16,449.230812
608.257097,11,449.398308
520.366592,14,449.610901
-66.551676,30,450.106708
-88.43637,30,450.585247
206.719159,30,451.150275
660.301547,17,451.408494
-191.040906,30,451.924651
68.213912,30,452.405321
590.001542,18,452.690167
503.323167,28,453.123402
720.953014,30,453.610104
136.627776,30,454.057259
566.768121,9,454.200182
594.977465,26,454.596983
132.540502,30,455.258483
-42.749389,30,455.746258
508.176857,14,455.960864
561.278082,3,456.002478
565.097926,13,456.200934
-53.067867,30,456.643853
110.867879,30,457.092289
-107.79238,30,457.534135
13.442981,30,457.992042
666.189513,15,458.246454
650.036129,16,458.480063
512.197578,14,458.697191
657.819974,30,459.155637
525.820306,18,459.433457
20.762795,30,459.890965
519.857923,27,460.297971
541.457232,21,460.636932
0.01636,30,461.148858
15.1126,30,461.668536
706.020464,23,462.013294
466.07968,24,462.423752
33.125308,30,462.866852
676.806738,15,463.082204
553.814144,6,463.182402
571.450464,10,463.323296
528.616201,15,463.545771
540.883839,26,463.945328
516.633396,15,464.173032
640.809421,13,464.365067
506.777576,25,464.750265
586.194061,30,465.199894
-83.173789,30,465.644327
136.04348,30,466.080829
879.162583,27,466.493634
-23.116007,30,466.94894
679.165181,15,467.172524
60.307752,30,467.644428
740.099179,27,468.075373
557.539204,17,468.345581
-62.109172,30,468.80079
-8.47773,30,469.293531
-50.29554,30,469.832958
124.600413,30,470.320577
528.18269,12,470.511425
-79.415911,30,470.976928
631.643473,25,471.350395
458.43369,20,471.660826
-83.55353,30,472.143899
-55.977945,30,472.599451
-65.971697,30,473.08572
554.239761,15,473.333303
571.724073,14,473.548808
617.34667,23,474.14442
-125.512266,30,474.635364
-34.332919,30,475.105827
581.274326,19,475.40791
-238.004605,30,475.892412
-21.622488,30,476.361626
645.469985,21,476.684287
551.377818,14,476.88669
688.566335,27,477.351335
495.174519,25,477.743697
54.034634,30,478.206448
45.372815,30,478.701018
469.428783,19,478.994154
584.977308,16,479.237313
631.987083,6,479.32255
562.263099,27,479.751944
65.821142,30,480.227814
591.0085,11,480.394199
488.476504,23,480.745154
91.299636,30,481.258799
524.930562,13,481.506612
653.480461,18,481.846141
581.189734,9,482.036623
185.459973,30,482.850096
117.789404,30,483.315417
1050.263179,19,483.591922
877.298311,24,483.968496
559.48746,29,484.4129
528.60363,10,484.556713
50.148425,30,485.053009
633.521286,30,485.55356
609.213017,27,485.958091
628.181383,10,486.104594
618.783913,20,486.394651
113.91177,30,486.837057
569.25469,11,486.995536
545.803225,27,487.393466
-39.715697,30,487.830423
155.280046,30,488.282973
65.373923,30,488.739961
453.844156,23,489.073475
718.21971,28,489.482358
654.571361,18,489.744705
682.663686,22,490.064547
561.441369,24,490.424057
628.1843,22,490.754442
657.16884,24,491.106261
691.243953,25,491.486147
593.854095,16,491.733342
504.910946,17,491.993948
105.380144,30,492.47761
577.863768,23,492.838824
570.025668,22,493.159709
76.666686,30,493.590828
464.950535,18,493.875312
-172.00852,30,494.323418
519.444463,29,494.752208
551.375431,29,495.173266
502.574385,14,495.378097
694.507756,5,495.452094
679.146007,10,495.596797
865.205048,12,495.79513
584.064572,23,496.13519
64.248941,30,496.571725
525.354209,12,496.75607
778.611461,30,497.204783
90.96938,30,497.646823
682.743208,28,498.064133
610.347422,25,498.47979
493.365488,17,498.824484
-3.351517,30,499.360802
831.446937,30,499.830546
402.203806,29,500.277207
650.494292,9,500.428911
509.070897,13,500.620768
867.503858,19,501.016783
567.872021,7,501.144197
-33.506542,30,501.601929
495.547155,25,501.973313
-8.839103,30,502.401921
578.649872,19,502.672195
607.851729,19,502.938727
724.544418,13,503.141316
-5.328454,30,503.563019
523.125791,21,503.865306
557.954667,4,503.926842
4.446128,30,504.357608
534.615037,13,504.543164
568.808078,7,504.651002
635.284829,23,504.991591
1396.851262,28,505.394403
-76.119088,30,505.82721
574.710776,20,506.117286
591.962804,25,506.467785
454.045997,21,506.78149
616.900668,22,507.099717
430.274775,23,507.441325
562.82019,18,507.711146
6.036224,30,508.14416
476.007458,27,508.538486
688.412292,25,508.895962
455.698428,18,509.169342
646.593506,15,509.385195
673.793483,13,509.647413
520.092522,26,510.177706
627.779068,19,510.51122
440.812121,19,510.867331
519.308636,20,511.280666
621.44937,26,511.756665
402.018685,24,512.172365
-160.703579,30,512.611041
697.722832,25,512.990675
595.122501,14,513.211901
887.008106,16,513.45932
687.57319,16,513.720225
616.72531,20,514.058291
-19.067063,30,514.519788
-58.190856,30,514.979713
579.935843,18,515.254045
-9.613279,30,515.707896
744.814918,24,516.08
576.495373,7,516.206259
565.450691,17,516.473279
549.763568,15,516.723219
524.205985,25,517.128808
445.38562,23,517.548673
37.728983,30,518.082339
731.429504,29,518.573462
568.398693,23,518.952997
556.539685,27,519.384731
46.621838,30,519.849258
599.772913,8,519.991598
-96.043199,30,520.46206
639.55427,19,520.800678
26.122173,30,521.283063
-2.898289,30,522.143965
118.517767,30,522.663784
458.001875,26,523.067927
-72.633075,30,523.548842
121.799312,30,524.0824
655.039979,21,524.427274
173.488064,30,524.957077
10.79194,30,525.489367
548.385464,9,525.646146
705.450763,28,526.112058
317.701507,30,526.591042
495.976796,18,526.890278
527.75636,25,527.31031
592.617722,18,527.585746
527.993175,18,527.900888
584.547178,16,528.179699
581.801411,19,528.490056
489.600408,21,528.850656
661.047658,21,529.183516
-29.078866,30,529.918783
-115.284731,30,530.407356
509.360942,19,530.855603
-13.359193,30,531.422598
622.501358,25,531.937049
529.389799,20,532.363246
-4.55803,30,532.962752
511.478339,16,533.239707
630.706418,18,533.54034
513.332652,12,533.788036
262.946934,30,534.327963
70.144441,30,534.949328
122.57114,30,535.49095
546.275968,19,535.786641
-215.716708,30,536.295807
-90.325777,30,536.801483
-31.379007,30,537.263624
34.591801,30,537.72138
626.057266,19,538.010609
577.402488,18,538.299769
109.81965,30,538.801108
533.650287,13,539.00922
561.38905,13,539.224002
31.513964,30,539.710105
589.218575,24,540.088579
55.161185,30,540.61844
463.995025,20,540.958896
627.834404,24,541.374629
691.89574,15,541.605905
64.508945,30,542.128538
102.997685,30,542.622561
490.203537,15,542.868037
-167.545643,30,543.332776
514.624642,19,543.641076
781.666498,25,544.07198
572.701454,25,544.456972
-45.623023,30,544.911839
449.814489,22,545.264371
549.591554,19,545.554284
149.428116,30,546.051132
639.012208,10,546.202137
514.874686,20,546.498718
614.635916,14,546.729094
489.425733,28,547.169285
568.094659,7,547.288614
645.673264,5,547.365931
525.472014,9,547.508703
4.868006,30,547.97858
599.708153,25,548.394915
14.518989,30,548.858893
508.067696,26,549.331719
60.635712,30,549.820887
874.531033,4,549.884348
685.723443,28,550.338497
129.784328,30,550.998105
730.553503,26,551.493573
571.0444,2,551.525582
588.1395,8,551.661229
126.741152,30,552.2297
691.996376,29,552.720508
582.919091,21,553.059189
581.113595,19,553.372632
559.951809,7,553.492381
550.962704,27,553.961464
783.641465,11,554.161694
1192.172102,13,554.390392
604.588267,14,554.613168
513.141592,20,554.93881
470.107651,22,555.309087
-5.818029,30,555.770494
-0.043578,30,556.256927
567.061121,19,556.584743
495.462965,19,556.917434
600.593332,12,557.095742
547.058113,6,557.197812
429.28462,22,557.551186
1365.313751,9,557.700857
448.97724,27,558.141214
614.56616,13,558.370845
788.608686,17,558.635326
952.552879,25,559.017565
533.39019,20,559.493725
530.912568,6,559.578482
794.550642,29,560.016437
31.537142,30,560.458889
575.776,8,560.578823
27.658794,30,561.051933
528.586023,20,561.352486
2.472277,30,561.795853
761.978523,26,562.2173
619.177537,13,562.414519
-65.195903,30,562.885591
617.553891,15,563.139449
-77.25841,30,563.587584
634.140657,21,563.91983
620.91875,22,564.290619
671.204979,23,564.674697
125.572711,30,565.170724
722.076354,21,565.482958
49.38341,30,565.928002
511.796437,16,566.168729
509.169484,12,566.356142
619.334374,24,566.722003
-4.030092,30,567.199608
-43.646395,30,567.667746
598.39086,27,568.058491
83.898793,30,568.511032
425.16015,24,568.896559
915.076795,28,569.338073
242.827977,30,569.89457
574.32942,20,570.199053
488.897651,12,570.401031
-82.930513,30,570.902478
-97.906713,30,571.396101
551.523977,28,571.861297
917.927252,21,572.226147
-99.899448,30,572.734855
472.315353,18,573.029006
-42.863639,30,573.501843
568.385257,20,573.824113
99.747523,30,574.295831
-140.772665,30,574.761193
540.371095,6,574.862967
626.995673,6,574.970211
112.670446,30,575.476313
120.815409,30,575.938953
528.06659,11,576.105055
593.37501,24,576.495664
529.218368,25,576.913873
753.215256,11,577.070869
85.086812,30,577.524357
497.190359,15,577.751505
121.540135,30,578.232258
-65.760933,30,578.739275
680.324454,8,578.878894
5.028589,30,579.432152
60.185088,30,579.91943
130.402938,30,580.435264
612.279891,8,580.561402
471.106236,19,580.880867
-16.719741,30,581.373954
-83.858789,30,581.884387
494.309856,30,582.428753
590.026399,6,582.526553
682.785363,28,583.01818
559.86418,7,583.125237
-112.364215,30,583.591624
28.112686,30,584.07935
101.742188,30,584.578531
509.769915,19,584.890932
536.929658,9,585.033973
523.362538,19,585.342122
-56.122999,30,585.878536
524.565405,15,586.126764
555.859724,28,586.607769
574.696534,28,587.101988
-10.488417,30,587.604757
603.108324,25,588.06985
638.508706,18,588.379893
83.853257,30,588.855396
816.16083,18,589.151069
762.282189,17,589.434727
669.782428,11,589.622894
540.996254,26,590.115712
-46.422988,30,590.587127
534.53707,27,591.239985
756.202315,28,591.715741
538.430661,7,591.844428
-129.345763,30,592.323422
484.883163,21,592.646127
155.155718,30,593.153745
605.536074,7,593.282487
497.386046,21,593.662786
499.976266,24,594.10868
585.037794,17,594.410095
625.401511,2,594.442164
461.763655,20,594.808024
466.625664,23,595.191227
637.791385,18,595.477837
758.610684,30,596.042414
-12.294497,30,596.5773
448.333978,21,596.929401
431.908257,23,597.293702
552.888827,10,597.449334
636.143007,3,597.49537
765.656439,27,597.974772
500.204341,14,598.209689
562.524122,10,598.389308
-14.291507,30,598.886071
709.500721,29,599.359854
640.120164,24,599.753824
509.424457,17,600.029007
672.241969,11,600.211762
495.357623,16,600.473293
692.180013,21,600.857339
588.667306,10,601.043429
593.416217,12,601.282316
531.496776,11,601.466504
515.245061,19,601.795516
117.929051,30,602.300711
557.697446,20,602.602545
553.450597,16,602.864322
657.510737,15,603.182412
607.550598,20,603.537719
190.155045,30,604.050148
206.796556,30,604.532013
151.102222,30,605.25067
629.287599,6,605.391616
560.763351,13,605.641923
596.860097,5,605.73667
714.374333,12,605.950206
532.042214,15,606.22487
649.646074,20,606.55688
484.668398,24,606.976528
50.678777,30,607.484908
539.977695,26,607.938697
531.46562,16,608.190838
618.358468,12,608.40115
599.694489,13,608.615041
624.866825,21,608.976032
205.857448,30,609.477075
593.848314,7,609.58309
503.818983,13,609.798348
514.843289,29,610.304749
443.001095,26,610.717584
506.811162,20,611.050716
545.807254,14,611.274345
593.797251,23,611.630122
562.426357,17,611.913933
612.965536,11,612.07594
412.676256,24,612.447269
-27.889558,30,612.92812
124.229494,30,613.414345
844.381109,20,613.962635
518.755919,12,614.177829
583.078466,19,614.483439
523.240415,12,614.677411
525.105566,21,615.006439
732.827455,23,615.385621
519.884088,11,615.567003
487.41473,22,615.95768
640.684866,13,616.174493
580.980779,20,616.502375
61.574433,30,617.018817
523.174813,16,617.283986
-58.297751,30,617.759846
632.13704,15,618.00296
606.436367,14,618.264437
553.263143,21,618.589555
568.130311,24,619.074338
533.079003,12,619.398996
843.277303,17,619.843733
556.256255,19,620.147773
625.98535,16,620.408997
586.375174,12,620.603408
251.902416,30,621.151982
554.288624,10,621.316071
533.481784,8,621.447276
538.419185,12,621.682437
735.981446,21,622.052917
569.328091,21,622.419524
540.003081,14,622.683145
-57.679341,30,623.22614
474.078429,29,623.696061
564.557577,8,623.830538
-77.378951,30,624.30759
477.476041,19,624.58799
82.718385,30,625.074685
153.692253,30,625.61884
530.073218,11,625.809649
668.381151,7,625.922813
-58.168934,30,626.41041
229.264843,30,626.924772
614.968929,17,627.195964
562.926479,22,627.57058
568.72768,15,627.82173
506.33861,17,628.226259
545.500189,18,628.519984
576.485575,9,628.661044
300.652252,30,629.253442
219.718725,30,629.777817
465.581034,20,630.114234
551.990308,10,630.27064
581.143161,21,630.611241
493.002048,23,630.975893
732.973176,28,631.415334
542.895267,15,631.659082
573.729086,24,632.081171
600.817887,14,632.311321
538.681116,20,632.636051
105.459941,30,633.095804
234.411905,30,633.776922
548.744743,2,633.811577
522.249594,11,634.013071
505.729692,25,634.410491
598.012532,30,634.846103
529.588712,21,635.191259
611.288338,7,635.29388
534.91583,11,635.474283
548.875929,3,635.52775
595.214287,15,635.760451
703.021396,20,636.075189
558.276304,21,636.428401
432.874464,24,636.896915
509.129876,15,637.124239
560.635323,16,637.355523
559.705358,12,637.536658
519.715495,16,637.781724
537.246452,10,637.934874
577.015861,30,638.4517
179.445253,30,638.948868
100.131335,30,639.444749
500.477604,18,639.727303
561.553532,6,639.817405
156.413904,30,640.276547
516.8784,10,640.436283
565.451006,11,640.600786
128.088259,30,641.084604
719.7252,11,641.263451
158.650646,30,641.730189
576.665827,18,642.010255
530.908028,13,642.284078
682.211381,17,642.579476
735.851524,30,643.090736
-109.230016,30,643.561257
552.114175,27,644.015975
561.283469,16,644.274117
560.11241,30,644.740823
641.063673,27,645.20861
587.114687,24,645.572812
508.669932,9,645.721107
473.268377,22,646.065976
573.038909,18,646.343964
519.742587,17,646.635265
508.371231,14,646.873852
655.060796,25,647.264256
81.897597,30,647.744803
541.163871,11,647.903846
87.316519,30,648.362286
603.316194,8,648.482846
730.369291,7,648.592894
530.961806,15,648.843535
686.6486,17,649.095245
601.981501,14,649.321187
714.94187,30,649.772692
629.010568,12,649.951716
-19.191696,30,650.422919
564.997993,15,650.673863
154.77427,30,651.188376
105.205698,30,651.672005
599.704016,8,651.807505
601.492805,23,652.170474
651.891117,18,652.461137
681.306858,30,652.915862
575.085158,7,653.030208
566.669959,13,653.246457
592.381049,17,653.50665
551.537133,14,653.736059
627.357209,13,653.959115
516.900547,13,654.164285
545.584261,11,654.336032
837.678121,24,654.742655
750.427169,17,655.012984
509.261314,10,655.177855
640.839544,4,655.23705
763.914577,30,655.714898
725.722107,19,655.998016
588.409122,21,656.323563
641.16025,20,656.792353
262.00101,30,657.250111
547.980649,15,657.490654
812.427085,6,657.591018
581.511817,8,657.726162
554.808346,22,658.08233
456.467692,24,658.461143
550.341731,12,658.642993
582.201365,11,658.799757
523.00824,13,658.99742
143.758023,30,659.456341
573.103185,17,659.724483
16.682278,30,660.19641
773.962283,18,660.474156
476.645347,24,660.849603
26.864241,30,661.316584
637.851027,20,661.641555
-89.966884,30,662.125886
-116.369783,30,662.567463
677.945233,26,662.967406
538.950729,14,663.193891
508.320207,16,663.441541
670.100141,24,663.81397
505.933521,13,664.008429
40.734643,30,664.512659
590.540756,19,664.833297
515.543834,10,664.992787
635.180848,28,665.447163
497.177463,16,665.69325
706.74521,23,666.046875
623.493728,17,666.305553
663.741624,11,666.481032
601.881599,21,666.815344
514.996436,17,667.084664
706.123363,3,667.153154
630.354637,16,667.503003
733.638561,17,667.857349
743.72825,29,668.413437
215.734771,30,668.962221
637.518491,20,669.315617
700.583766,13,669.553875
152.635206,30,670.154558
586.40347,23,670.558201
537.557466,5,670.656879
83.099153,30,671.218428
508.17166,11,671.425982
22.548841,30,672.000953
585.620382,26,672.495829
749.125825,19,672.882856
447.246296,20,673.250516
719.800619,25,673.6223
170.938198,30,674.095422
779.543867,24,674.503071
-40.132885,30,675.023947
558.706678,12,675.209316
-12.11026,30,675.721643
72.754832,30,676.191055
546.406272,19,676.47339
706.400993,17,676.739657
565.791611,7,676.848538
604.311065,11,677.005002
631.599435,27,677.428607
507.87448,15,677.677998
499.336974,13,677.872466
615.167693,13,678.058552
572.249001,18,678.33826
785.602379,13,678.538783
549.409127,6,678.637662
747.382333,24,679.023591
679.344242,12,679.209435
224.351115,30,679.653144
534.578408,11,679.843984
545.41924,20,680.160688
63.68919,30,680.652651
570.567254,8,680.773386
713.630133,11,680.956146
-7.19066,30,681.437794
616.639091,25,681.865436
611.69606,22,682.194863
115.246653,30,682.718894
590.704244,12,682.927181
546.049945,30,683.456301
597.648404,14,683.755435
-62.817512,30,684.299791
692.704928,28,684.841516
737.658834,24,685.369288
545.377509,12,685.60488
-91.349679,30,686.188953
542.281402,22,686.592298
602.030731,17,686.90759
568.392304,15,687.402037
523.391207,13,687.757943
555.822759,20,688.087234
450.244706,19,688.399133
-131.904555,30,688.87863
518.791703,14,689.127933
563.576782,8,689.26704
681.731689,11,689.448348
573.134302,13,689.639298
510.794528,24,690.023025
739.710037,23,690.385046
475.058865,20,691.015936
562.385134,15,691.258795
-114.044131,30,691.754628
102.916597,30,692.266212
641.440801,28,692.767608
459.380598,16,693.030343
505.234271,18,693.320191
517.397569,18,693.633766
578.304975,13,693.852065
133.615808,30,694.453857
570.483968,9,694.652981
468.249028,22,695.086892
613.397394,1,695.108917
521.15195,11,695.303944
469.365345,23,695.686268
507.8494,13,695.87345
28.339325,30,696.307078
1161.054811,10,696.572861
565.145405,17,696.845967
559.069447,17,697.088827
484.030434,20,697.394351
575.812599,17,697.812746
503.291142,16,698.102403
570.094374,8,698.224749
552.177863,13,698.417463
36.456534,30,698.919016
599.980512,14,699.162856
589.045389,18,699.450667
661.074051,25,699.882489
578.331603,30,700.375164
605.930233,10,700.536179
530.681216,22,700.901223
638.569143,20,701.228837
525.337135,10,701.378131
485.827584,17,701.652853
171.688588,30,702.202147
-17.697255,30,702.705526
556.220732,16,702.957455
-202.182274,30,703.415272
760.419683,19,703.706211
65.310715,30,704.149819
755.692373,29,704.572183
573.053271,25,704.971663
801.247309,30,705.468076
525.660411,15,705.708368
599.783299,11,705.877675
-118.665771,30,706.370719
609.630902,10,706.539403
15.026977,30,707.044959
790.957422,18,707.320126
591.176266,17,707.790407
708.341667,24,708.164119
721.516132,30,708.64423
97.942426,30,709.141648
648.009999,16,709.41626
529.531432,16,709.680763
522.92504,19,710.011153
646.978019,13,710.225485
546.495959,10,710.382151
603.657218,10,710.541986
687.72117,29,711.00171
586.345491,15,711.226707
694.968719,16,711.460934
633.246701,16,711.706165
671.967124,30,712.16247
494.959014,20,712.466268
580.824631,13,712.686698
515.501255,19,712.996889
461.733259,22,713.373841
-116.936167,30,713.84843
514.29837,14,714.051985
1716.575641,10,714.213278
612.449538,13,714.398616
540.080331,6,714.492313
500.962682,17,714.77424
648.606594,19,715.06959
174.408717,30,715.552368
538.319848,22,715.893099
493.452719,16,716.165879
490.887887,15,716.4222
516.297338,13,716.633054
528.120419,13,716.833895
547.169126,25,717.207895
554.9545,7,717.315851
800.0143,28,717.744836
595.070188,30,718.210747
859.057843,25,718.593997
522.423721,21,718.928379
-91.976163,30,719.403587
584.865411,10,719.555788
532.415816,7,719.677889
94.249692,30,720.143736
504.353193,11,720.319103
532.172609,14,720.559637
538.235031,19,720.898603
210.485246,30,721.345044
667.169527,16,721.582217
604.907647,11,721.749297
335.206753,30,722.235712
653.189685,9,722.376768
577.549996,11,722.542582
533.150428,19,722.832026
-29.018776,30,723.316535
656.779035,12,723.500498
674.539136,19,723.825839
613.773442,24,724.221988
561.658067,11,724.391554
633.871497,20,724.707094
665.79061,21,725.054893
-47.771201,30,725.511407
472.177139,15,725.77423
587.520599,11,725.940758
400.551177,26,726.416546
642.78545,29,726.886184
718.23867,16,727.139466
525.899069,14,727.367447
589.600681,16,727.616803
-0.460387,30,728.171758
685.785952,23,728.542037
594.40232,4,728.613211
495.090285,20,728.983634
626.277398,11,729.190864
582.784741,9,729.354976
561.725636,24,729.741623
518.473967,18,730.04024
622.94511,7,730.164628
663.982433,22,730.694113
633.594625,13,730.920017
469.161827,21,731.31751
716.904775,25,731.781586
608.282338,26,732.256706
118.01811,30,732.788257
678.999573,24,733.220568
750.406612,27,733.67627
218.412247,30,734.182313
698.022905,20,734.523533
645.47102,18,734.823061
587.631591,11,734.994595
638.096133,20,735.317693
520.206302,10,735.47237
528.774397,16,735.730841
564.876612,18,736.07989
528.933387,17,736.385851
-53.647907,30,736.959442
228.763945,30,737.483985
555.813229,20,737.84654
411.064541,26,738.266598
658.474657,12,738.449706
792.528926,18,738.735436
584.550506,19,739.028085
273.316377,30,739.515641
582.754978,15,739.766932
457.933097,19,740.054392
532.226597,18,740.34354
-151.098494,30,740.839897
582.096611,12,741.022899
464.281146,22,741.361259
561.805643,20,741.68819
567.186753,18,741.970232
452.446576,23,742.333163
502.798222,17,742.598664
606.231735,14,742.823466
805.338674,21,743.153005
532.334146,27,743.566451
600.120036,15,743.824944
570.360686,2,743.855537
841.388214,22,744.212198
558.44142,18,744.491933
544.993139,6,744.579489
558.319058,19,744.895472
475.263277,15,745.140449
482.536938,24,745.516594
599.450805,12,745.710575
43.60926,30,746.211333
604.39191,3,746.260064
271.979838,30,746.708889
489.57005,15,746.93621
96.72634,30,747.46169
597.588958,24,747.891352
-46.902911,30,748.419189
127.787461,30,748.880039
165.246529,30,749.36421
851.691527,27,749.917491
484.619853,15,750.201049
-117.405055,30,750.712696
591.861127,22,751.103929
460.986749,23,751.524036
510.110982,14,751.787121
612.24838,15,752.087492
765.658528,15,752.321115
683.306454,24,752.711756
740.029705,24,753.084407
652.755698,29,753.530938
487.501139,17,753.815895
590.936902,21,754.177242
-93.071792,30,754.834039
749.311077,20,755.180899
472.120454,16,755.424721
566.027749,10,755.604609
585.112609,9,755.762784
23.376752,30,756.230185
589.576095,20,756.53327
823.63619,21,756.889569
516.717545,14,757.093822
74.878642,30,757.556984
680.019646,19,757.881384
467.038453,23,758.242488
255.624814,30,758.810755
603.634488,25,759.299315
618.44644,13,759.552946
629.0056,20,759.947607
-94.491286,30,760.517053
664.307214,14,760.811092
496.044398,11,761.03029
652.185938,25,761.545013
478.278839,17,761.964149
644.349714,20,762.447885
693.022541,20,762.813379
473.495976,23,763.274784
698.189392,16,763.597499
527.889762,5,763.707219
617.742651,17,764.07541
40.520458,30,764.740862
682.764519,26,765.257465
598.60637,12,765.488585
807.16411,20,765.888886
120.295977,30,766.49189
202.613665,30,767.107618
120.258063,30,767.739722
565.74124,6,767.864959
538.038893,22,768.321449
638.275373,13,768.571409
570.374748,3,768.636105
-59.889229,30,769.250373
552.920222,13,769.526528
971.331943,21,769.953986
591.502234,20,770.36198
542.116935,29,770.956923
773.198151,17,771.336148
871.60666,21,771.742307
789.241454,26,772.273325
542.042524,19,772.659128
565.708799,17,773.027114
534.949665,20,773.447164
542.753384,15,773.7537
508.097291,9,773.930432
623.25985,3,773.994609
593.271486,24,774.483191
-25.917097,30,775.248363
634.564568,3,775.304234
514.730377,26,775.812271
528.398646,18,776.167092
573.850556,25,776.686537
560.040365,20,777.064522
464.817802,22,777.503262
568.985424,12,777.745867
577.695517,15,778.064427
571.342672,21,778.475033
487.926134,16,778.790684
567.528415,17,779.115787
530.454232,23,779.547237
626.273413,25,780.030031
564.690752,11,780.248593
639.139312,5,780.341485
494.548464,12,780.566335
519.598914,10,780.773534
38.369963,30,781.351821
847.772833,27,781.871845
661.982941,18,782.217422
783.845731,16,782.519039
640.14312,17,782.86249
-212.42851,30,783.439269
484.493612,16,783.759951
-13.10323,30,784.337766
672.247744,20,784.734497
753.152138,7,784.875986
542.919431,26,785.378712
701.589479,25,785.852784
-48.149437,30,786.42425
357.057143,30,787.011767
894.405363,21,787.411142
-48.596898,30,787.975719
554.921171,12,788.212941
563.838786,18,788.550505
537.629613,9,788.729941
560.73253,15,789.009868
647.772107,21,789.412801
635.97008,9,789.579681
657.75182,14,789.860154
769.845285,30,790.426879
539.977647,28,790.96478
54.403687,30,791.533608
468.839102,27,792.059184
278.463672,30,792.625772
567.117378,14,792.897285
618.884716,22,793.316517
646.874328,6,793.431571
628.621569,12,793.658644
813.046583,23,794.0705
487.151237,15,794.358984
614.624754,19,794.72386
737.876221,23,795.16902
612.053636,29,795.713764
544.663153,5,795.789724
652.457596,18,796.053245
599.086651,25,796.513669
613.910748,20,796.906502
-65.319163,30,797.476912
94.214197,30,798.076746
663.043364,16,798.402675
-14.90897,30,799.001508
639.59498,14,799.273914
637.144417,22,799.688254
566.103542,11,799.896649
686.149296,25,800.37613
572.171271,22,800.811892
535.661238,25,801.294146
635.587399,30,801.869342
544.141928,21,802.288695
628.435658,6,802.571839
616.426375,29,803.179828
683.521427,19,803.48042
878.356198,24,803.849498
582.667855,15,804.071322
537.146857,13,804.277383
1.032358,30,804.726536
501.250014,17,805.02346
439.87919,24,805.468605
563.051788,9,805.605138
548.046437,11,805.811313
556.836132,5,805.905278
1019.853595,23,806.3207
541.938216,27,806.798468
954.695152,24,807.202571
552.422417,13,807.47899
639.553246,6,807.592298
659.253117,7,807.732319
503.008998,16,808.030758
416.510662,30,808.600826
563.710653,19,808.918655
573.625329,21,809.264484
548.150687,11,809.43582
552.088924,10,809.587353
607.234603,13,809.792796
538.696735,22,810.15861
536.021461,17,810.461518
607.379071,12,810.697969
561.772657,8,810.855055
599.083756,26,811.350964
527.783154,11,811.558215
727.889589,25,812.036975
519.167479,15,812.331943
721.52267,10,812.521257
551.391834,11,812.72772
164.720759,30,813.252853
507.980959,12,813.484448
439.463709,23,813.919108
500.768934,22,814.252435
234.598011,30,814.725884
811.077675,18,815.069551
522.064738,13,815.280345
671.642504,17,815.598475
591.81631,21,816.145553
80.105763,30,816.870653
-16.51298,30,817.371043
450.418967,27,817.815062
588.242706,15,818.089846
525.517747,20,818.390536
1999.848275,22,818.716618
151.867325,30,819.172306
596.089938,16,819.430024
620.054821,18,819.69673
547.615851,13,819.922109
605.302999,15,820.196828
158.46363,30,820.659104
565.616603,12,820.842891
497.259999,13,821.043317
664.52578,26,821.513184
697.382902,20,821.86098
578.710503,15,822.078179
660.778056,15,822.356695
523.981308,21,822.674401
487.852208,13,822.878981
728.077988,27,823.296694
514.152534,13,823.487487
127.947914,30,823.925764
615.111703,23,824.272547
1708.53058,28,824.692476
542.618238,7,824.799228
572.85544,2,824.834726
589.973727,14,825.053224
606.972248,10,825.216586
507.898918,18,825.482471
667.185012,24,825.841067
562.216238,13,826.030753
456.355239,21,826.376929
578.031971,9,826.514046
572.50932,10,826.675559
550.140647,16,826.923239
514.953769,13,827.113871
259.399648,30,827.573991
685.542465,18,827.883746
517.358278,14,828.09669
506.130305,12,828.297723
747.021476,27,828.707055
527.435935,20,829.032529
562.661092,19,829.357527
979.605922,23,829.743991
89.46746,30,830.242075
744.474089,20,830.541205
-38.82633,30,831.01507
643.935696,16,831.261999
197.820662,30,831.719787
479.870098,22,832.035456
609.585933,9,832.185725
83.749507,30,832.680493
164.698097,30,833.165005
35.357181,30,833.63952
713.985815,27,834.124303
485.747954,18,834.391444
506.876253,13,834.592725
582.032304,5,834.676593
561.736328,14,834.888925
543.790368,11,835.053778
601.994981,21,835.393007
717.222291,19,835.696386
688.415356,29,836.171527
666.511306,28,836.636783
555.781486,18,836.911117
883.696684,21,837.271562
476.151671,24,837.657053
497.893584,25,838.049387
621.909427,20,838.415217
554.627254,18,838.7373
214.574807,30,839.218118
18.251435,30,839.692205
514.39189,13,839.886885
495.995971,19,840.191264
822.591168,20,840.517125
635.105709,26,840.946658
246.915122,30,841.409521
505.287417,17,841.675926
527.451423,10,841.844693
494.9271,19,842.143962
683.244099,17,842.418506
17.883408,30,843.07883
582.679995,21,843.474489
599.568659,7,843.585945
128.780903,30,844.059718
475.033984,28,844.489321
615.751738,25,844.905114
421.242154,29,845.365633
475.607868,16,845.612759
473.341671,22,845.978204
652.494581,8,846.11573
556.835356,3,846.16721
536.813679,15,846.416491
265.526993,30,846.902091
502.086641,15,847.154659
796.339813,30,847.627548
-36.552639,30,848.111072
494.944851,19,848.437691
623.906424,18,848.758445
562.575067,8,848.88782
1382.204839,17,849.179021
443.293925,25,849.55595
489.134542,16,849.824375
724.540844,18,850.145966
702.389163,22,850.496699
448.775524,20,850.824822
746.94135,23,851.207217
22.03866,30,851.75826
508.520494,16,852.010839
38.207176,30,852.501158
827.363612,9,852.639961
534.104843,10,852.802226
500.674276,15,853.030451
695.459151,17,853.294947
537.237835,19,853.603296
870.936322,23,853.978777
177.592538,30,854.429519
166.609144,30,854.894997
787.127117,13,855.090571
678.160188,17,855.347866
618.361364,19,855.627744
580.173055,7,855.755222
482.368775,16,856.201772
482.365959,18,856.481034
769.935592,25,856.881724
763.968872,25,857.297342
590.587934,5,857.400498
546.438045,8,857.532901
653.207084,22,857.904962
300.915341,30,858.420801
769.737835,13,858.618636
59.222254,30,859.106176
549.784932,14,859.326379
521.55888,16,859.583563
-94.380801,30,860.05644
530.404,15,860.291473
533.54782,17,860.558793
-11.368101,30,861.014964
465.4101,20,861.328105
513.781148,20,861.637007
558.803561,6,861.733155
660.721184,17,861.995271
537.868889,29,862.45556
95.433271,30,862.950285
614.868177,19,863.278726
652.450666,7,863.383343
753.921265,21,863.722926
588.003248,13,863.922866
591.847382,12,864.106617
