#{"t_start": 1584054563.0971277, "env_id": "cursorcontrol-v2"}
r,l,t
-318.304,30,5.12105
-277.397452,30,5.147037
-299.148683,30,5.17402
-317.916183,30,6.694126
-318.728896,30,7.066935
-358.665652,30,7.434693
-259.114926,30,7.798482
-358.691492,30,8.178295
-92.116157,30,8.545084
-99.009988,30,8.918846
-17.556997,30,9.289631
-39.168349,30,9.648449
7.207355,30,10.025232
-18.172786,30,10.393022
-18.601372,30,10.748816
1.542076,30,11.100615
2.323787,30,11.452383
0.905873,30,11.801213
0.808378,30,12.158008
1.144771,30,12.514775
-18.694872,30,12.868568
2.687944,30,13.219396
1.205061,30,13.581158
1.060095,30,13.951949
2.259942,30,14.318763
2.296327,30,14.664564
3.994939,30,15.01733
1.187367,30,15.36816
2.026311,30,15.723923
1.331011,30,16.089745
1.239668,30,16.459532
3.294298,30,16.813303
1.924448,30,17.162128
1.293369,30,17.512896
1.967465,30,17.864724
5.8659,30,18.216522
0.810379,30,18.565321
-18.422284,30,18.919092
-18.577931,30,19.277888
1.565445,30,19.629683
1.21918,30,19.980507
0.964304,30,20.332305
1.014174,30,20.683104
1.516286,30,21.041865
8.174773,30,21.394664
3.274573,30,21.754457
1.009352,30,22.13024
1.223834,30,22.505031
1.496678,30,22.860821
0.862419,30,23.209619
1.170743,30,23.566414
1.609721,30,23.924217
0.782303,30,24.285031
1.404406,30,24.634799
1.866576,30,24.985631
2.337711,30,25.339396
2.856167,30,25.685203
1.208585,30,26.040024
1.664055,30,26.390822
2.732046,30,26.74059
1.674148,30,27.098413
1.555683,30,27.450211
1.677976,30,27.799979
2.048532,30,28.152807
7.195379,30,28.505579
1.228575,30,28.857402
0.969625,30,29.219193
1.681929,30,29.583984
0.910361,30,29.937749
1.64262,30,30.289578
2.019197,30,30.639377
2.593826,30,31.00014
4.636627,30,31.356964
1.088521,30,31.706763
7.09691,30,32.058535
2.673671,30,32.418337
1.119024,30,32.770151
0.883845,30,33.125921
1.161105,30,33.480712
0.917995,30,33.835509
1.428239,30,34.185305
15.903962,30,34.533138
1.769417,30,34.883935
1.185367,30,35.235734
2.189603,30,35.590529
3.396924,30,35.951322
1.145983,30,36.312114
4.279387,30,36.66891
1.163403,30,37.035698
2.430881,30,37.384468
1.347179,30,37.739293
0.948634,30,38.112063
2.733406,30,38.59278
0.82346,30,39.035518
1.691546,30,39.394342
1.16529,30,39.754105
8.848356,30,40.104903
1.198969,30,40.454731
1.103402,30,40.805503
1.436998,30,41.181314
1.77355,30,41.534111
2.79579,30,41.890905
1.142919,30,42.245671
0.98003,30,42.602496
1.213812,30,43.049209
1.639016,30,43.484987
0.660858,30,43.832788
0.982385,30,44.183565
1.013195,30,44.535385
8.946285,30,44.888151
1.072963,30,45.239979
0.867355,30,45.592778
5.502293,30,45.953569
1.176001,30,46.339317
2.260477,30,46.844057
1.051348,30,47.29577
6.631419,30,47.660587
1.054107,30,48.022379
1.310899,30,48.375177
1.585805,30,48.732971
2.30689,30,49.090734
0.909473,30,49.461522
1.017776,30,49.810351
0.997933,30,50.269058
1.484254,30,50.675822
0.936823,30,51.034646
1.03455,30,51.393411
7.668639,30,51.750235
-19.070396,30,52.099034
1.306899,30,52.504778
1.014767,30,52.942519
1.185407,30,53.310309
1.4091,30,53.659137
2.438888,30,54.010905
1.141242,30,54.359734
1.790726,30,54.709513
1.162895,30,55.067327
1.567235,30,55.532036
1.432857,30,56.024754
1.187373,30,56.405558
2.398984,30,56.774313
2.223739,30,57.151129
0.879039,30,57.523915
1.047071,30,57.891702
1.723011,30,58.343414
2.201558,30,58.744183
3.47966,30,59.103977
4.235693,30,59.467765
1.207994,30,59.818565
5.179673,30,60.167364
5.554815,30,60.52016
2.16542,30,60.875961
3.694919,30,61.260736
1.006088,30,61.613563
1.154919,30,61.967358
2.273165,30,62.323154
1.117287,30,62.670923
4.144328,30,63.028723
2.861785,30,63.389542
1.477339,30,63.743337
1.771156,30,64.093137
1.190065,30,64.441905
6.634432,30,64.790736
1.178025,30,65.150503
0.909261,30,65.503325
1.751794,30,65.857121
1.118374,30,66.209918
1.24853,30,66.565714
1.210842,30,66.920483
6.824969,30,67.281303
1.419995,30,67.635076
1.532479,30,67.99989
0.832525,30,68.352656
1.228925,30,68.702485
1.208792,30,69.070276
1.813757,30,69.427073
2.6041,30,69.777837
1.237434,30,70.128634
0.789646,30,70.478463
1.572591,30,70.833259
2.204774,30,71.197025
1.515155,30,71.552846
1.031526,30,71.901646
1.199229,30,72.256416
0.956664,30,72.608207
5.476177,30,72.966006
1.513687,30,73.321828
2.098069,30,73.673626
1.095932,30,74.028423
0.829374,30,74.378191
2.342327,30,74.728019
0.862742,30,75.081816
1.310095,30,75.437611
1.258868,30,75.788381
1.817334,30,76.155174
1.689434,30,76.509995
1.19617,30,76.864793
1.80735,30,77.215563
0.938371,30,77.569355
1.094097,30,77.932177
4.596721,30,78.288973
2.385959,30,78.636746
1.779032,30,78.98757
3.176665,30,79.346334
1.22433,30,79.696133
1.857805,30,80.063921
1.301843,30,80.422715
0.841096,30,80.778509
2.158313,30,81.135335
1.553826,30,81.49113
0.824731,30,81.841928
1.839394,30,82.20469
4.748813,30,82.556517
2.133423,30,82.918309
1.748207,30,83.271106
1.785553,30,83.630876
1.126992,30,83.997688
1.43978,30,84.354454
1.101728,30,84.701254
1.490932,30,85.057079
4.373893,30,85.410875
2.010156,30,85.762673
1.541554,30,86.121467
0.938338,30,86.478262
1.315169,30,86.828031
1.395811,30,87.181859
4.416777,30,87.533654
1.260916,30,87.88842
11.647369,30,88.258206
5.453689,30,88.610036
1.149942,30,88.962807
2.060079,30,89.313606
1.842595,30,89.661431
1.157759,30,90.020195
0.844048,30,90.386015
1.883933,30,90.736813
3.316346,30,91.086612
1.95363,30,91.439379
0.816398,30,91.809196
1.446263,30,92.155966
1.541869,30,92.510762
1.755641,30,92.866588
3.401308,30,93.228379
1.103258,30,93.582176
1.446012,30,93.932974
0.985626,30,94.283741
0.856532,30,94.632545
0.775413,30,94.988367
2.76312,30,95.338137
1.068429,30,95.687965
1.599664,30,96.050725
1.307903,30,96.413547
3.303272,30,96.765314
1.67886,30,97.128138
1.4255,30,97.478935
1.924441,30,97.830701
0.95284,30,98.193494
5.944913,30,98.544322
0.778698,30,98.895089
1.083976,30,99.24992
1.9977,30,99.602714
1.773685,30,99.952514
2.33583,30,100.303312
1.005642,30,100.652111
1.107661,30,101.020868
2.279955,30,101.383689
2.587426,30,101.734458
3.151757,30,102.096254
1.046186,30,102.447048
1.230976,30,102.799845
1.417647,30,103.160637
1.576161,30,103.515432
3.885196,30,103.868231
3.327804,30,104.221057
1.586264,30,104.569856
1.045332,30,104.92765
1.677271,30,105.291442
3.235315,30,105.64124
2.595341,30,105.99501
2.989209,30,106.35383
1.58027,30,106.70263
4.086671,30,107.061424
2.197206,30,107.419218
1.173487,30,107.775013
2.350016,30,108.131778
3.249834,30,108.490572
8.707947,30,108.842401
1.198805,30,109.196165
1.227972,30,109.546996
1.481399,30,109.896794
1.70491,30,110.260553
1.340671,30,110.61535
2.98246,30,110.968177
3.135218,30,111.326941
1.419081,30,111.677768
2.249432,30,112.039561
1.259424,30,112.394326
2.163984,30,112.747124
4.408565,30,113.097922
0.888259,30,113.457746
0.884811,30,113.809542
3.242851,30,114.169306
0.976265,30,114.519103
2.939146,30,114.871902
2.054971,30,115.229725
1.826712,30,115.586521
1.780811,30,115.970268
0.937284,30,116.393031
1.139926,30,116.775807
2.789148,30,117.154618
0.938892,30,117.522381
1.057834,30,117.90019
1.269093,30,118.284968
1.399483,30,118.64973
5.338618,30,119.020516
1.424014,30,119.395298
2.347951,30,119.824061
1.484275,30,120.23085
0.921066,30,120.582647
1.581079,30,120.937414
1.578672,30,121.288241
0.761941,30,121.642037
3.357751,30,121.995812
1.852568,30,122.364622
0.880734,30,122.714399
1.58208,30,123.074188
1.196965,30,123.431979
1.292013,30,123.785805
1.085232,30,124.137575
0.916517,30,124.488371
1.973231,30,124.843197
1.334814,30,125.194969
1.377775,30,125.545765
1.039257,30,126.552214
0.878008,30,126.903011
6.776364,30,127.304781
2.059983,30,127.681564
1.648586,30,128.039358
1.662031,30,128.396123
1.31397,30,128.756948
1.895099,30,129.11474
0.796424,30,129.467537
1.357051,30,129.821333
0.90304,30,130.185095
0.977578,30,130.541919
-19.062859,30,130.905685
1.678947,30,131.327445
0.942005,30,131.708219
2.305228,30,132.064044
1.342246,30,132.41881
1.544835,30,132.769608
1.06548,30,133.123405
0.802977,30,133.474233
2.841219,30,133.824032
4.709708,30,134.188797
1.335829,30,134.567603
5.436425,30,134.948361
0.919246,30,135.324169
1.424025,30,135.694926
1.451766,30,136.080733
1.567262,30,136.464482
3.538733,30,136.887269
1.83064,30,137.26702
0.810523,30,137.646803
2.799063,30,138.026614
2.134401,30,138.406397
1.18462,30,138.778152
3.367457,30,139.160937
2.66045,30,139.530749
10.449792,30,139.899508
2.299482,30,140.293279
1.350377,30,140.771006
0.962047,30,141.181767
1.363742,30,141.615521
1.020901,30,142.129225
0.954541,30,142.519031
1.47256,30,142.872803
1.569321,30,143.223625
1.035877,30,143.585417
1.177256,30,143.946185
1.204852,30,144.303978
1.690954,30,144.654783
7.716213,30,145.020569
1.631481,30,145.383383
1.606209,30,145.748142
1.153571,30,146.105968
0.876528,30,146.464761
1.250232,30,146.821556
0.765181,30,147.174353
1.165226,30,147.525121
2.036455,30,147.882945
4.335577,30,148.244707
0.89332,30,148.596506
0.910821,30,148.951302
1.006446,30,149.361073
0.711934,30,149.76986
1.988697,30,150.145712
5.900197,30,150.500508
1.871973,30,150.855274
1.32015,30,151.208071
3.283039,30,151.57286
2.082568,30,151.931661
1.731227,30,152.309467
10.167248,30,152.676256
6.793407,30,153.047013
1.724395,30,153.417833
0.992947,30,153.778598
1.585318,30,154.155373
1.682397,30,154.521195
1.157669,30,154.883986
1.55463,30,155.24278
5.0739,30,155.598577
1.905786,30,155.953373
2.369174,30,156.311166
1.104718,30,156.664962
1.535368,30,157.032727
1.486055,30,157.381528
2.873897,30,157.736345
1.990721,30,158.088144
1.369558,30,158.449935
6.173137,30,158.801709
2.05741,30,159.15051
1.238007,30,159.510296
4.226111,30,159.869119
0.729638,30,160.216898
1.449688,30,160.571715
1.06651,30,160.92851
2.140097,30,161.300295
1.480998,30,161.657091
1.356582,30,162.015887
1.23155,30,162.370651
0.979824,30,162.724477
2.662965,30,163.08427
1.159993,30,163.438067
1.081321,30,163.788839
1.335733,30,164.140662
1.754482,30,164.491431
5.686984,30,164.845257
1.226878,30,165.190059
1.385133,30,165.548852
1.149551,30,165.897654
0.885854,30,166.259412
8.49194,30,166.60922
1.245961,30,166.969035
1.431811,30,167.318805
4.877223,30,167.666603
1.178762,30,168.022429
1.746014,30,168.382223
1.090574,30,168.736019
1.065689,30,169.08879
0.984509,30,169.438615
3.388178,30,169.805375
1.699342,30,170.192159
1.090486,30,170.574931
0.889887,30,170.996719
0.994997,30,171.412451
3.994563,30,171.81725
5.754791,30,172.186035
1.011494,30,172.573814
6.231696,30,172.995547
1.118586,30,173.531229
1.6199,30,174.03195
1.584861,30,174.552649
0.896261,30,174.989423
0.916268,30,175.459152
1.808759,30,175.90987
5.501101,30,176.344614
8.737484,30,176.778362
1.301738,30,177.232103
2.640462,30,177.769792
4.487004,30,178.24053
10.137349,30,178.774215
1.503555,30,179.291948
1.452679,30,179.807619
2.014139,30,180.321331
4.549914,30,180.747086
0.721058,30,181.18483
10.250798,30,181.608616
2.294513,30,182.062332
2.446565,30,182.441114
1.924627,30,182.872858
1.054691,30,183.312635
6.321267,30,183.758379
1.005404,30,184.165114
3.261318,30,184.611888
5.701796,30,185.008631
7.120767,30,185.549318
1.429588,30,186.032047
1.802357,30,186.456798
1.085122,30,186.843589
3.150004,30,187.226356
1.218062,30,187.597147
9.238254,30,187.968959
6.613061,30,188.348739
8.078203,30,188.727521
0.910182,30,189.180232
-19.091844,30,189.553017
3.993066,30,189.949819
0.973878,30,190.325602
5.549578,30,190.73434
1.227804,30,191.120149
1.554076,30,191.525912
2.155759,30,191.930649
1.268664,30,192.331449
2.021664,30,192.731219
1.27858,30,193.135959
-59.227464,30,193.522733
6.514547,30,193.941523
2.257419,30,194.363251
2.403014,30,194.759022
1.165344,30,195.238777
0.848995,30,195.71048
1.481943,30,196.17021
1.358051,30,196.593998
7.275744,30,197.003731
1.967369,30,197.449476
1.042973,30,197.861238
1.572599,30,198.285994
0.884715,30,198.713749
1.644313,30,199.1415
1.765399,30,199.524312
6.607751,30,199.923095
6.833253,30,200.289848
3.982851,30,200.644667
2.052044,30,201.004431
1.662184,30,201.359256
2.285398,30,201.71403
1.106029,30,202.119794
4.599941,30,202.608508
1.146163,30,203.015282
1.511582,30,203.430035
0.925793,30,203.871783
1.920958,30,204.301533
1.921889,30,204.703334
5.73615,30,205.088112
10.176644,30,205.449904
1.243607,30,205.803703
11.215302,30,206.22243
5.591496,30,206.572258
3.204735,30,206.936026
0.766298,30,207.290845
0.990869,30,207.642642
1.796672,30,207.99441
0.9902,30,208.346239
3.84562,30,208.697018
1.531497,30,209.046817
1.023611,30,209.396605
0.756356,30,209.751429
1.068801,30,210.110194
2.93382,30,210.466019
9.678252,30,210.816818
1.034575,30,211.171583
1.375616,30,211.52541
8.577411,30,211.877207
4.215551,30,212.229975
1.146926,30,212.580774
1.587722,30,212.935599
4.82938,30,213.291373
1.503661,30,213.639193
1.087482,30,213.996957
2.427237,30,214.349754
6.242464,30,214.696555
10.221708,30,215.049353
6.383661,30,215.403179
0.653922,30,215.752955
2.943915,30,216.108773
11.281673,30,216.462541
1.655729,30,216.824363
6.025092,30,217.191151
0.79324,30,217.543947
0.811054,30,217.906708
8.683418,30,218.287498
1.124537,30,218.647288
0.85182,30,219.013103
2.67184,30,219.360904
0.851329,30,219.714678
1.299918,30,220.070466
2.449005,30,220.440282
1.99697,30,220.806048
2.355414,30,221.170862
1.243054,30,221.523634
1.508151,30,221.880454
1.26397,30,222.234221
1.897899,30,222.590047
1.884867,30,222.949839
0.955988,30,223.304605
6.186069,30,223.653405
1.394302,30,224.008206
1.091526,30,224.362027
0.9759,30,224.718792
2.740887,30,225.074617
7.140171,30,225.428414
2.292073,30,225.779212
1.683275,30,226.13001
1.249608,30,226.480808
7.294531,30,226.840601
0.964923,30,227.210368
8.149091,30,227.558165
1.509059,30,227.919981
7.603345,30,228.272778
2.103482,30,228.620547
2.414112,30,228.977372
2.780161,30,229.332168
1.589885,30,229.683966
6.133364,30,230.035764
4.200079,30,230.393528
1.168942,30,230.742328
1.23062,30,231.106118
1.068151,30,231.458945
1.33254,30,231.811742
3.078187,30,232.162541
2.2802,30,232.517307
1.409561,30,232.872133
3.226765,30,233.22393
1.717902,30,233.571707
1.234682,30,233.929524
2.584862,30,234.297288
4.723458,30,234.6671
1.00946,30,235.024894
0.910649,30,235.378691
3.459122,30,235.733463
1.353987,30,236.091281
1.488081,30,236.445077
2.093715,30,236.794876
1.135392,30,237.158668
1.303328,30,237.539417
2.88259,30,237.910235
3.531727,30,238.266001
2.006716,30,238.6268
1.792195,30,238.999583
0.838952,30,239.373368
1.128253,30,239.748178
7.328487,30,240.132957
3.715598,30,240.483754
1.561744,30,240.835552
1.142108,30,241.206316
4.304179,30,241.560103
1.055023,30,241.912901
11.836739,30,242.271699
1.553279,30,242.624524
1.150827,30,242.975322
2.259707,30,243.329118
0.926192,30,243.679916
1.979315,30,244.042709
8.886531,30,244.395505
4.829033,30,244.745303
5.107136,30,245.097102
1.003142,30,245.452866
2.140659,30,245.802695
1.14534,30,246.159469
1.50444,30,246.512265
1.131381,30,246.867052
3.092245,30,247.226876
5.633819,30,247.583671
1.228553,30,247.94044
6.745996,30,248.296261
1.482298,30,248.648031
2.425819,30,249.003854
9.943687,30,249.353624
2.233771,30,249.704451
1.180294,30,250.056219
3.577662,30,250.406048
5.820031,30,250.755847
7.182639,30,251.115642
2.156046,30,251.469437
3.400078,30,251.817207
1.30916,30,252.525829
1.386046,30,252.879596
5.557271,30,253.251379
1.318763,30,253.610176
2.975423,30,253.96198
3.036038,30,254.317798
1.698774,30,254.661602
0.791247,30,255.015399
0.77848,30,255.365165
15.90299,30,255.717993
1.14546,30,256.069791
1.958388,30,256.424587
4.950518,30,256.776384
4.46816,30,257.13215
1.067756,30,257.487975
1.217458,30,257.847738
1.190975,30,258.198568
1.033058,30,258.550366
2.627699,30,258.899167
1.870747,30,259.260927
7.291111,30,259.608725
1.852789,30,259.960553
1.964002,30,260.309323
3.110973,30,260.66015
1.126521,30,261.012948
1.467882,30,261.365726
1.371185,30,261.714521
2.330772,30,262.074306
1.962553,30,262.430103
0.90951,30,262.783929
0.727701,30,263.135726
3.083898,30,263.482528
3.86371,30,263.833325
2.19342,30,264.195117
1.714351,30,264.544916
1.26945,30,264.894684
1.520895,30,265.240517
17.138278,30,265.592314
2.780751,30,265.949109
16.651124,30,266.303875
3.038237,30,266.650705
0.98845,30,267.006501
2.89615,30,267.362264
0.784437,30,267.711072
1.916674,30,268.069889
6.949413,30,268.423685
1.99398,30,268.773484
2.315954,30,269.125252
1.340796,30,269.473081
1.739528,30,269.825879
4.509336,30,270.186671
1.404444,30,270.536471
1.925144,30,270.886251
1.651023,30,271.236042
1.781838,30,271.591863
6.649201,30,271.956654
1.769631,30,272.321444
1.549783,30,272.672216
13.222672,30,273.027006
3.250434,30,273.379805
1.027054,30,273.727635
5.458794,30,274.087428
1.795185,30,274.4362
3.026474,30,274.784998
1.711164,30,275.136799
4.306345,30,275.49062
1.639959,30,275.83942
4.044573,30,276.199182
1.981568,30,276.54799
0.975629,30,276.906775
1.384408,30,277.270597
1.317968,30,277.622371
2.026572,30,277.97819
5.462372,30,278.338953
1.376387,30,278.684784
3.793252,30,279.035583
2.021408,30,279.393346
1.379619,30,279.747143
7.853262,30,280.106935
2.274269,30,280.455736
4.293756,30,280.807532
2.35105,30,281.171354
2.722914,30,281.523152
1.619516,30,281.878947
3.353029,30,282.239714
8.042619,30,282.594535
2.181974,30,282.946333
1.277902,30,283.296132
1.158168,30,283.642932
4.752528,30,284.003724
1.992678,30,284.356521
1.293029,30,284.702323
1.743512,30,285.051123
0.927982,30,285.40292
9.300049,30,285.74972
2.97942,30,286.099488
1.380479,30,286.449287
5.229838,30,286.80209
1.793872,30,287.162878
1.266291,30,287.512707
1.497995,30,287.870471
3.307527,30,288.227295
8.57024,30,288.579093
1.383742,30,288.933866
6.330868,30,289.292651
1.739887,30,289.642484
1.33541,30,289.99428
0.965649,30,290.34108
1.327685,30,290.690879
1.204619,30,291.047648
1.866536,30,291.40047
2.872735,30,291.751269
1.578909,30,292.110034
1.019071,30,292.464836
1.485721,30,292.816656
5.970933,30,293.167454
1.119876,30,293.514225
1.322853,30,293.86905
4.075459,30,294.21785
2.788403,30,294.563651
4.654133,30,294.915449
4.985607,30,295.27824
1.408851,30,295.626008
1.193318,30,295.977839
1.19651,30,296.328636
7.226273,30,296.678435
1.963451,30,297.033231
3.621737,30,297.382031
2.914314,30,297.735795
1.267782,30,298.135565
3.07667,30,298.525373
7.924105,30,298.889163
5.831134,30,299.252922
0.861833,30,299.624741
1.354684,30,299.991529
2.306414,30,300.369313
1.706897,30,300.745097
7.512066,30,301.117882
6.901809,30,301.499663
3.773768,30,301.865422
1.303724,30,302.213251
1.179053,30,302.567048
2.490168,30,302.918824
6.477456,30,303.284606
3.92793,30,303.631436
3.211782,30,303.988213
1.139237,30,304.33703
2.571928,30,304.681807
1.403348,30,305.03263
3.399899,30,305.384397
2.682995,30,305.734228
4.020717,30,306.089022
2.759797,30,306.440821
10.001025,30,306.792588
3.824596,30,307.142419
4.524715,30,307.491216
2.753,30,307.843015
2.349309,30,308.210802
9.949116,30,308.56057
1.551655,30,308.912399
1.475063,30,309.261168
4.311504,30,309.612996
2.520432,30,309.967792
10.958539,30,310.321588
1.128666,30,310.670388
13.15312,30,311.029182
8.587271,30,311.37998
7.150848,30,311.72775
3.076912,30,312.079578
2.840889,30,312.438345
2.298958,30,312.792138
8.041684,30,313.142967
12.095631,30,313.493764
1.737131,30,313.843533
7.526378,30,314.203326
7.031237,30,314.558151
2.821675,30,314.913947
2.007216,30,315.263746
2.858025,30,315.612545
12.63771,30,315.972315
1.550401,30,316.356117
4.078467,30,316.713889
1.767555,30,317.074704
7.127232,30,317.424504
1.633065,30,317.777301
1.29016,30,318.131073
2.628123,30,318.484893
1.887002,30,318.863675
12.266792,30,319.217473
2.610974,30,319.568272
10.55491,30,319.927031
6.141145,30,320.305845
4.011096,30,320.651618
1.388707,30,321.005443
11.438504,30,321.358242
5.787869,30,321.705041
10.107923,30,322.067803
7.138572,30,322.427625
8.148594,30,322.785397
1.309416,30,323.135191
4.505435,30,323.483993
3.158678,30,323.834787
1.971795,30,324.179618
1.729143,30,324.528417
7.912459,30,324.878216
11.684245,30,325.241007
8.190727,30,325.594805
1.289003,30,325.945602
9.954256,30,326.294403
1.928156,30,326.645171
3.620884,30,327.023951
3.192208,30,327.37678
1.314693,30,327.758527
11.530581,30,328.120324
11.515613,30,328.473148
11.517889,30,328.820921
5.360027,30,329.169719
1.349485,30,329.524544
11.267067,30,329.872314
7.772481,30,330.223112
11.897899,30,330.618885
6.507723,30,331.003694
8.097184,30,331.359463
1.017788,30,331.708288
7.181838,30,332.056087
5.783075,30,332.407886
14.573589,30,332.767678
4.524047,30,333.11745
1.50059,30,333.470256
6.639854,30,333.860028
1.92144,30,334.260794
8.413928,30,334.657592
1.680868,30,335.050367
3.577438,30,335.444107
0.922455,30,335.814899
2.944879,30,336.195707
11.506935,30,336.563495
5.68235,30,336.936249
10.880022,30,337.306036
6.398879,30,337.66786
8.87121,30,338.036616
1.486371,30,338.425425
1.494172,30,338.801186
9.677735,30,339.160976
6.154657,30,339.507804
4.82877,30,339.8596
1.395549,30,340.2064
14.601169,30,340.556175
2.717324,30,340.908967
2.07264,30,341.272786
2.121339,30,341.622586
16.303561,30,341.982379
3.405312,30,342.336176
1.08413,30,342.686973
15.478389,30,343.042738
1.272857,30,343.39157
4.667357,30,343.745364
12.620618,30,344.109156
9.858612,30,344.455956
13.137434,30,344.808753
1.010871,30,345.157553
9.650612,30,345.513347
7.88906,30,345.862147
3.261514,30,346.217942
1.338748,30,346.567741
5.767134,30,346.922538
1.788713,30,347.271315
2.863227,30,347.621135
1.419,30,347.97893
15.765632,30,348.333726
3.782548,30,348.682525
2.041163,30,349.037292
4.096253,30,349.384122
2.427223,30,349.737919
1.236675,30,350.084688
5.543814,30,350.4315
7.81954,30,350.783286
5.049189,30,351.153075
2.105706,30,351.502904
11.403745,30,351.849704
1.047908,30,352.199502
2.28402,30,352.560265
2.092344,30,352.920089
6.477721,30,353.268865
1.482683,30,353.615666
1.336226,30,353.971459
1.106864,30,354.328249
11.919254,30,354.677047
0.830174,30,355.032875
6.797763,30,355.383673
10.620056,30,355.739466
0.814898,30,356.088265
1.290282,30,356.439064
1.436322,30,356.790862
1.264089,30,357.14963
2.937447,30,357.498424
3.836543,30,357.849221
1.301872,30,358.20205
9.841075,30,358.568807
8.169016,30,358.964611
2.391418,30,359.34636
6.744754,30,359.724152
2.299051,30,360.097936
1.559608,30,360.473744
2.1999,30,360.843531
0.748676,30,361.205323
4.620105,30,361.556092
14.392957,30,361.914883
7.773245,30,362.282674
3.595921,30,362.632473
9.193438,30,362.985299
5.848549,30,363.334099
9.077109,30,363.681898
1.622897,30,364.035666
7.025529,30,364.388462
13.211426,30,364.739295
3.63762,30,365.09009
5.938061,30,365.444855
2.616098,30,365.790654
8.518091,30,366.139488
1.671559,30,366.486257
6.052406,30,366.838053
15.287573,30,367.194852
12.017425,30,367.541678
4.28669,30,367.892452
0.993372,30,368.247273
1.446074,30,368.598041
21.071199,30,368.956865
7.261927,30,369.315628
5.175249,30,369.666427
6.773029,30,370.018255
4.141297,30,370.365025
8.730528,30,370.717822
2.628887,30,371.182562
2.323512,30,371.932128
17.168408,30,372.285924
1.141983,30,372.636748
1.453354,30,372.994513
11.254927,30,373.348308
0.864182,30,373.697111
17.549479,30,374.050906
5.781546,30,374.406705
7.089802,30,374.757499
3.763468,30,375.115323
1.424537,30,375.46809
21.811648,30,375.819891
7.62937,30,376.180678
11.106741,30,376.562465
1.468142,30,376.92925
5.938596,30,377.288043
23.746489,30,377.65484
1.681761,30,378.069595
2.405155,30,378.490382
6.752983,30,378.892152
1.880034,30,379.290891
9.13711,30,379.696657
1.697133,30,380.09043
14.971806,30,380.527211
1.529592,30,380.929979
10.261464,30,381.324722
9.375723,30,381.706532
3.896267,30,382.120263
2.613243,30,382.523033
2.95472,30,382.922832
9.417642,30,383.324579
12.926501,30,383.707381
22.37123,30,384.113117
14.167632,30,384.483908
18.54794,30,384.833733
1.782563,30,385.184507
2.989964,30,385.538328
0.953204,30,385.888128
1.631926,30,386.246921
1.555823,30,386.601717
0.809303,30,386.953516
1.43365,30,387.301315
1.5233,30,387.652114
5.954416,30,388.018869
1.929375,30,388.374697
1.795352,30,388.726494
5.071617,30,389.076293
1.242034,30,389.42909
11.711384,30,389.778889
16.531466,30,390.125662
1.596111,30,390.480456
1.427826,30,390.850273
22.030196,30,391.212065
14.637794,30,391.56786
1.349583,30,391.918658
14.533415,30,392.273425
2.644527,30,392.625253
20.59367,30,392.974022
2.670613,30,393.328848
19.460701,30,393.679646
1.22178,30,394.037413
15.915069,30,394.390206
10.538377,30,394.738006
1.51806,30,395.090834
6.301878,30,395.438634
1.991009,30,395.795429
1.353505,30,396.154193
2.418979,30,396.504991
2.81976,30,396.857819
6.289242,30,397.213581
7.566544,30,397.563412
5.166258,30,397.918185
18.15277,30,398.27797
2.471652,30,398.623771
16.678703,30,398.980597
1.324813,30,399.334393
1.279024,30,399.682198
1.600585,30,400.03599
1.318433,30,400.387787
0.850272,30,400.74858
19.096814,30,401.118367
1.270635,30,401.469136
2.799947,30,401.819965
20.534251,30,402.198716
17.781525,30,402.55654
21.833177,30,402.906342
8.093301,30,403.264102
1.790808,30,403.616933
2.969538,30,403.971728
23.852371,30,404.3215
0.880174,30,404.670325
11.454737,30,405.030243
23.375234,30,405.37701
24.323534,30,405.726842
1.011647,30,406.087634
1.218743,30,406.44243
5.54696,30,406.79523
12.57913,30,407.143996
1.965904,30,407.492796
2.828077,30,407.84762
1.482612,30,408.209413
1.317887,30,408.558182
0.661095,30,408.912977
0.887145,30,409.269804
2.011761,30,409.618573
2.961686,30,409.976367
0.840897,30,410.355179
19.837235,30,410.708975
7.652967,30,411.081761
0.875961,30,411.43256
17.050727,30,411.781331
1.117074,30,412.146117
0.63728,30,412.494918
1.503781,30,412.848722
1.285753,30,413.216504
26.027933,30,413.568301
1.382355,30,413.919107
1.41386,30,414.279898
1.019538,30,414.628721
1.843134,30,414.984516
1.277672,30,415.331287
0.75627,30,415.680116
0.785754,30,416.034912
24.891547,30,416.392677
23.707628,30,416.741505
13.801674,30,417.092303
1.564815,30,417.442103
1.77522,30,417.7949
1.246928,30,418.145698
1.635282,30,418.496469
0.675283,30,418.847265
0.99502,30,419.230056
1.528012,30,419.619852
23.687365,30,419.979646
0.883801,30,420.340436
20.698566,30,420.717219
23.54002,30,421.092973
1.463903,30,421.471786
1.028519,30,421.84657
4.81466,30,422.208361
22.64066,30,422.558136
18.235596,30,422.909958
20.133867,30,423.277746
1.009134,30,423.630512
2.878683,30,423.985339
0.752907,30,424.33711
8.423442,30,424.685909
2.121396,30,425.045706
0.859806,30,425.401495
0.986903,30,425.750299
0.701493,30,426.102122
2.961679,30,426.460886
3.498869,30,426.812684
3.035955,30,427.163512
24.695462,30,427.51431
9.354768,30,427.867083
1.105215,30,428.227877
22.738377,30,428.581696
11.959855,30,428.936491
24.305672,30,429.290257
19.266637,30,429.638058
17.934638,30,429.997881
3.965919,30,430.354647
0.954334,30,430.710452
1.07569,30,431.068234
0.902599,30,431.419035
6.262384,30,431.768832
0.79765,30,432.120661
2.467972,30,432.472429
1.973128,30,432.824256
1.310501,30,433.18302
1.048739,30,433.537814
20.198579,30,433.889611
0.76828,30,434.241416
20.430193,30,434.59121
1.463073,30,434.949033
14.558015,30,435.306828
1.701713,30,435.658626
0.782534,30,436.013421
19.832224,30,436.368217
1.77122,30,436.717986
0.758135,30,437.071784
0.856303,30,437.422612
0.955996,30,437.775379
20.700002,30,438.1362
21.702615,30,438.490988
22.237787,30,438.844762
12.536596,30,439.19859
8.059144,30,439.550387
23.412716,30,439.899158
8.175717,30,440.260979
0.671004,30,440.61075
16.440317,30,440.966573
29.193087,30,441.320369
18.309282,30,441.66814
1.432822,30,442.028938
3.27357,30,442.38173
22.517571,30,442.734527
0.679962,30,443.086354
0.840603,30,443.443148
1.037367,30,443.796945
22.330927,30,444.157708
0.904767,30,444.509535
16.228986,30,444.862305
1.806222,30,445.215129
0.726031,30,445.561905
1.481842,30,445.928719
28.64654,30,446.289511
14.527055,30,446.635288
15.416212,30,446.986111
2.578904,30,447.333881
2.842202,30,447.684684
1.501206,30,448.036507
0.650883,30,448.388277
19.572853,30,448.742073
0.806242,30,449.105891
15.778511,30,449.460687
3.751376,30,449.812456
1.263506,30,450.161255
22.902608,30,450.509053
13.865164,30,450.863881
1.194865,30,451.223674
1.570658,30,451.572443
4.759394,30,451.923271
16.297236,30,452.27207
1.74073,30,452.62087
20.140377,30,452.973667
10.563661,30,453.326443
6.602083,30,453.677262
11.962508,30,454.03003
1.154802,30,454.382856
1.262449,30,454.735625
1.605339,30,455.09042
0.646697,30,455.443246
1.497681,30,455.796013
1.111883,30,456.160805
1.548324,30,456.511632
4.563221,30,456.862431
20.390564,30,457.226192
13.830291,30,457.574021
1.625186,30,457.923798
1.669135,30,458.285612
1.600785,30,458.63641
26.687135,30,458.989208
8.534002,30,459.338007
2.160157,30,459.686776
10.557881,30,460.046601
1.18742,30,460.403366
-12.584611,30,460.755192
1.158663,30,461.127945
29.190001,30,461.478775
13.970399,30,461.831542
14.406884,30,462.183371
9.30981,30,462.538136
1.079071,30,462.890963
2.368956,30,463.251724
1.623743,30,463.60855
11.443266,30,463.962317
1.115557,30,464.310126
1.349879,30,464.663944
0.639694,30,465.019717
15.533327,30,465.378532
2.920853,30,465.730311
1.034481,30,466.083103
2.468097,30,466.435925
19.891567,30,466.783697
17.78615,30,467.146488
1.101172,30,467.502282
6.360162,30,467.853083
1.32307,30,468.208906
2.576556,30,468.564671
1.533864,30,468.922471
20.54799,30,469.286286
2.210342,30,469.637083
3.870761,30,469.992851
5.321247,30,470.348674
4.526813,30,470.698472
16.47537,30,471.062238
14.65782,30,471.422034
11.601824,30,471.78185
1.823759,30,472.131648
28.544134,30,472.482417
16.407837,30,472.830246
9.785504,30,473.215252
19.020535,30,473.566025
14.489715,30,473.93184
17.684031,30,474.286613
16.950218,30,474.639404
15.247552,30,474.991231
1.239395,30,475.348026
21.167994,30,475.695825
3.570959,30,476.066614
0.891104,30,476.41638
2.319522,30,476.76721
5.579868,30,477.120984
1.807683,30,477.476802
6.44115,30,477.825601
14.318515,30,478.185394
3.917716,30,478.538191
7.60922,30,478.895965
14.233841,30,479.247752
1.110603,30,479.597552
21.682296,30,480.009345
3.991209,30,480.412091
1.018746,30,480.788898
2.476,30,481.153687
16.260179,30,481.582426
15.637703,30,481.974214
11.83777,30,482.411963
21.375991,30,482.780728
17.019331,30,483.145541
20.097211,30,483.518301
1.762122,30,483.892082
1.620698,30,484.243882
8.226375,30,484.596675
12.64269,30,484.954476
3.654229,30,485.316261
2.984812,30,485.664093
2.00193,30,486.019888
1.749837,30,486.378681
10.225735,30,486.72948
3.995505,30,487.082276
18.30977,30,487.43205
1.32338,30,487.787871
25.287389,30,488.143637
20.925448,30,488.502429
18.856116,30,488.856257
13.040001,30,489.211052
2.593539,30,489.56285
1.300185,30,489.911619
21.071633,30,490.271442
9.917275,30,490.627238
1.757019,30,490.979005
11.806384,30,491.682601
2.570903,30,492.060414
22.30012,30,492.426203
20.92602,30,492.779
13.365799,30,493.131797
22.531653,30,493.484595
16.359114,30,493.840359
14.255026,30,494.191188
1.622505,30,494.542985
16.818032,30,494.892784
1.342059,30,495.288557
18.595111,30,495.669309
12.291414,30,496.085099
24.454459,30,496.477844
14.967822,30,496.871648
1.201716,30,497.261422
7.093476,30,497.645172
1.447392,30,498.028949
16.388085,30,498.420756
7.175849,30,498.79651
13.401701,30,499.16133
1.095077,30,499.564067
24.582523,30,499.940881
25.658103,30,500.308647
4.374651,30,500.68243
24.388597,30,501.063213
27.164371,30,501.450989
13.74704,30,501.844757
12.964847,30,502.222569
14.46731,30,502.597354
12.413519,30,502.976137
25.672425,30,503.324908
19.1783,30,503.677733
13.981548,30,504.09746
19.88742,30,504.496232
5.04425,30,504.880041
15.574211,30,505.284808
8.757408,30,505.670563
16.226654,30,506.065359
12.218927,30,506.454113
9.992686,30,506.842882
11.771977,30,507.23666
11.723069,30,507.621441
25.052035,30,507.996248
0.976568,30,508.37703
1.536525,30,508.750814
22.189077,30,509.142564
1.694543,30,509.529343
5.277838,30,509.894157
6.122939,30,510.248985
24.616048,30,510.617742
21.17169,30,510.976536
1.662666,30,511.372284
20.861663,30,511.746092
3.837178,30,512.135867
1.051339,30,512.529611
23.143978,30,512.901428
12.107361,30,513.281177
22.4931,30,513.635006
19.980527,30,513.994776
17.13612,30,514.352593
22.459609,30,514.700393
17.401584,30,515.053189
1.475244,30,515.40099
18.308143,30,515.754757
0.932739,30,516.109551
2.510578,30,516.463349
15.862304,30,516.817146
14.394182,30,517.184934
16.54017,30,517.536731
20.470998,30,517.897553
4.756344,30,518.266321
20.001569,30,518.630132
5.621306,30,519.005887
22.132539,30,519.384669
3.313595,30,519.755453
17.418355,30,520.132246
11.889541,30,520.492038
6.016246,30,520.868822
20.529568,30,521.289573
6.29106,30,521.643399
11.057656,30,522.000163
14.631026,30,522.359964
13.812372,30,522.707763
22.272085,30,523.059586
1.017963,30,523.408384
19.982579,30,523.766147
1.709331,30,524.131968
12.728994,30,524.484735
12.712021,30,524.834563
17.176572,30,525.184331
23.864969,30,525.537137
8.252809,30,525.887958
20.685042,30,526.250726
23.03925,30,526.601523
1.389991,30,526.955314
1.090515,30,527.303145
19.769687,30,527.647915
11.209107,30,528.003741
3.098362,30,528.373499
13.687984,30,528.726326
0.917966,30,529.110075
26.011579,30,529.459903
1.636961,30,529.813671
9.803467,30,530.172469
19.779134,30,530.522293
23.674576,30,530.87609
14.835239,30,531.229887
19.780028,30,531.578656
13.027655,30,531.93148
16.937746,30,532.290247
1.855386,30,532.640075
1.511254,30,532.990873
22.565119,30,533.339673
15.816386,30,533.693469
1.93476,30,534.059258
14.953892,30,534.430014
14.574316,30,534.808827
14.053818,30,535.160625
26.47494,30,535.509393
1.421959,30,535.859224
12.367938,30,536.221985
21.910518,30,536.570814
23.246683,30,536.922611
22.805813,30,537.276377
13.576162,30,537.624179
14.884301,30,537.980004
1.699713,30,538.336798
1.431374,30,538.686597
17.370306,30,539.038363
5.98841,30,539.391169
3.187316,30,539.748957
13.254735,30,540.095787
16.438626,30,540.465542
14.677393,30,540.85033
23.28959,30,541.210116
15.894913,30,541.583901
23.173469,30,541.958716
21.088359,30,542.336499
2.646032,30,542.706286
1.07731,30,543.080043
14.383913,30,543.433844
24.394505,30,543.787663
3.459195,30,544.13843
24.154804,30,544.490259
1.810616,30,544.841028
1.435282,30,545.203819
5.047932,30,545.553618
22.166244,30,545.903447
21.454759,30,546.253213
25.112363,30,546.602019
19.822201,30,546.957842
21.614917,30,547.315635
16.969607,30,547.662434
12.386585,30,548.014232
16.589515,30,548.362033
18.513974,30,548.709832
20.190397,30,549.06263
22.914338,30,549.417425
25.42541,30,549.768193
17.045771,30,550.131985
20.018488,30,550.479785
20.186907,30,550.837609
8.490033,30,551.186378
9.290985,30,551.536206
21.34496,30,551.885977
20.887623,30,552.240771
9.457491,30,552.590571
17.934167,30,552.945397
12.320321,30,553.299195
24.927271,30,553.648993
5.924423,30,554.00479
14.677887,30,554.358554
2.809761,30,554.709381
13.965231,30,555.068149
18.966229,30,555.416975
18.081521,30,555.766745
26.6493,30,556.115573
6.102812,30,556.471339
25.934188,30,556.82214
14.659339,30,557.170967
14.835624,30,557.520765
11.869064,30,557.876531
15.016454,30,558.238322
18.487738,30,558.587125
13.495767,30,558.941947
15.884468,30,559.296712
14.037873,30,559.645542
17.869294,30,559.99934
1.010114,30,560.354136
11.870663,30,560.703905
24.771507,30,561.055731
1.335024,30,561.40653
17.066907,30,561.756299
2.211163,30,562.11709
12.157145,30,562.471918
14.40109,30,562.826714
19.99192,30,563.175512
11.920228,30,563.529309
11.246734,30,563.878079
18.339534,30,564.24287
19.241088,30,564.589699
15.321912,30,564.943464
21.140936,30,565.298291
16.585476,30,565.646062
11.611984,30,566.00186
15.784365,30,566.36268
12.59292,30,566.709453
17.374496,30,567.062277
11.996718,30,567.413053
3.063287,30,567.77087
5.188581,30,568.143656
2.033289,30,568.490456
16.841242,30,568.841224
30.0,30,569.194022
17.395728,30,569.54485
4.972504,30,569.894644
6.157717,30,570.243448
13.560093,30,570.6222
20.204376,30,570.977996
23.623258,30,571.340817
10.354235,30,571.688587
12.224391,30,572.043383
11.139727,30,572.393181
13.806846,30,572.743979
20.84675,30,573.10378
2.278179,30,573.4556
3.56823,30,573.806398
28.758439,30,574.161195
5.94462,30,574.517989
14.009583,30,574.870757
1.068737,30,575.22958
3.488075,30,575.578379
13.38936,30,575.928178
13.659172,30,576.278976
12.695549,30,576.629743
18.392141,30,576.996563
24.125377,30,577.34534
24.649835,30,577.695132
9.479411,30,578.052956
10.792771,30,578.407753
15.164447,30,578.76052
9.010845,30,579.113346
12.582605,30,579.47414
14.283647,30,579.826936
2.452727,30,580.189697
11.592853,30,580.542493
1.167788,30,580.894323
11.658215,30,581.254116
17.099963,30,581.607912
16.227585,30,581.960678
18.747019,30,582.309479
26.949886,30,582.659307
14.709429,30,583.015102
8.921977,30,583.373897
28.430632,30,583.723694
19.622753,30,584.074492
15.86828,30,584.436255
7.384819,30,584.790082
19.104125,30,585.152872
21.213119,30,585.501641
25.33934,30,585.85147
19.522884,30,586.203237
22.051241,30,586.556065
1.329756,30,586.907849
11.746015,30,587.25564
14.003348,30,587.607431
19.6355,30,587.960239
17.118873,30,588.319052
19.924799,30,588.665853
11.757435,30,589.020618
28.619395,30,589.369448
18.909859,30,589.717218
18.574536,30,590.070045
20.315175,30,590.436804
17.40712,30,590.786633
2.385446,30,591.147425
21.766765,30,591.498196
21.581606,30,591.850021
13.53223,30,592.20082
14.103163,30,592.54859
10.911476,30,592.89839
22.743422,30,593.250185
17.892584,30,593.597986
6.749686,30,593.95381
5.543553,30,594.312605
11.275601,30,594.67037
11.60223,30,595.020198
0.89009,30,595.376963
18.326027,30,595.727761
9.845837,30,596.087554
21.495991,30,596.440381
9.963563,30,596.79018
23.047625,30,597.138979
15.510111,30,597.492775
20.371253,30,597.838576
18.307116,30,598.190345
18.800679,30,598.539142
22.844834,30,598.889943
1.938432,30,599.257733
2.156796,30,599.610557
2.184214,30,599.979346
20.676552,30,600.334142
15.478087,30,600.681912
20.304139,30,601.063692
14.415101,30,601.475454
20.758572,30,601.842243
12.160189,30,602.227027
20.894357,30,602.595842
17.916672,30,602.964596
17.027287,30,603.349383
1.175239,30,603.722193
5.080923,30,604.089982
24.144709,30,604.458744
11.465026,30,604.827557
25.71029,30,605.176327
9.378604,30,605.530122
12.83525,30,605.876953
11.254888,30,606.239717
2.572095,30,606.593541
11.991527,30,606.94331
29.186659,30,607.29211
19.641965,30,607.641939
18.155239,30,607.995704
12.353047,30,608.355497
23.289183,30,608.703329
14.765458,30,609.063092
16.028923,30,609.412897
15.163593,30,609.767686
19.454211,30,610.12551
17.540743,30,610.475277
3.221583,30,610.826106
1.253014,30,611.175906
24.099678,30,611.884469
5.294283,30,612.267246
19.437651,30,612.639064
2.266295,30,613.099771
24.900335,30,613.658447
13.483506,30,614.210131
16.703734,30,614.694851
17.41241,30,615.143593
19.607397,30,615.509381
15.512953,30,615.844193
12.58406,30,616.150033
20.374491,30,616.435848
13.870116,30,616.715708
22.15993,30,617.013515
25.355292,30,617.293355
21.711896,30,617.53622
11.28217,30,617.80906
8.842626,30,618.172857
19.499249,30,618.586614
12.975995,30,618.992385
1.03903,30,619.424139
18.415997,30,619.857883
19.500403,30,620.269652
1.862829,30,620.693432
17.543823,30,621.121157
19.913805,30,621.540945
16.988445,30,621.956706
14.258473,30,622.387457
20.346386,30,622.790204
22.215734,30,623.207955
18.339225,30,623.621724
24.848306,30,624.045475
20.605888,30,624.441278
9.758438,30,624.864002
26.544565,30,625.273766
18.666674,30,625.672538
17.368624,30,626.073314
15.50909,30,626.470109
19.97599,30,626.884842
21.990234,30,627.33758
23.854004,30,627.743348
16.943472,30,628.144124
15.905721,30,628.558878
25.537883,30,628.96964
17.218641,30,629.376415
20.729427,30,629.802162
16.536083,30,630.193968
10.881103,30,630.565724
1.25919,30,630.939539
11.182882,30,631.322319
23.14619,30,631.69808
1.296808,30,632.067891
15.571455,30,632.447649
26.280376,30,632.829453
20.271485,30,633.214208
24.806725,30,633.593989
17.267769,30,633.974763
16.296588,30,634.352553
15.04324,30,634.72836
1.195477,30,635.126099
14.801681,30,635.523871
2.280159,30,636.015591
9.944233,30,636.467331
19.747404,30,636.908077
25.69801,30,637.395827
19.398048,30,637.783573
12.370528,30,638.161362
6.619096,30,638.536142
13.202618,30,638.915922
1.498142,30,639.289709
16.187378,30,639.656495
4.156042,30,640.042281
21.207862,30,640.41406
21.597867,30,640.784853
18.008424,30,641.172631
21.798079,30,641.543417
15.7065,30,641.943184
18.103016,30,642.335954
17.972949,30,642.708739
23.674383,30,643.092549
17.661157,30,643.476297
10.553991,30,643.863106
2.555944,30,644.23789
22.887992,30,644.633663
19.114588,30,645.02041
22.144066,30,645.40522
2.65257,30,645.774975
21.942665,30,646.145765
20.804287,30,646.528573
27.353583,30,646.894362
25.796564,30,647.276114
20.667429,30,647.641932
1.505481,30,648.000697
21.586507,30,648.371484
19.702604,30,648.7453
22.535783,30,649.118083
25.821408,30,649.486873
16.652333,30,649.855659
17.037235,30,650.208425
19.125396,30,650.56925
24.803102,30,650.920047
10.494624,30,651.273845
22.612393,30,651.622613
19.84968,30,651.979407
25.78265,30,652.340201
18.667261,30,652.694027
12.74288,30,653.044795
20.300047,30,653.399622
12.205203,30,653.75042
7.111166,30,654.110212
23.640988,30,654.464009
15.900394,30,654.817805
17.162198,30,655.169576
21.797826,30,655.524399
22.981633,30,655.876168
19.282716,30,656.232962
15.603018,30,656.587787
14.926263,30,656.945582
19.370791,30,657.295351
11.278373,30,657.643152
21.196269,30,657.993979
19.3283,30,658.352749
17.704771,30,658.701571
19.731035,30,659.05034
23.722657,30,659.410165
20.867139,30,659.762931
15.052953,30,660.118757
22.937231,30,660.475521
1.584118,30,660.82835
10.85094,30,661.185144
9.050909,30,661.546905
19.357393,30,661.937688
15.817136,30,662.328464
20.605297,30,662.701243
10.490442,30,663.081054
17.595881,30,663.4658
18.350049,30,663.84759
20.973668,30,664.2154
13.085546,30,664.572197
21.453087,30,664.928991
20.082616,30,665.287784
17.513963,30,665.684526
9.78597,30,666.037323
13.947932,30,666.386152
15.390868,30,666.741918
18.054561,30,667.101718
13.110082,30,667.458535
16.646395,30,667.806336
23.660892,30,668.154135
9.421486,30,668.513899
21.4376,30,668.864698
15.751118,30,669.214494
10.502253,30,669.568322
20.809553,30,669.928092
8.449709,30,670.286909
18.301184,30,670.637707
19.852501,30,670.989475
27.274827,30,671.340303
12.64535,30,671.686104
5.28858,30,672.042898
11.091175,30,672.413658
13.734124,30,672.767483
23.4062,30,673.116281
23.414631,30,673.471053
1.594989,30,673.821877
17.21578,30,674.174644
12.845259,30,674.532444
1.928893,30,674.887263
23.057512,30,675.242059
28.623471,30,675.600853
20.722728,30,675.947653
2.420405,30,676.308445
18.309824,30,676.653226
19.221325,30,677.003016
16.603613,30,677.35282
14.700807,30,677.701644
23.408055,30,678.055441
18.276353,30,678.406239
19.207219,30,678.75204
1.917498,30,679.098811
19.315443,30,679.446609
13.061376,30,679.79544
1.624246,30,680.154203
11.988817,30,680.503033
17.914043,30,680.852801
24.161746,30,681.204598
23.285976,30,681.557427
21.218637,30,681.901229
17.294607,30,682.248997
18.61671,30,682.602795
17.103003,30,682.957599
19.054446,30,683.313417
23.820045,30,683.658218
3.017107,30,684.013015
20.458467,30,684.371808
20.883123,30,684.726604
1.643848,30,685.094365
21.117692,30,685.448188
11.441218,30,685.793991
20.864994,30,686.139761
23.985067,30,686.486591
17.011006,30,686.83836
19.324259,30,687.206178
25.590697,30,687.552978
17.648091,30,687.899779
17.376876,30,688.247578
19.287654,30,688.606344
25.658759,30,688.955146
8.450944,30,689.312967
15.341455,30,689.660766
17.174281,30,690.012564
8.083863,30,690.359364
21.707588,30,690.704166
18.595656,30,691.06196
22.056764,30,691.414758
21.436717,30,691.762528
24.045095,30,692.112358
24.776021,30,692.461157
20.119171,30,692.809925
18.741013,30,693.165751
24.644945,30,693.510529
16.413427,30,693.862318
19.175866,30,694.209121
12.56508,30,694.562946
4.492668,30,694.909748
11.238468,30,695.262514
23.780362,30,695.606347
5.753197,30,695.960143
15.979298,30,696.313939
23.50425,30,696.664738
17.902937,30,697.02653
13.406977,30,697.377329
27.710717,30,697.723129
14.90238,30,698.076926
15.008279,30,698.424726
10.373398,30,698.776524
12.854692,30,699.122325
20.843279,30,699.469125
13.748905,30,699.817924
19.751989,30,700.175695
20.947646,30,700.521502
22.262156,30,700.870319
19.241776,30,701.225093
8.020665,30,701.57689
14.045234,30,701.926711
10.020406,30,702.32845
14.256864,30,702.745218
19.130699,30,703.185965
26.723261,30,703.588756
19.964881,30,703.984499
17.139035,30,704.389273
25.552679,30,704.782069
13.725977,30,705.150826
5.519911,30,705.504625
20.958679,30,705.863418
20.900164,30,706.208226
16.392382,30,706.55505
23.619935,30,706.90682
11.541745,30,707.264612
8.956576,30,707.611412
21.830528,30,707.962209
10.665332,30,708.311039
10.811885,30,708.654812
19.686618,30,709.001642
27.89666,30,709.349442
17.460041,30,709.698241
13.607145,30,710.061034
18.056571,30,710.423826
13.418797,30,710.810603
21.338959,30,711.196384
24.684572,30,711.582158
14.179807,30,711.977906
23.334822,30,712.346718
15.348677,30,712.699515
19.281945,30,713.049285
18.555,30,713.402082
21.374041,30,713.748883
15.747159,30,714.095712
10.386003,30,714.465477
17.165708,30,714.811275
27.081769,30,715.175064
12.674608,30,715.523862
13.232412,30,715.873691
11.981345,30,716.226486
17.058742,30,716.577254
18.001435,30,716.933058
26.534539,30,717.285848
23.875807,30,717.629649
17.853289,30,717.981478
11.557545,30,718.329278
15.108781,30,718.671082
17.224932,30,719.022879
17.396157,30,719.374676
16.392565,30,719.728446
24.813791,30,720.076242
9.49513,30,720.427072
24.224068,30,720.774839
12.385781,30,721.134641
4.752853,30,721.495433
25.791681,30,721.843256
18.180461,30,722.201052
20.835045,30,722.593825
20.762209,30,722.964613
18.841723,30,723.31441
23.400129,30,723.711183
21.0828,30,724.093931
22.747489,30,724.470746
20.879057,30,724.844501
20.261296,30,725.216287
16.511242,30,725.570113
10.569758,30,725.917882
9.259166,30,726.274677
19.169418,30,726.625477
15.427357,30,726.980272
12.171106,30,727.326074
20.943301,30,727.670876
27.287017,30,728.023702
11.657432,30,728.379497
11.614837,30,728.726298
19.679033,30,729.074098
22.354074,30,729.419899
17.52145,30,729.814673
15.048177,30,730.238402
4.360121,30,730.585228
12.295743,30,730.937026
19.16901,30,731.29779
13.459709,30,731.701564
12.473449,30,732.100328
16.126123,30,732.447158
20.340385,30,732.798955
21.770781,30,733.155719
21.69818,30,733.502551
23.627155,30,733.849351
22.309825,30,734.198122
23.774521,30,734.894751
13.482852,30,735.293521
24.167403,30,735.669305
22.948647,30,736.023072
18.1694,30,736.371903
17.745869,30,736.712676
16.045439,30,737.062474
19.2608,30,737.410304
19.080673,30,737.757104
10.772147,30,738.106871
20.971371,30,738.455703
24.588478,30,738.812465
25.031998,30,739.17429
16.29458,30,739.53808
18.144658,30,739.901843
14.343343,30,740.274657
23.935867,30,740.652409
18.049868,30,741.029223
24.816328,30,741.410004
19.852243,30,741.795782
26.503529,30,742.18156
17.135878,30,742.555344
18.767061,30,742.926131
23.247569,30,743.31188
11.061884,30,743.675671
17.698465,30,744.050484
14.90533,30,744.426268
21.721662,30,744.819013
11.871604,30,745.234771
21.557757,30,745.627548
24.153385,30,746.021322
24.642277,30,746.37212
15.963809,30,746.716951
21.838309,30,747.072717
10.683648,30,747.419547
20.050523,30,747.768317
26.052368,30,748.117146
21.15913,30,748.461947
18.356692,30,748.813746
18.403933,30,749.171509
22.250627,30,749.51931
6.401312,30,749.870106
15.448504,30,750.214908
23.31029,30,750.568712
21.980246,30,750.922503
27.58806,30,751.281326
25.575393,30,751.624128
7.680683,30,751.979924
16.174877,30,752.322697
10.605771,30,752.667528
14.645723,30,753.022295
17.501004,30,753.37609
24.62829,30,753.726919
15.876497,30,754.072721
26.435468,30,754.418521
16.261399,30,754.765321
7.43813,30,755.118119
20.810433,30,755.468917
18.208841,30,755.816718
18.624698,30,756.167486
12.846918,30,756.517314
25.462721,30,756.866113
24.562697,30,757.233872
20.078306,30,757.588698
17.766749,30,757.936469
24.853826,30,758.28227
15.700524,30,758.626101
17.65952,30,758.979869
1.329401,30,759.333694
8.551447,30,759.677466
21.103485,30,760.023298
2.93785,30,760.374096
24.810405,30,760.724863
24.132235,30,761.091683
13.636738,30,761.43646
10.03288,30,761.785255
6.964025,30,762.138061
21.603922,30,762.490851
18.30086,30,762.835654
14.579715,30,763.185479
9.817386,30,763.536277
19.073207,30,763.882078
17.29734,30,764.236874
10.083048,30,764.587672
21.292507,30,764.938471
6.556705,30,765.284272
12.257329,30,765.633042
19.71736,30,765.990866
21.036027,30,766.346631
16.12393,30,766.691436
23.759205,30,767.047258
16.152941,30,767.473984
12.340526,30,767.852764
18.600835,30,768.207565
17.309893,30,768.556391
22.927683,30,768.904167
25.768561,30,769.251961
23.748747,30,769.596763
22.050943,30,769.94856
23.814497,30,770.303354
17.290585,30,770.656155
22.115268,30,771.00698
14.657049,30,771.362747
17.448393,30,771.709577
15.675979,30,772.059352
22.869538,30,772.406144
9.253947,30,772.755974
21.824199,30,773.115746
22.294743,30,773.464536
11.841648,30,773.811339
16.555811,30,774.158139
17.955645,30,774.507937
8.640104,30,774.857766
10.406164,30,775.218558
18.116208,30,775.572355
19.933409,30,775.92715
24.71132,30,776.273951
14.989481,30,776.619723
22.106127,30,776.971519
10.255243,30,777.326346
10.062339,30,777.673147
20.164008,30,778.029912
17.981535,30,778.377741
15.941976,30,778.726541
13.473265,30,779.080307
8.824158,30,779.430104
27.080769,30,779.777936
25.467502,30,780.126705
15.223984,30,780.475505
21.124543,30,780.826308
14.156947,30,781.185098
18.951373,30,781.534896
19.225161,30,781.904691
24.005154,30,782.255486
16.050956,30,782.603311
18.864621,30,782.980065
17.038232,30,783.380867
20.957229,30,783.748623
21.110486,30,784.128434
17.716724,30,784.50119
13.048591,30,784.86501
19.904386,30,785.234778
21.730241,30,785.585596
18.188302,30,785.933395
13.318091,30,786.279166
18.556522,30,786.627996
24.448497,30,786.982763
16.151503,30,787.339587
22.713842,30,787.682359
22.939462,30,788.034188
22.494734,30,788.37899
14.734298,30,788.729787
17.140052,30,789.083585
11.546074,30,789.433383
15.322015,30,789.781183
22.621863,30,790.128963
8.458116,30,790.475752
18.170167,30,790.822559
21.718051,30,791.167361
13.713855,30,791.517155
16.775277,30,791.867983
5.581522,30,792.224747
20.078303,30,792.571549
19.908465,30,792.923377
21.947676,30,793.272146
21.616948,30,793.617947
25.7958,30,793.968774
15.146926,30,794.329538
17.328533,30,794.673338
14.729207,30,795.031132
25.480551,30,795.423938
7.545401,30,795.827705
18.0187,30,796.225447
16.496339,30,796.579274
14.187785,30,796.929048
21.841752,30,797.28184
13.914502,30,797.628638
9.197496,30,797.978439
15.812914,30,798.330266
23.217455,30,798.677037
24.471189,30,799.02384
16.785505,30,799.367669
11.808509,30,799.713442
12.874059,30,800.073236
14.616067,30,800.429059
10.729605,30,800.782856
23.801984,30,801.129656
20.099158,30,801.482453
24.143581,30,801.829243
18.68189,30,802.193015
16.0962,30,802.543842
18.304733,30,802.895617
18.651111,30,803.241441
22.128595,30,803.589224
23.283272,30,803.948031
19.724806,30,804.309827
18.352912,30,804.659626
9.935449,30,805.005428
17.362977,30,805.354226
23.006451,30,805.703998
24.983915,30,806.06082
19.486553,30,806.415616
21.025733,30,806.760386
20.040179,30,807.108188
17.861384,30,807.454989
19.75293,30,807.844765
24.750749,30,808.243565
24.788209,30,808.591335
20.344566,30,808.944132
27.445557,30,809.303954
16.954986,30,809.646728
21.703737,30,809.997526
17.703754,30,810.34134
16.997475,30,810.686159
6.296669,30,811.046952
15.454787,30,811.422706
15.683885,30,811.786496
24.024767,30,812.136295
13.432563,30,812.484125
13.003351,30,812.833895
24.728521,30,813.189691
23.369299,30,813.53752
16.479758,30,813.890287
21.371812,30,814.241086
24.80444,30,814.585886
23.603082,30,814.935684
27.755226,30,815.293514
16.46181,30,815.641311
24.50284,30,815.999105
19.044879,30,816.346875
25.533658,30,816.692706
21.139716,30,817.064491
14.774447,30,817.415289
17.108035,30,817.760091
18.931876,30,818.106892
17.490058,30,818.45769
9.604149,30,818.818483
16.790353,30,819.176276
1.00439,30,819.522048
10.54467,30,819.870848
8.877697,30,820.217678
18.731053,30,820.562454
18.210528,30,820.914247
21.960308,30,821.290037
20.912272,30,821.632833
11.221788,30,821.982662
23.096033,30,822.328442
20.045826,30,822.676264
21.279359,30,823.025034
15.143884,30,823.370864
15.746289,30,823.717665
16.572557,30,824.071461
18.923494,30,824.423228
20.199312,30,824.771059
19.430204,30,825.115834
19.923539,30,825.465628
20.821229,30,825.813427
21.987235,30,826.169225
20.566478,30,826.515055
17.493345,30,826.867824
15.599748,30,827.211628
19.832805,30,827.560454
24.768702,30,827.90723
18.956163,30,828.269018
21.644381,30,828.613825
17.672651,30,828.972643
30.0,30,829.320443
24.707866,30,829.665244
12.549452,30,830.019011
21.444985,30,830.372837
18.195613,30,830.719608
17.251521,30,831.073403
21.666083,30,831.425202
20.936215,30,831.773999
15.783757,30,832.129826
15.711779,30,832.481595
26.862448,30,832.830423
21.506642,30,833.179196
23.033603,30,833.527992
17.021145,30,833.884792
18.386252,30,834.255578
11.665227,30,834.629389
19.931535,30,834.987183
23.780811,30,835.348975
21.770817,30,835.697775
21.865463,30,836.062565
23.50471,30,836.415362
12.398154,30,836.773156
21.422953,30,837.128952
17.425146,30,837.476751
24.164183,30,837.825551
17.772737,30,838.187313
1.439567,30,838.537141
24.289763,30,838.885943
17.947909,30,839.233711
16.34982,30,839.58654
19.65433,30,839.937339
20.858588,30,840.286104
19.176301,30,840.649895
18.750748,30,841.039702
16.037,30,841.415487
8.404659,30,841.785251
23.303252,30,842.166025
20.07857,30,842.547812
16.865058,30,842.92559
25.027825,30,843.290378
20.77535,30,843.664166
19.026039,30,844.049941
17.549808,30,844.401769
22.725314,30,844.768558
25.06453,30,845.141343
18.536256,30,845.513098
19.395751,30,845.888913
17.043068,30,846.271693
17.306139,30,846.616464
13.787599,30,846.969292
17.648553,30,847.402013
18.998396,30,847.78882
22.23492,30,848.146616
19.417558,30,848.496415
24.59176,30,848.842216
15.527203,30,849.186991
14.692199,30,849.532817
25.653462,30,849.876596
17.48565,30,850.231416
21.801653,30,850.576192
22.916856,30,850.925017
18.728226,30,851.273786
21.875341,30,851.61662
20.631315,30,851.971415
21.520983,30,852.326211
24.619274,30,852.671981
21.70257,30,853.018813
20.354057,30,853.669407
16.519731,30,854.017238
22.893363,30,854.366039
20.253708,30,854.712812
21.805361,30,855.068634
14.751343,30,855.419403
16.235452,30,855.76923
19.092826,30,856.120029
13.417143,30,856.468828
13.672107,30,856.815629
21.037112,30,857.174393
24.80196,30,857.519206
12.153848,30,857.867994
21.822858,30,858.213825
17.097798,30,858.566592
15.072505,30,858.912393
24.589918,30,859.274189
22.353091,30,859.618987
12.097718,30,859.968816
16.265449,30,860.316615
10.675125,30,860.661417
19.847933,30,861.011187
21.543817,30,861.363014
18.866492,30,861.707815
19.059493,30,862.063587
15.684461,30,862.411411
12.937817,30,862.771174
12.072061,30,863.121003
22.594574,30,863.469802
23.841586,30,863.814576
15.792311,30,864.174397
23.933371,30,864.521197
16.541233,30,864.870996
14.324155,30,865.217796
22.696114,30,865.566597
16.008872,30,865.915395
23.694007,30,866.262164
14.71519,30,866.607997
23.357664,30,866.960763
17.543105,30,867.31559
23.786125,30,867.662392
22.464724,30,868.008162
17.439448,30,868.354965
25.526091,30,868.699771
18.065705,30,869.056592
20.01131,30,869.403366
19.863857,30,869.752159
26.638463,30,870.096961
20.773872,30,870.441792
13.457181,30,870.790591
21.59553,30,871.149384
14.297321,30,871.494157
1.946828,30,871.839988
20.87997,30,872.18379
18.728975,30,872.533588
23.885074,30,872.87939
24.226857,30,873.231187
22.249035,30,873.580962
20.732936,30,873.931785
13.808937,30,874.275556
18.364535,30,874.620388
13.688709,30,874.972157
21.199952,30,875.336978
21.193661,30,875.683779
23.072864,30,876.032578
25.491686,30,876.383377
21.712585,30,876.733175
17.200239,30,877.084973
17.168573,30,877.432773
18.021775,30,877.78257
22.995421,30,878.138343
23.418648,30,878.484166
23.601417,30,878.831967
22.098052,30,879.17974
1007.916652,21,879.425625
18.36679,30,879.773425
1.283312,30,880.120207
23.880283,30,880.470024
15.055809,30,880.8218
18.723384,30,881.195607
15.275909,30,881.541381
10.557771,30,881.887209
21.789149,30,882.236008
19.188509,30,882.583808
21.174086,30,882.92861
21.259707,30,883.273381
22.356423,30,883.618214
20.213029,30,883.97201
26.568967,30,884.322808
21.347677,30,884.667611
15.874757,30,885.019408
16.271178,30,885.364178
17.99324,30,885.709979
15.269953,30,886.066806
18.388208,30,886.421572
25.14223,30,886.768403
17.594083,30,887.111205
23.914357,30,887.461004
18.076626,30,887.809803
13.566271,30,888.157603
26.063572,30,888.503375
22.655077,30,888.848175
20.132911,30,889.208999
5.906827,30,889.558799
16.656534,30,889.908574
20.512927,30,890.254368
17.679811,30,890.608196
23.792794,30,890.958962
19.484916,30,891.315788
19.063267,30,891.673581
2.184976,30,892.028349
16.164905,30,892.375146
20.833085,30,892.755928
15.386813,30,893.194675
18.37798,30,893.544477
17.779286,30,893.890275
15.198811,30,894.239105
17.95139,30,894.583907
18.761827,30,894.935704
22.104435,30,895.28947
23.828291,30,895.635271
19.70831,30,895.987102
18.108169,30,896.336899
14.024707,30,896.682672
25.232205,30,897.028501
21.03931,30,897.374302
4.674726,30,897.724072
5.481824,30,898.077897
19.785216,30,898.429695
11.907687,30,898.775473
22.959942,30,899.127265
26.364566,30,899.471067
24.87571,30,899.824863
16.036768,30,900.18366
19.830486,30,900.536483
20.258288,30,900.890257
20.853382,30,901.23805
22.898102,30,901.584856
19.455063,30,901.939647
21.917697,30,902.293473
23.237907,30,902.635277
21.571471,30,902.985076
16.659889,30,903.334875
15.916239,30,903.681643
24.027373,30,904.046466
19.83993,30,904.437209
21.803836,30,904.830988
18.766824,30,905.207765
24.665092,30,905.572587
18.089688,30,905.939377
18.742103,30,906.317129
25.091771,30,906.688945
23.529685,30,907.072701
20.598024,30,907.450508
23.21643,30,907.826291
23.687767,30,908.179068
22.527384,30,908.522861
17.998951,30,908.87066
21.483342,30,909.222487
24.656254,30,909.564291
21.138503,30,909.913061
22.99788,30,910.274883
22.842917,30,910.621654
24.486689,30,910.970483
18.001677,30,911.315253
22.0356,30,911.661086
21.651089,30,912.020856
14.797864,30,912.370653
24.826829,30,912.714479
19.037974,30,913.062248
23.162899,30,913.409053
19.579445,30,913.759878
25.425661,30,914.103651
19.81834,30,914.448453
26.133995,30,914.804245
20.553014,30,915.161041
13.795466,30,915.516867
20.184932,30,915.865638
17.402531,30,916.219442
21.025245,30,916.568232
18.018877,30,916.92306
19.065811,30,917.277832
20.419811,30,917.627623
16.559121,30,917.981451
16.007401,30,918.326252
21.024893,30,918.669055
20.076047,30,919.025827
7.569544,30,919.378647
11.677008,30,919.726415
18.580253,30,920.073225
19.654937,30,920.422046
23.179898,30,920.767848
20.384431,30,921.122614
22.808043,30,921.472442
20.841778,30,921.827238
1019.246947,28,922.153051
24.255743,30,922.498828
22.227646,30,922.843629
15.789526,30,923.204417
18.708815,30,923.550223
24.238211,30,923.897047
14.998187,30,924.243821
23.00964,30,924.592648
23.890293,30,924.943447
18.640801,30,925.294213
18.813159,30,925.640022
1005.426735,12,925.783962
19.855642,30,926.130765
961.766907,10,926.245666
-61.97964,30,926.598494
962.122297,16,926.787356
-46.833033,30,927.14418
1016.760449,22,927.399034
1014.207653,26,927.695863
15.223332,30,928.045661
7.536032,30,928.393444
1.143764,30,928.741232
0.723906,30,929.089031
-58.827086,30,929.438833
2.527368,30,929.786661
2.588117,30,930.144425
19.037746,30,930.489226
-199.190022,30,930.841024
-458.939287,30,931.210843
-118.798914,30,931.560641
-75.978938,30,931.90541
-459.229077,30,932.252245
0.761649,30,932.599045
-177.659925,30,932.95181
-398.458844,30,933.305605
1.915695,30,933.653437
-218.418626,30,934.002207
-78.330184,30,934.351036
-112.335689,30,934.692841
-99.11067,30,935.042637
-99.179224,30,935.386441
23.920421,30,935.734242
20.99672,30,936.089009
-82.907334,30,936.438835
-78.001487,30,936.78961
23.518309,30,937.144405
1.145058,30,937.493228
19.452413,30,937.842995
-17.845033,30,938.188801
906.14884,28,938.514613
0.96187,30,938.913384
0.845379,30,939.324146
-58.651811,30,939.666978
-52.822294,30,940.025749
-159.240454,30,940.372573
-118.978366,30,940.732365
-138.917813,30,941.088161
-19.122766,30,941.431933
1.206982,30,941.786758
-19.043481,30,942.158514
-119.304495,30,942.504346
-36.686114,30,942.850116
-37.922294,30,943.19492
19.816409,30,943.544748
0.860681,30,943.905509
-19.098216,30,944.279325
-18.665184,30,944.640117
-17.84802,30,945.001909
-13.973586,30,945.378664
-37.337246,30,945.728492
1.945829,30,946.077291
-58.881101,30,946.426059
0.88017,30,946.777889
-58.989655,30,947.15764
-97.105896,30,947.534428
921.841148,10,947.667347
-158.559669,30,948.021173
963.096015,16,948.207036
-96.659703,30,948.575856
-137.219632,30,948.953613
0.861467,30,949.334388
0.855919,30,949.689214
-57.933535,30,950.06197
-117.733873,30,950.428764
0.889898,30,950.778587
922.291561,15,950.956484
0.897115,30,951.312281
2.010736,30,951.669052
1.06851,30,952.018847
1.152229,30,952.374669
1.074756,30,952.719442
1.605234,30,953.076235
985.686264,23,953.343112
-96.500206,30,953.688914
0.701171,30,954.039712
-98.163106,30,954.39051
1.482579,30,954.73928
0.673856,30,955.089109
843.4873,20,955.32195
-18.778842,30,955.673772
5.890599,30,956.026537
1.965416,30,956.379366
5.318702,30,956.732133
1.594718,30,957.088958
1.276533,30,957.433759
961.825125,8,957.526706
0.83582,30,957.873506
1.355217,30,958.220278
1008.568179,16,958.40517
-178.9444,30,958.752002
1006.359745,25,959.046801
-39.062733,30,959.400628
-79.028054,30,959.750427
0.831137,30,960.096228
-177.601705,30,960.442
1001.74555,4,960.488971
-38.567336,30,960.8418
924.603154,23,961.106617
1.233455,30,961.452448
-58.165289,30,961.804245
0.745885,30,962.168036
0.717086,30,962.521804
3.409739,30,962.867635
-119.058385,30,963.220402
-138.639733,30,963.565202
-177.125387,30,963.937389
-118.119789,30,964.339159
1.423131,30,964.771909
-257.069604,30,965.173649
-218.060499,30,965.53547
-159.162687,30,965.903236
-58.716329,30,966.282009
2.098533,30,966.643801
2.092676,30,967.019585
-236.666317,30,967.384377
3.383786,30,967.734182
1.060743,30,968.084004
-78.678002,30,968.427806
1.291437,30,968.775606
-111.374312,30,969.129403
-257.140576,30,969.476204
-38.799313,30,969.821005
-58.606563,30,970.168805
1.737634,30,970.520573
0.906188,30,970.867381
1.291086,30,971.530022
-38.600483,30,971.881819
0.930255,30,972.261577
-176.095694,30,972.619396
1.224956,30,972.972161
9.185617,30,973.329991
-39.146692,30,973.679788
-16.979638,30,974.028586
2.75512,30,974.378354
1.37648,30,974.730152
-118.345711,30,975.085977
-19.179177,30,975.434776
1.834212,30,975.786574
5.524337,30,976.133375
0.695109,30,976.487171
1.26452,30,976.837942
-99.223751,30,977.197733
-39.065251,30,977.544563
3.949852,30,977.892343
4.422437,30,978.240163
-17.963463,30,978.586938
-18.946981,30,978.936762
-18.37579,30,979.294528
2.764997,30,979.639331
-13.455952,30,979.987127
-18.517783,30,980.336927
-57.847236,30,980.685756
2.629132,30,981.038535
-48.760458,30,981.392349
-38.903988,30,981.740126
2.716803,30,982.091947
1.0858,30,982.443746
4.487389,30,982.795512
943.511318,10,982.913475
-13.848432,30,983.274245
-12.814762,30,983.619046
1.602158,30,983.98586
-78.926649,30,984.332659
924.020922,13,984.484572
12.117923,30,984.833348
0.838662,30,985.179149
-15.866646,30,985.525951
-38.118364,30,985.87777
1.693569,30,986.234565
-176.829858,30,986.579343
-19.146059,30,986.931165
-38.84926,30,987.277965
1003.63543,6,987.347895
1.550597,30,987.694725
-57.846153,30,988.046499
1.406651,30,988.406286
-58.775325,30,988.751094
-77.586337,30,989.09589
4.334804,30,989.441689
963.894982,11,989.572645
0.631779,30,989.922414
-19.170777,30,990.270221
0.829758,30,990.616014
1.070173,30,990.971842
2.123422,30,991.331633
-76.989787,30,991.678405
5.785227,30,992.030232
1.888627,30,992.38003
-16.256473,30,992.725802
-33.934186,30,993.071603
-15.571845,30,993.416435
-57.946634,30,993.767232
1005.786401,25,994.063062
-18.386747,30,994.535791
1008.194915,22,994.853595
-35.998011,30,995.223395
1008.610283,26,995.607147
986.298218,23,995.887984
-257.585541,30,996.25477
981.965143,5,996.316766
1.029651,30,996.731499
-75.671223,30,997.166279
0.758722,30,997.589011
926.191253,21,997.90982
-18.74451,30,998.327583
0.877568,30,998.745341
1.614034,30,999.226064
0.629602,30,999.660812
1005.684435,13,999.870707
1002.931827,8,999.99762
3.289314,30,1000.392423
-36.602412,30,1000.782198
-78.891669,30,1001.244909
-37.896317,30,1001.628711
981.969322,8,1001.728654
982.273236,9,1001.848554
1.085654,30,1002.226368
-18.11999,30,1002.607119
-17.780443,30,1002.98191
-58.200878,30,1003.362684
1005.635331,11,1003.493616
-78.915424,30,1003.860399
-96.720666,30,1004.236182
888.215518,27,1004.562994
-18.808331,30,1004.943781
904.224735,23,1005.253595
-19.300197,30,1005.602396
985.31975,11,1005.73432
-18.791603,30,1006.08012
-96.324817,30,1006.425925
983.405384,12,1006.565872
901.979586,13,1006.721784
-218.733046,30,1007.074579
823.246832,27,1007.391367
1004.312859,5,1007.449364
882.597852,14,1007.612243
842.75313,23,1007.883089
-217.372717,30,1008.244906
-72.81725,30,1008.593682
-56.262676,30,1008.949501
822.763297,24,1009.226342
-115.552697,30,1009.572143
926.170508,18,1009.783021
-56.926607,30,1010.135818
-139.043864,30,1010.483618
-157.49356,30,1010.830419
-118.947537,30,1011.187213
-139.05877,30,1011.540011
-139.135328,30,1011.89081
-78.785993,30,1012.241577
-76.609246,30,1012.590378
-78.484087,30,1012.9502
-92.685392,30,1013.304995
943.457385,20,1013.534867
-59.269016,30,1013.880641
-118.724476,30,1014.231463
-58.015747,30,1014.578264
-58.788095,30,1014.928063
-92.558472,30,1015.276837
-15.983474,30,1015.624663
-119.034928,30,1015.97543
1.255499,30,1016.32823
-132.149152,30,1016.675029
984.995124,12,1016.818945
-118.078585,30,1017.183733
-17.011644,30,1017.596526
-96.580482,30,1017.97528
-136.612329,30,1018.630901
-56.703329,30,1019.158597
-138.930055,30,1019.620333
903.604163,16,1019.834231
-118.942451,30,1020.201028
1.02166,30,1020.580811
-17.296046,30,1020.951571
-78.380519,30,1021.315357
-38.437285,30,1021.674182
-117.888462,30,1022.041941
928.413249,26,1022.353791
-76.487398,30,1022.703559
-58.836872,30,1023.084372
922.33287,17,1023.296227
-78.062046,30,1023.685994
1003.208859,10,1023.838915
-76.582737,30,1024.241676
-37.505032,30,1024.658435
-39.027803,30,1025.060213
-115.311908,30,1025.677855
-18.520452,30,1026.237555
-114.957896,30,1026.73824
-39.032885,30,1027.207973
924.455808,18,1027.462822
945.471185,10,1027.610736
-15.999347,30,1028.08647
-18.664996,30,1028.449256
-99.190409,30,1028.805051
-38.889663,30,1029.182834
984.155839,8,1029.278811
-56.055417,30,1029.660568
-57.627543,30,1030.04037
1.234026,30,1030.395137
-37.453453,30,1030.786941
-116.630035,30,1031.192676
-58.61319,30,1031.639451
-57.641012,30,1032.07417
-97.51661,30,1032.567892
-39.196655,30,1033.087587
0.752827,30,1033.582333
-38.015975,30,1034.024079
943.57717,18,1034.231934
-37.903742,30,1034.589754
-18.160397,30,1034.974511
-15.727992,30,1035.367307
0.895584,30,1035.719104
-79.00652,30,1036.072901
-58.812407,30,1036.419671
962.383174,15,1036.602567
922.684899,13,1036.764504
-58.35638,30,1037.116277
-57.434517,30,1037.467099
-78.812258,30,1037.824868
-116.23283,30,1038.183658
-137.589415,30,1038.532487
-79.274735,30,1038.899276
-115.801877,30,1039.251044
944.721302,13,1039.401959
-115.053007,30,1039.758782
-36.44231,30,1040.10858
-75.809248,30,1040.459355
-18.603806,30,1040.819141
-18.726991,30,1041.183961
-117.584195,30,1041.535728
967.251267,27,1041.895522
-18.521982,30,1042.258312
-11.587842,30,1042.607143
-116.380611,30,1042.968935
-35.662883,30,1043.328699
-95.200072,30,1043.674529
0.63589,30,1044.044287
-57.842882,30,1044.409076
-118.67161,30,1044.780862
-38.858999,30,1045.161651
942.30567,10,1045.282604
-19.073492,30,1045.630404
-98.388543,30,1045.983201
-39.127065,30,1046.33197
-77.856558,30,1046.676802
-38.872271,30,1047.030599
-76.165228,30,1047.386365
-76.952782,30,1047.732168
948.744574,29,1048.067974
-158.540148,30,1048.422769
862.22804,15,1048.597674
-155.128004,30,1048.950468
-77.953426,30,1049.304291
984.961613,21,1049.548121
-37.460809,30,1049.89795
982.338089,15,1050.073819
-98.262762,30,1050.426646
883.96344,22,1050.680499
-98.757982,30,1051.037295
-36.974646,30,1051.386065
-59.229503,30,1051.732894
-117.467419,30,1052.081665
-38.617435,30,1052.430493
941.599954,7,1052.511423
-77.927135,30,1052.858216
863.339621,24,1053.13609
-217.566463,30,1053.486888
-178.83375,30,1053.834656
-158.113716,30,1054.190454
-118.065405,30,1054.53825
-137.436544,30,1054.88905
947.134266,28,1055.224862
-157.319036,30,1055.574657
902.750105,13,1055.727574
-36.391076,30,1056.083392
982.769609,14,1056.246299
-18.910426,30,1056.595099
-57.130098,30,1056.95686
-36.629641,30,1057.310659
-54.9713,30,1057.656456
943.440964,30,1058.012254
-14.936361,30,1058.367079
904.351536,26,1058.669905
-75.347328,30,1059.020673
923.658196,26,1059.320531
961.827993,8,1059.412453
963.479976,23,1059.682292
-37.69788,30,1060.040085
-16.223374,30,1060.388885
1.290324,30,1060.740715
1.0008,30,1061.099476
-18.305916,30,1061.445308
-98.013308,30,1061.792109
884.206176,27,1062.098902
-19.054603,30,1062.4507
1004.339495,7,1062.531683
1.500814,30,1062.876487
1.325185,30,1063.233257
1.212174,30,1063.582048
1.779203,30,1063.931879
882.895479,13,1064.081792
-78.14123,30,1064.427593
-58.923087,30,1064.779391
-78.492727,30,1065.138185
-77.603284,30,1065.482986
-19.113062,30,1065.834784
0.698747,30,1066.211567
-18.946096,30,1066.587327
921.731771,9,1066.703253
-18.475455,30,1067.101055
-18.876556,30,1067.482836
1.174998,30,1067.830636
-156.273109,30,1068.177437
-59.027937,30,1068.524237
-38.836999,30,1068.874037
0.919298,30,1069.227833
-38.045945,30,1069.572604
-98.514537,30,1069.923432
-18.695603,30,1070.273232
1004.259331,6,1070.34419
-135.921997,30,1070.688992
-138.497724,30,1071.047785
0.875851,30,1071.400553
0.906296,30,1071.749382
-79.033098,30,1072.122167
1.836221,30,1072.537897
1.607405,30,1072.946694
1.015246,30,1073.339468
-58.120437,30,1073.693268
-19.217392,30,1074.071046
0.874865,30,1074.420845
0.905835,30,1074.769644
-98.675556,30,1075.132436
-119.123697,30,1075.481236
-157.644879,30,1075.831035
-58.483244,30,1076.179834
-58.732751,30,1076.52661
-39.054869,30,1076.875402
-77.173638,30,1077.228231
-98.172011,30,1077.585026
902.476826,22,1077.842846
1.18408,30,1078.198641
-19.247949,30,1078.548471
2.425065,30,1078.912232
-37.229074,30,1079.260031
982.521561,9,1079.365002
901.676198,10,1079.482905
-74.892391,30,1079.833732
963.207764,11,1079.964657
962.574771,8,1080.060602
883.553682,30,1080.413372
1009.0,9,1080.518339
902.037549,13,1080.669253
847.247194,30,1081.02005
-196.36979,30,1081.374846
-18.664998,30,1081.722617
0.631497,30,1082.1094
981.550951,5,1082.167391
984.490672,13,1082.324271
-78.672767,30,1082.674099
-176.650629,30,1083.031861
-138.851209,30,1083.408676
926.003918,30,1083.760445
-196.967102,30,1084.119267
941.723518,8,1084.212214
-18.799864,30,1084.559014
-118.852416,30,1084.912782
-77.607215,30,1085.259612
-171.687716,30,1085.613377
961.651514,8,1085.797272
981.733702,5,1085.887221
981.959954,12,1086.068124
981.856989,6,1086.150101
926.211098,22,1086.478879
-137.455894,30,1086.926654
-53.263113,30,1087.364371
984.523565,24,1087.69921
-14.827906,30,1088.080967
-98.875949,30,1088.463769
870.34047,29,1088.817566
-236.177711,30,1089.198346
1004.02553,12,1089.351259
-115.59874,30,1089.72202
-136.901863,30,1090.110822
-117.93702,30,1090.470616
-77.942986,30,1090.847367
-78.947975,30,1091.250136
-58.230721,30,1091.594937
1001.527737,4,1091.641942
1003.11942,7,1091.726861
-77.821049,30,1092.086686
-78.30104,30,1092.435456
941.563642,8,1092.53043
-39.132798,30,1092.878231
984.112959,25,1093.179029
-96.852897,30,1093.528826
-38.170492,30,1093.877655
-97.749873,30,1094.225455
-78.56636,30,1094.910039
-19.28351,30,1095.30881
-38.982175,30,1095.696609
-35.260482,30,1096.136325
962.98052,30,1096.522111
-98.187831,30,1096.901917
-98.230782,30,1097.287672
-56.989134,30,1097.663455
844.776295,23,1097.957286
-14.612624,30,1098.327067
-55.915289,30,1098.700858
881.940092,14,1098.878756
-33.170941,30,1099.285548
1003.276302,17,1099.492426
885.063647,17,1099.686285
941.711457,10,1099.802248
0.947058,30,1100.154046
-77.668176,30,1100.507842
-58.252667,30,1100.856642
964.981844,23,1101.13346
-197.223449,30,1101.52023
1005.663113,13,1101.681167
-157.346332,30,1102.078907
-58.869595,30,1102.467691
946.294928,23,1102.766519
845.821918,16,1102.970425
-37.38279,30,1103.369196
-76.815096,30,1103.747948
981.480998,5,1103.819913
1004.017692,14,1104.000807
-93.788285,30,1104.360626
-35.816378,30,1104.71839
1002.749202,4,1104.769391
961.626487,6,1104.838353
762.834522,28,1105.172159
-54.236608,30,1105.52293
-138.277075,30,1105.87073
985.875353,23,1106.139603
-117.617215,30,1106.487376
-76.83545,30,1106.836204
-74.576399,30,1107.194996
-77.569068,30,1107.542764
982.990175,21,1107.792623
1005.361176,9,1107.90059
-134.671015,30,1108.252356
-95.677095,30,1108.601158
928.211661,28,1108.930975
-58.101691,30,1109.288791
863.353542,16,1109.476684
944.773543,22,1109.732537
1004.238317,21,1109.978396
-71.888435,30,1110.325196
-75.987844,30,1110.670996
-177.416403,30,1111.025762
-137.422948,30,1111.381564
925.71443,28,1111.704371
942.22192,22,1111.967225
-192.537296,30,1112.320019
-136.588287,30,1112.669848
-138.683812,30,1113.046608
1005.937515,16,1113.23849
-157.540832,30,1113.585321
-58.364516,30,1113.935119
-177.503662,30,1114.285919
942.16161,13,1114.438798
-137.013928,30,1114.78663
-198.419764,30,1115.136428
962.525447,8,1115.228376
1004.079251,20,1115.467238
946.504901,23,1115.733085
1003.636258,14,1115.893993
1003.948986,11,1116.027886
-138.710367,30,1116.389708
922.406134,16,1116.572603
902.444759,17,1116.771463
982.089283,6,1116.841448
984.069615,24,1117.133281
-137.212313,30,1117.47905
1005.939507,23,1117.747927
-154.103441,30,1118.100725
-37.279583,30,1118.451522
982.612993,12,1118.590442
-114.289293,30,1118.940212
-16.163234,30,1119.304032
944.977864,28,1119.638808
1001.815841,6,1119.708798
-35.980667,30,1120.072558
-78.698211,30,1120.442348
981.859255,7,1120.528328
862.611594,18,1120.764165
-135.849359,30,1121.187949
942.933103,27,1121.539746
963.980287,22,1121.850542
1.228716,30,1122.224329
-77.004377,30,1122.60611
1.258764,30,1122.961904
904.288263,28,1123.28974
-159.059578,30,1123.641537
-118.344679,30,1123.990305
826.544618,29,1124.33211
-57.368468,30,1124.67994
-137.305602,30,1125.037735
942.979321,10,1125.157665
-76.761667,30,1125.505434
-98.714087,30,1125.856234
902.516801,14,1126.018139
-115.779141,30,1126.364941
-57.319418,30,1126.709749
904.221345,16,1126.90463
-97.093826,30,1127.250439
902.997098,19,1127.471335
-136.976312,30,1127.82913
-18.338611,30,1128.19192
984.432204,9,1128.29686
1002.428986,15,1128.468761
962.800513,7,1128.549714
-238.037931,30,1128.901482
-97.651424,30,1129.251279
-78.764838,30,1129.59911
-197.585935,30,1129.950884
921.904275,9,1130.061814
2.201527,30,1130.41661
-158.009874,30,1130.762411
-258.490932,30,1131.112241
884.397476,24,1131.394049
903.151911,12,1131.53197
-57.243966,30,1131.882797
922.456362,13,1132.042709
-196.592422,30,1132.394471
901.899756,11,1132.521429
1005.257452,14,1132.682337
1003.481076,22,1132.944188
962.015705,10,1133.062087
-118.406776,30,1133.411891
865.940493,23,1133.674741
-137.952435,30,1134.027533
-36.248288,30,1134.388357
946.194865,14,1134.548232
925.764333,21,1134.794094
964.091634,18,1135.000977
-176.153437,30,1135.352801
1003.002053,13,1135.502695
987.390079,25,1135.795547
-36.898166,30,1136.142348
984.810212,14,1136.308221
-237.445148,30,1136.653026
-77.008858,30,1137.005853
-37.462345,30,1137.360646
-57.78877,30,1137.706448
-118.626046,30,1138.054225
-77.919717,30,1138.404046
-216.921766,30,1138.749817
-236.897796,30,1139.112639
-278.987578,30,1139.459408
1005.380541,15,1139.632311
-199.042776,30,1139.980111
-176.722159,30,1140.328939
1002.38596,12,1140.468829
-178.175341,30,1140.817659
-117.453179,30,1141.173454
-15.954125,30,1141.525252
904.225041,22,1141.781105
983.465594,14,1141.94601
763.995207,27,1142.259804
1001.785897,4,1142.312799
-97.973006,30,1142.655572
1002.414778,14,1142.818477
-218.372354,30,1143.178278
905.756491,29,1143.516077
-137.36912,30,1143.865876
923.62099,20,1144.098771
-94.866274,30,1144.445573
885.408982,18,1144.656451
924.659178,22,1144.916272
885.36723,30,1145.273095
884.885464,26,1145.571894
903.782915,22,1145.835772
-132.778902,30,1146.18557
-297.880335,30,1146.537369
-238.49799,30,1146.903158
-117.617515,30,1147.298931
-97.516638,30,1147.668686
-175.682714,30,1148.034484
-158.778804,30,1148.397276
-17.519489,30,1148.766088
-118.575716,30,1149.145839
-117.05141,30,1149.50963
942.702115,17,1149.703524
886.776455,28,1150.029361
-97.201189,30,1150.378136
903.548334,24,1150.652972
-98.081956,30,1151.007799
-117.97201,30,1151.363564
-77.329792,30,1151.709396
-218.981946,30,1152.063161
-58.613429,30,1152.405994
-278.98418,30,1152.757759
-117.355811,30,1153.115585
-137.7459,30,1153.466353
882.985525,19,1153.686228
1003.864062,15,1153.862127
822.443195,21,1154.105991
-119.081304,30,1154.457815
-176.385753,30,1154.805613
-99.323219,30,1155.154413
-36.242064,30,1155.502214
943.011609,28,1155.830994
-157.738814,30,1156.191787
-154.027824,30,1156.547614
941.959761,14,1156.708519
943.043328,20,1156.945383
963.26909,14,1157.109259
-176.53471,30,1157.462056
-118.330842,30,1157.88482
943.219031,25,1158.206657
-56.921325,30,1158.555432
1004.747288,9,1158.661395
-59.221697,30,1159.015192
1004.561149,24,1159.298029
943.413223,23,1159.563846
-117.14003,30,1159.920642
-158.570317,30,1160.264474
-118.124519,30,1160.613243
-236.841289,30,1160.967069
763.434827,27,1161.289884
-76.363765,30,1161.634686
-96.519907,30,1161.980457
-57.267451,30,1162.329257
903.655335,22,1162.586138
944.702401,19,1162.809013
822.850049,25,1163.102814
-217.577771,30,1163.449617
-238.215002,30,1163.804437
925.044329,23,1164.07828
-35.678335,30,1164.42608
-193.031333,30,1164.77185
-116.062345,30,1165.124678
-177.310097,30,1165.471479
-138.895285,30,1165.821278
883.487622,21,1166.063138
-112.924038,30,1166.415905
-55.413333,30,1166.762707
-54.565548,30,1167.119531
866.036887,27,1167.433351
-157.801994,30,1167.783149
-75.293845,30,1168.131949
822.88,28,1168.455762
-97.899455,30,1168.803539
-138.246569,30,1169.153363
-74.666283,30,1169.501132
-95.173239,30,1169.848961
-155.367565,30,1170.203757
-98.20479,30,1170.55953
-98.220216,30,1170.908323
945.437659,28,1171.230166
983.871921,11,1171.358064
982.916041,15,1171.535961
1002.428359,4,1171.582963
927.542982,21,1171.847812
-77.403245,30,1172.194612
881.998508,16,1172.385502
864.289993,28,1172.706288
1003.762301,5,1172.766284
-158.95473,30,1173.119081
-134.595553,30,1173.471848
902.772214,20,1173.701745
866.680375,30,1174.061538
-57.886084,30,1174.418333
1005.313931,16,1174.609225
844.353491,30,1174.957994
862.521565,24,1175.237835
-158.301255,30,1175.58766
-58.350601,30,1175.939458
965.862171,23,1176.211284
-158.663439,30,1176.558072
-258.693366,30,1176.906872
1002.507401,18,1177.130774
-56.297736,30,1177.47755
846.571733,25,1177.768377
926.21164,14,1177.93229
-97.204884,30,1178.296074
-97.06966,30,1178.64388
-90.337822,30,1178.992703
942.977831,21,1179.234563
865.852459,23,1179.50141
-17.389893,30,1179.850209
823.047615,26,1180.159009
-39.083889,30,1180.51083
-37.253739,30,1180.85963
986.562199,13,1181.015507
-198.410571,30,1181.367306
-57.509627,30,1181.716107
1.308913,30,1182.073931
984.792775,13,1182.226843
-37.179511,30,1182.576642
926.302617,28,1182.899455
-158.961238,30,1183.250254
863.259074,26,1183.550052
963.512538,18,1183.75996
-76.068969,30,1184.111749
-59.107382,30,1184.468553
1003.704418,9,1184.574463
-74.866091,30,1184.922292
-156.806671,30,1185.269063
-176.908097,30,1185.616865
986.674177,24,1185.895703
966.208105,19,1186.12357
1005.112988,12,1186.262491
-137.60637,30,1186.61232
-216.37659,30,1186.963118
-75.55878,30,1187.30889
-56.857284,30,1187.653721
-55.521851,30,1188.007517
-117.938179,30,1188.363314
-96.614033,30,1188.710091
-138.950682,30,1189.054895
1003.956812,11,1189.184811
-158.649509,30,1189.535614
-78.924844,30,1189.881443
-17.952781,30,1190.228243
1003.828556,20,1190.463076
884.091038,29,1190.797883
-177.211221,30,1191.156706
-278.32875,30,1191.502507
922.664643,19,1191.72535
-56.753602,30,1192.077178
-35.509989,30,1192.424977
-139.142186,30,1192.774776
1003.956436,8,1192.870722
1005.488586,11,1193.003615
-18.905783,30,1193.360438
964.286211,30,1193.703244
-38.239518,30,1194.05704
984.619782,19,1194.274914
966.285173,22,1194.528737
905.618597,26,1194.840565
-78.048126,30,1195.203348
-96.886343,30,1195.55115
-157.144312,30,1195.899949
963.086118,19,1196.122852
985.787515,20,1196.357716
-77.744,30,1196.70149
925.936607,24,1196.982333
965.426614,14,1197.144263
-79.171489,30,1197.495035
-198.162604,30,1197.84886
-95.285557,30,1198.205623
985.192059,21,1198.451512
926.487708,24,1198.734349
-178.585444,30,1199.083148
-118.104527,30,1199.429948
962.273133,16,1199.614842
1003.111522,15,1199.79274
-33.817936,30,1200.147536
943.137207,29,1200.481314
-158.961615,30,1200.834141
902.647428,18,1201.044019
1005.234538,7,1201.124974
-57.687976,30,1201.474741
-58.316645,30,1201.826569
925.242814,27,1202.162348
-39.300489,30,1202.511176
-39.112453,30,1202.859975
-37.76651,30,1203.210775
-98.812577,30,1203.562571
-119.217495,30,1203.911342
1004.97795,16,1204.10423
-77.61462,30,1204.453028
-177.818888,30,1204.845833
-198.494976,30,1205.223236
-78.737198,30,1205.574034
886.497269,28,1205.900846
983.131636,9,1206.013782
962.682344,15,1206.192678
-117.715985,30,1206.53748
963.002197,17,1206.73337
-18.932623,30,1207.082136
982.707438,14,1207.244073
-159.004303,30,1207.613861
-58.260443,30,1208.002637
-9.450635,30,1208.359402
-138.500822,30,1208.723201
-118.151553,30,1209.114965
943.441975,28,1209.45078
1005.664338,15,1209.638696
-56.513981,30,1210.006484
-78.520747,30,1210.354286
-18.365555,30,1210.696088
982.564976,18,1210.908935
1003.861595,12,1211.053884
-116.473702,30,1211.403681
-77.340462,30,1211.751481
-35.216956,30,1212.10128
946.147726,27,1212.41207
-79.184507,30,1212.759902
1004.464333,15,1212.936768
-98.815671,30,1213.30159
