#{"t_start": 1584053299.0026948, "env_id": "cursorcontrol-v2"}
r,l,t
-268.359501,30,4.708467
-194.06601,30,4.757438
-268.948547,30,4.793419
-283.543283,30,6.421514
-193.244105,30,6.838245
-268.939238,30,7.282018
-74.101849,30,7.737758
-206.440154,30,8.192466
-161.989134,30,8.586268
-18.966633,30,9.000003
-58.134785,30,9.41879
-88.771938,30,9.812541
2.703579,30,10.277274
0.993407,30,10.727009
-6.107839,30,11.167783
4.359533,30,11.581547
0.741015,30,11.966326
1.785254,30,12.337081
-28.578185,30,12.693875
2.754342,30,13.074658
2.397768,30,13.450471
2.230887,30,13.813262
1.64174,30,14.172056
1.898598,30,14.550839
-13.877824,30,14.905635
2.802194,30,15.279419
1.467025,30,15.636214
1.34794,30,16.009974
1.282828,30,16.365767
-13.653252,30,16.722566
1.328779,30,17.088378
14.336431,30,17.459133
3.035449,30,17.826954
1.497266,30,18.18272
1.103114,30,18.535549
5.278848,30,18.892309
1.73374,30,19.255103
-13.11124,30,19.610928
-13.803751,30,19.965694
1.16232,30,20.337487
4.762018,30,20.70427
0.963991,30,21.067091
4.785645,30,21.525796
-12.935702,30,21.931563
0.745719,30,22.392306
0.871995,30,22.797095
1.604966,30,23.152891
1.031567,30,23.583613
1.760783,30,24.009369
1.000094,30,24.364164
1.013406,30,24.738979
2.661153,30,25.095774
1.102701,30,25.452568
1.131372,30,25.807336
1.832952,30,26.170155
0.874385,30,26.524929
0.798766,30,26.87975
1.121416,30,27.236542
4.821458,30,27.58734
1.046236,30,27.944135
3.271632,30,28.317893
1.084679,30,28.667719
-9.10406,30,29.026489
1.092759,30,29.398299
5.141286,30,29.750096
1.725198,30,30.10889
1.361634,30,30.471682
0.77612,30,30.825451
1.285517,30,31.192266
2.900248,30,31.547033
1.073953,30,31.904857
2.323262,30,32.261652
1.618832,30,32.612451
1.530631,30,32.966246
1.890716,30,33.32604
1.620616,30,33.6908
4.619164,30,34.047599
1.725822,30,34.399423
-13.505068,30,34.747197
-27.233331,30,35.108015
1.543071,30,35.468808
1.041072,30,35.824604
1.301943,30,36.176373
4.159839,30,36.535165
1.237341,30,36.889989
1.033395,30,37.243764
1.180005,30,37.594584
1.064232,30,37.950349
4.491032,30,38.31617
1.826116,30,38.666952
1.077139,30,39.021765
1.035658,30,39.377563
0.852364,30,39.730358
2.081117,30,40.10814
1.391028,30,40.467903
1.860037,30,40.826729
1.03404,30,41.200511
2.379236,30,41.554283
3.262204,30,41.910103
4.912208,30,42.27989
1.499268,30,42.633687
-13.678807,30,42.991452
2.873549,30,43.353273
1.372264,30,43.712066
1.0001,30,44.100843
1.052497,30,44.47063
0.987231,30,44.830424
1.096135,30,45.209205
1.557512,30,45.582958
1.066077,30,46.01571
1.214917,30,46.450492
1.050654,30,46.839268
1.555061,30,47.240007
2.950416,30,47.675786
1.986734,30,48.074528
2.977891,30,48.474327
1.342106,30,48.875096
4.775419,30,49.23489
1.361999,30,49.587658
1.658482,30,49.946451
-13.429068,30,50.300277
1.115618,30,50.652075
1.219203,30,51.006872
1.245167,30,51.376659
8.667298,30,51.741419
2.584576,30,52.10424
1.539366,30,52.460036
3.37446,30,52.817829
1.260395,30,53.179621
1.056626,30,53.535416
1.265265,30,53.889213
1.252134,30,54.243977
1.31762,30,54.602773
1.289138,30,54.95357
1.072111,30,55.305398
2.086209,30,55.666192
2.138169,30,56.022987
1.195194,30,56.389775
1.485442,30,56.741572
-13.553245,30,57.102365
1.662816,30,57.456132
3.993228,30,57.809935
2.816809,30,58.165754
2.038956,30,58.52052
1.194217,30,58.878344
0.83791,30,59.248131
1.355283,30,59.603926
1.799624,30,59.960721
5.577745,30,60.320515
1.429103,30,60.671286
1.033961,30,61.024081
1.070847,30,61.380873
-13.370917,30,61.731677
5.416396,30,62.092466
1.819044,30,62.45026
1.749832,30,62.806084
1.751916,30,63.16185
1.745506,30,63.525641
1.547684,30,63.885433
1.029119,30,64.252253
1.792442,30,64.606022
0.637106,30,64.961844
1.378849,30,65.319609
1.154856,30,65.681432
1.050687,30,66.039226
2.160482,30,66.396995
1.939823,30,66.751791
1.133922,30,67.117574
2.089696,30,67.47837
2.536985,30,67.832175
1.313005,30,68.182965
1.360398,30,68.536759
1.469211,30,68.895553
1.090734,30,69.252378
1.104542,30,69.614169
1.066731,30,69.982957
1.316113,30,70.350714
1.831958,30,70.703542
1.006967,30,71.059338
-13.950574,30,71.420131
1.638956,30,71.770899
-13.994575,30,72.135696
1.071479,30,72.493484
1.788992,30,72.857304
1.511849,30,73.210101
9.54521,30,73.578888
1.569682,30,73.933684
1.453913,30,74.291462
2.067166,30,74.644246
0.957724,30,74.996045
0.761128,30,75.389818
2.756335,30,75.757606
1.6885,30,76.113431
0.844778,30,76.469197
1.350554,30,76.821993
1.467598,30,77.178819
0.964697,30,77.531615
1.363301,30,77.885413
1.212708,30,78.249172
1.389217,30,78.611964
1.388537,30,78.967789
2.210374,30,79.322585
1.417197,30,79.673383
1.07235,30,80.036148
1.063999,30,80.400965
7.193981,30,80.751763
1.246402,30,81.108558
0.967335,30,81.465324
0.882937,30,81.819118
7.238261,30,82.175914
2.643576,30,82.529709
1.669255,30,82.887535
1.268361,30,83.248297
0.877093,30,83.602125
0.953471,30,83.960918
1.767567,30,84.315714
1.562139,30,84.664485
1.25255,30,85.023307
0.784665,30,85.374075
1.311966,30,85.735866
1.26208,30,86.180618
0.88016,30,86.559425
1.801931,30,87.027123
0.939641,30,87.496853
1.16096,30,87.914614
1.551099,30,88.275437
1.667518,30,88.64023
1.532619,30,89.109925
1.501236,30,89.545706
3.524613,30,89.987453
1.27103,30,90.350213
0.908354,30,90.714036
1.306153,30,91.069829
2.741727,30,91.428625
1.230895,30,91.778424
2.215213,30,92.171195
1.130365,30,92.542958
1.420559,30,92.923745
1.044955,30,93.307542
1.634982,30,93.674331
1.564585,30,94.034099
1.469648,30,94.385891
1.258147,30,94.73772
1.12968,30,95.097483
1.496948,30,95.509245
1.690654,30,95.917018
1.008977,30,96.396766
3.949418,30,96.818497
1.173022,30,97.242249
1.10652,30,97.642027
1.643268,30,98.001832
1.318783,30,98.367601
1.277768,30,98.716432
1.635207,30,99.070228
2.745539,30,99.43102
4.33539,30,99.949722
6.761593,30,100.341466
2.900052,30,100.745265
6.538369,30,101.233983
1.196337,30,101.610735
1.962005,30,102.011507
1.025064,30,102.400288
1.251668,30,102.781093
1.504297,30,103.242799
1.428506,30,103.613615
5.183142,30,103.98837
1.039174,30,104.40513
1.079317,30,104.803907
1.001911,30,105.229656
2.321409,30,105.616433
4.726792,30,106.042188
2.557782,30,106.495958
3.768272,30,106.910696
1.293425,30,107.327455
1.160454,30,107.721227
1.390289,30,108.124021
1.372517,30,108.519762
1.169398,30,108.900544
1.473063,30,109.260367
3.683766,30,109.617161
1.3374,30,109.969934
1.231582,30,110.330751
4.300598,30,110.683522
2.305986,30,111.070326
1.423905,30,111.441086
1.202019,30,111.793881
5.359749,30,112.156702
1.980416,30,112.519463
1.464858,30,112.882257
1.723457,30,113.237057
1.737106,30,113.589877
1.832921,30,113.948671
3.705201,30,114.312463
2.92755,30,114.665259
0.902249,30,115.028021
1.387528,30,115.395815
3.521697,30,115.747605
2.928965,30,116.103402
0.909707,30,116.456229
1.988189,30,116.813024
5.322726,30,117.173786
1.285351,30,117.533577
1.143302,30,117.889404
2.867928,30,118.248198
1.525452,30,118.631953
0.857919,30,119.052706
2.114494,30,119.467467
1.767999,30,119.907243
1.082556,30,120.282997
1.473617,30,120.670781
0.913102,30,121.07557
5.982593,30,121.493308
8.287436,30,121.897068
1.016901,30,122.273883
3.912391,30,122.64364
0.904861,30,123.048407
0.851669,30,123.454173
2.010839,30,123.90592
0.740833,30,124.341693
6.531035,30,124.745431
1.09165,30,125.190203
2.70742,30,125.556993
1.922348,30,126.013706
3.54262,30,126.497454
1.782754,30,126.955161
5.062203,30,127.507843
1.441058,30,128.107496
7.034071,30,128.597214
1.581906,30,129.078939
0.952384,30,129.592642
7.288759,30,130.032398
1.906046,30,130.410203
1.545133,30,130.779958
3.394765,30,131.762394
1.387631,30,132.222129
3.123911,30,132.679897
1.14167,30,133.112618
8.56738,30,133.518415
1.22434,30,133.901165
6.05866,30,134.334923
1.556967,30,134.732717
2.996281,30,135.14345
2.805071,30,135.542251
1.812786,30,135.965976
1.697639,30,136.375742
11.936286,30,136.778541
0.793741,30,137.152294
1.108079,30,137.541101
1.657317,30,137.913888
1.346024,30,138.288642
2.668005,30,138.653462
0.955813,30,139.02022
1.225208,30,139.380044
3.388523,30,139.73484
0.890269,30,140.093634
1.675837,30,140.458424
1.118388,30,140.816189
1.785449,30,141.171983
1.46845,30,141.524779
3.080311,30,141.886574
1.416589,30,142.257389
5.00619,30,142.630153
1.17432,30,142.98697
2.414739,30,143.344764
2.73549,30,143.707526
6.601061,30,144.075314
4.343954,30,144.440134
0.907778,30,144.801925
1.021552,30,145.16072
2.797968,30,145.516489
1.333338,30,145.878307
0.872852,30,146.244098
0.660959,30,146.626845
1.048041,30,146.988637
1.155482,30,147.408401
2.572366,30,147.819166
2.193572,30,148.249925
0.691369,30,148.628725
1.083128,30,149.000486
1.552033,30,149.398253
1.133842,30,149.760044
1.658675,30,150.173836
1.472113,30,150.540626
1.048546,30,150.912382
2.493754,30,151.310183
7.035345,30,151.665978
3.368243,30,152.023773
1.04926,30,152.385564
1.015962,30,152.745357
1.09661,30,153.113146
2.116074,30,153.48191
1.318845,30,153.844725
1.422897,30,154.202494
1.841261,30,154.556286
2.025453,30,154.918078
1.557416,30,155.290894
1.152461,30,155.651686
1.315913,30,156.02344
3.099173,30,156.383265
4.345733,30,156.739061
4.418858,30,157.094857
4.103701,30,157.446653
2.121653,30,157.812414
2.099129,30,158.183229
1.061622,30,158.552017
4.910321,30,158.919779
1.15982,30,159.295589
4.82939,30,159.666346
10.920579,30,160.037165
2.884721,30,160.398931
1.832435,30,160.754751
5.835856,30,161.127511
1.813923,30,161.495324
1.425416,30,161.857118
1.673094,30,162.210889
2.202392,30,162.577703
1.491004,30,162.938465
1.157216,30,163.301286
0.949194,30,163.664054
4.625964,30,164.036832
0.928097,30,164.40665
6.113556,30,164.759447
0.852331,30,165.127236
0.902721,30,165.494025
1.859063,30,165.853789
1.186485,30,166.209614
2.280793,30,166.561411
6.125623,30,166.920205
0.833277,30,167.299986
1.957794,30,167.692738
1.435821,30,168.07554
2.0725,30,168.464318
0.714098,30,168.835103
4.565061,30,169.203891
0.764526,30,169.577676
1.781875,30,169.954428
3.202479,30,170.346202
7.565426,30,170.80194
5.199318,30,171.226703
1.140381,30,171.625497
2.90038,30,171.976296
1.393106,30,172.330093
2.517117,30,172.689886
3.412329,30,173.051649
1.407909,30,173.41144
1.082606,30,173.763269
0.805249,30,174.118065
0.913435,30,174.473831
1.754701,30,174.830629
1.099475,30,175.184452
1.229268,30,175.538221
3.013531,30,175.900011
4.432237,30,176.260832
3.36745,30,176.613629
3.726107,30,176.986385
2.899796,30,177.343179
1.236661,30,177.703003
1.208632,30,178.059771
1.455136,30,178.424587
2.103372,30,178.782351
1.710254,30,179.140177
0.77155,30,179.495947
7.110504,30,179.850739
2.733564,30,180.217556
8.04633,30,180.582319
1.729581,30,180.932116
1.782202,30,181.286919
8.175381,30,181.641714
1.908649,30,181.997535
3.357822,30,182.351298
0.776403,30,182.7051
1.713155,30,183.067888
4.638601,30,183.425712
1.206559,30,183.776483
1.488382,30,184.131306
1.04692,30,184.486077
0.897387,30,184.837899
0.996234,30,185.195693
1.931447,30,185.560453
1.355142,30,185.921277
2.052643,30,186.294063
1.527121,30,186.646859
2.157022,30,186.997658
10.411946,30,187.37641
2.217144,30,187.738202
1.152252,30,188.095996
1.309459,30,188.457819
1.733394,30,188.822608
1.51096,30,189.192395
1.21413,30,189.565181
3.121217,30,189.938936
2.535714,30,190.325744
1.515058,30,190.698499
1.609349,30,191.087276
5.707455,30,191.49305
1.209102,30,191.86883
1.956107,30,192.255633
2.264928,30,192.626421
1.059538,30,192.997184
1.446508,30,193.376988
1.340044,30,193.739748
2.29778,30,194.097575
11.499657,30,194.457367
0.928151,30,194.814162
2.210623,30,195.165962
7.599226,30,195.516728
1.402038,30,195.873555
1.284088,30,196.238345
3.538935,30,196.591108
0.955985,30,196.945904
5.710396,30,197.299703
2.764791,30,197.653528
2.8278,30,198.012291
2.369696,30,198.376113
1.464508,30,198.725882
1.230961,30,199.080681
2.254936,30,199.431506
1.420059,30,199.782275
4.262743,30,200.1371
8.183634,30,200.496864
1.35422,30,200.854658
2.605674,30,201.219455
1.305103,30,201.571248
3.286011,30,201.929069
1.851061,30,202.280844
0.745862,30,202.636633
1.891392,30,202.991429
4.08004,30,203.360221
1.153204,30,203.712044
2.30698,30,204.069815
2.583631,30,204.423611
1.752575,30,204.779431
4.930163,30,205.143192
1.357529,30,205.498018
7.647113,30,205.85379
0.855183,30,206.213578
1.963979,30,206.567402
7.659078,30,206.923168
1.649161,30,207.285989
2.214107,30,207.647751
0.932421,30,208.003547
11.746352,30,208.353344
0.764314,30,208.705171
1.399477,30,209.066966
0.860752,30,209.423761
1.147401,30,209.774557
2.272382,30,210.13732
9.957052,30,210.50114
0.684036,30,210.858904
2.395924,30,211.213731
1.267603,30,211.569525
1.330109,30,211.929318
1.731644,30,212.29208
3.075623,30,212.648904
2.519422,30,213.009675
0.801375,30,213.373464
1.788732,30,213.727284
1.515283,30,214.083079
5.429958,30,214.437875
3.785991,30,214.794671
5.569052,30,215.157462
0.853397,30,215.51423
11.379076,30,215.867054
3.154346,30,216.224847
0.777653,30,216.575646
1.029115,30,216.93241
1.499145,30,217.295232
1.424609,30,217.653026
13.749122,30,218.01182
1.812689,30,218.364617
3.114891,30,218.719413
2.031443,30,219.088201
0.770964,30,219.445996
1.133066,30,219.798792
1.116761,30,220.15556
1.20134,30,220.51938
1.305948,30,220.877172
1.187522,30,221.252927
5.276423,30,221.614718
1.616096,30,221.97454
0.797634,30,222.337332
1.10684,30,222.693127
1.292612,30,223.050923
1.91462,30,223.414712
2.278456,30,223.767482
14.719654,30,224.129279
2.852751,30,224.487095
1.446808,30,224.846888
1.145417,30,225.211656
0.95653,30,225.566475
8.740748,30,225.93124
9.451501,30,226.318013
1.295487,30,226.679806
6.538149,30,227.045624
4.677803,30,227.403389
9.359305,30,227.773175
0.986548,30,228.174945
1.980672,30,228.561721
1.526251,30,228.931516
0.90623,30,229.316286
1.021432,30,229.698098
9.470665,30,230.068858
1.043391,30,230.436649
3.151298,30,230.811459
2.921395,30,231.194213
2.58443,30,231.571996
1.758548,30,231.926817
1.264129,30,232.283612
1.63735,30,232.642405
1.021599,30,232.997172
1.1363,30,233.361962
0.958993,30,233.714789
2.769651,30,234.070584
1.70654,30,234.42335
6.158605,30,234.776178
1.203704,30,235.139937
2.682617,30,235.496763
1.522361,30,235.850537
5.699014,30,236.213321
2.179439,30,236.571146
0.954574,30,236.925912
0.98315,30,237.287701
3.969615,30,237.645499
2.273429,30,238.003295
5.217729,30,238.359117
5.81386,30,238.710915
2.431089,30,239.070708
7.411427,30,239.439466
1.1847,30,239.790294
1.47096,30,240.144068
1.302513,30,240.497858
1.656075,30,240.85665
2.749094,30,241.220442
1.211999,30,241.576267
1.17349,30,241.933038
7.22727,30,242.289856
0.880397,30,242.643624
1.715942,30,242.99645
0.689414,30,243.363239
1.129273,30,243.717036
1.735247,30,244.087822
2.168098,30,244.543537
4.290924,30,244.902355
1.954085,30,245.270144
6.61246,30,245.628936
6.41749,30,245.9877
3.971628,30,246.344496
2.798946,30,246.704288
1.776481,30,247.077072
5.72228,30,247.467849
10.083952,30,247.822675
1.509968,30,248.189464
11.613509,30,248.547258
2.439696,30,248.899055
1.797205,30,249.259848
1.131153,30,249.627636
1.067208,30,249.983433
1.42752,30,250.350195
2.424598,30,250.701989
10.660643,30,251.062782
2.060838,30,251.416576
4.24689,30,251.767376
8.45018,30,252.131196
2.158891,30,252.495987
1.028178,30,252.849754
1.24515,30,253.203551
3.161764,30,253.917146
2.930091,30,254.319906
6.964716,30,254.675702
4.587786,30,255.037493
0.735555,30,255.392321
1.410674,30,255.746088
2.813557,30,256.102913
0.97034,30,256.464705
0.748823,30,256.819502
6.407686,30,257.173296
2.274399,30,257.526069
6.348829,30,257.879891
3.89857,30,258.238652
2.201193,30,258.596478
6.998699,30,258.950257
1.006452,30,259.344023
8.034904,30,259.741796
6.034357,30,260.151553
1.16095,30,260.517351
1.831505,30,260.877135
1.169152,30,261.239931
1.989196,30,261.597752
6.165782,30,261.954547
2.882548,30,262.307313
6.487088,30,262.665107
1.115513,30,263.02693
7.055139,30,263.381725
0.946315,30,263.732524
2.912861,30,264.092318
0.956836,30,264.46409
0.979395,30,264.8179
0.900344,30,265.168699
3.16724,30,265.523465
0.918118,30,265.879289
6.325639,30,266.239053
3.753232,30,266.592849
1.529448,30,266.945676
1.825299,30,267.311466
3.932545,30,267.66826
4.273625,30,268.030053
5.60735,30,268.38485
0.766795,30,268.744642
1.62235,30,269.100408
1.576865,30,269.458201
1.438004,30,269.812028
1.947221,30,270.174789
21.639919,30,270.534612
1.33603,30,270.888408
3.079076,30,271.243204
7.089964,30,271.596002
2.439339,30,271.952764
0.782105,30,272.30357
12.821061,30,272.660389
13.880754,30,273.019156
4.114603,30,273.380946
1.338086,30,273.73374
0.787531,30,274.089537
1.249558,30,274.445363
7.506175,30,274.796132
2.229645,30,275.152957
1.725982,30,275.520718
1.495571,30,275.902524
8.317722,30,276.26729
14.811947,30,276.62411
11.829719,30,276.982904
2.163274,30,277.338699
0.840044,30,277.686477
1.224186,30,278.045292
1.486874,30,278.400088
1.59034,30,278.755884
1.034073,30,279.116647
1.63609,30,279.475445
9.969365,30,279.831265
1.621936,30,280.199024
9.117914,30,280.551852
1.25214,30,280.909621
7.170378,30,281.28243
2.346011,30,281.642201
3.566371,30,281.99602
3.998864,30,282.351816
19.015784,30,282.707612
2.032245,30,283.069403
1.167591,30,283.432194
1.008439,30,283.783992
0.731936,30,284.139787
1.718322,30,284.494583
14.804334,30,284.850347
4.644183,30,285.221134
5.5312,30,285.57796
17.720327,30,285.944749
7.727461,30,286.304519
1.241743,30,286.658309
6.662835,30,287.020101
2.123876,30,287.387919
4.255094,30,287.740687
4.760933,30,288.096512
0.899434,30,288.484258
1.401071,30,288.891023
3.582579,30,289.256844
9.827851,30,289.631597
2.303967,30,290.000385
2.319525,30,290.398187
7.552587,30,290.760947
10.169934,30,291.131766
0.824768,30,291.50253
8.665082,30,291.873317
1.142333,30,292.242098
0.685736,30,292.597893
2.459826,30,292.952719
1.239386,30,293.31348
3.1907,30,293.670306
4.995673,30,294.024071
1.017754,30,294.387893
6.850586,30,294.743688
7.814864,30,295.096485
14.791363,30,295.451256
22.976888,30,295.80108
19.05914,30,296.160844
3.869149,30,296.514671
1.960287,30,296.869468
1.87299,30,297.228259
3.622052,30,297.587024
4.663792,30,297.94182
4.656341,30,298.295645
2.057762,30,298.65344
14.965512,30,299.013233
13.373654,30,299.382991
15.035306,30,299.762801
8.282548,30,300.11657
7.951125,30,300.473394
16.887815,30,300.82719
2.439198,30,301.186982
6.848605,30,301.54078
1.545037,30,301.897551
6.088437,30,302.252341
13.292061,30,302.604138
7.369119,30,302.954966
2.59111,30,303.352714
4.915998,30,303.7145
1.125116,30,304.069326
21.318263,30,304.42309
5.064087,30,304.782914
29.144319,30,305.140677
1.013087,30,305.501472
2.44263,30,305.857268
1.529363,30,306.225087
1.027702,30,306.579858
1.408285,30,306.932651
2.254753,30,307.298439
26.559535,30,307.650266
20.759788,30,308.004032
1.385759,30,308.355835
3.43679,30,308.709656
18.565323,30,309.070448
19.787524,30,309.431242
1.129694,30,309.784039
22.124701,30,310.135836
2.853327,30,310.491632
2.750573,30,310.847397
10.710337,30,311.201196
2.653815,30,311.560987
3.528752,30,311.923778
5.372446,30,312.277605
1.155621,30,312.6314
22.259276,30,312.983199
3.262091,30,313.349964
3.104444,30,313.71178
25.084475,30,314.067545
8.613702,30,314.418344
24.376113,30,314.774141
4.380775,30,315.131965
5.902225,30,315.492754
16.726177,30,315.845551
12.222308,30,316.202347
1.931581,30,316.554115
1.833983,30,316.909939
4.594048,30,317.261738
1.942215,30,317.616533
1.598348,30,317.970301
25.754376,30,318.332098
1.725365,30,318.692914
2.983175,30,319.051708
3.006817,30,319.405504
5.018298,30,319.758304
1.793061,30,320.125092
14.58944,30,320.483857
2.066179,30,320.83865
29.158741,30,321.190448
2.734026,30,321.542275
2.989282,30,321.89807
24.82308,30,322.250868
1.663313,30,322.603638
17.717711,30,322.959465
17.914343,30,323.330247
2.740879,30,323.694023
14.220147,30,324.053831
19.17538,30,324.406599
21.680936,30,324.760396
7.04993,30,325.11819
17.551067,30,325.473015
2.848004,30,325.824783
2.275526,30,326.184606
13.432063,30,326.537403
3.02736,30,326.892198
1.844809,30,327.245995
20.545018,30,327.600764
24.827266,30,327.95456
25.954018,30,328.315353
2.062663,30,328.667178
10.259964,30,329.021943
14.776064,30,329.373742
1.992696,30,329.726539
1.737161,30,330.084332
4.277441,30,330.450153
1.609939,30,330.803948
7.515383,30,331.161714
3.519768,30,331.51454
13.717308,30,331.869337
14.890132,30,332.229099
1.676833,30,332.580927
11.081313,30,332.933723
5.196614,30,333.288491
15.34051,30,333.645316
1.449493,30,334.004081
2.255357,30,334.366877
2.772935,30,334.723695
5.115783,30,335.081488
16.195202,30,335.433257
8.745534,30,335.786053
3.417416,30,336.148875
8.66621,30,336.501672
3.792894,30,336.854437
24.782148,30,337.215261
5.858622,30,337.569058
3.534755,30,337.923854
22.754005,30,338.273653
20.161346,30,338.627425
21.525913,30,338.989242
3.046972,30,339.356008
16.89141,30,339.707828
6.087106,30,340.067621
5.674672,30,340.423385
4.071714,30,340.776184
28.511321,30,341.153965
9.989434,30,341.513789
11.35108,30,341.871583
16.794254,30,342.222356
1.253183,30,342.576149
4.725155,30,342.929975
24.731557,30,343.283742
25.474965,30,343.638538
15.691795,30,343.995363
5.347144,30,344.367149
11.077142,30,344.722944
23.593823,30,345.085705
23.736477,30,345.44453
3.845441,30,345.797295
2.302695,30,346.165115
8.098426,30,346.519909
2.485254,30,346.880702
9.571004,30,347.2325
17.28446,30,347.587296
25.112424,30,347.940093
11.646901,30,348.300886
6.82106,30,348.650685
15.518002,30,349.031465
9.728786,30,349.423218
23.077162,30,349.790029
0.711843,30,350.177781
4.767307,30,350.558558
15.192274,30,350.924345
3.717103,30,351.299139
15.367708,30,351.653957
6.566163,30,352.013728
4.362519,30,352.374542
11.408758,30,352.724312
6.089565,30,353.081136
13.393385,30,353.436934
16.475224,30,353.788729
21.429988,30,354.140503
22.713314,30,354.492301
23.633234,30,354.848121
16.877931,30,355.203915
21.622567,30,355.558683
2.082728,30,355.912477
21.846034,30,356.274271
4.981509,30,356.626097
28.400606,30,356.976866
3.245678,30,357.33566
15.220053,30,357.734428
22.427622,30,358.291141
7.686862,30,358.824802
27.835545,30,359.293532
19.246775,30,359.722286
20.774652,30,360.189017
7.275585,30,360.618779
8.567766,30,361.025536
12.784883,30,361.422317
26.991163,30,361.796093
6.832595,30,362.177904
2.743437,30,362.565681
13.97604,30,362.962422
4.015206,30,363.36419
19.994908,30,363.721018
22.387919,30,364.077782
4.73531,30,364.433608
4.265506,30,364.785404
9.66228,30,365.146174
7.731862,30,365.508989
29.289541,30,365.868781
15.56783,30,366.221579
26.560431,30,366.572347
13.33578,30,366.92615
20.740134,30,367.29996
15.864884,30,367.652726
2.734989,30,368.006528
18.955359,30,368.359322
8.914976,30,368.718113
3.666318,30,369.073938
4.966167,30,369.425707
23.615115,30,369.775505
17.151533,30,370.144292
3.754149,30,370.502117
20.123047,30,370.852884
2.35168,30,371.208711
6.384408,30,371.563487
20.827699,30,371.919276
8.666151,30,372.272099
8.858532,30,372.626895
2.819211,30,372.986688
11.504767,30,373.349455
26.126038,30,373.700251
19.60027,30,374.064069
21.206123,30,374.418864
15.053832,30,375.147423
21.959548,30,375.529226
20.952162,30,375.897015
1.333875,30,376.252809
11.96394,30,376.605607
12.166393,30,376.958378
4.644186,30,377.321195
17.205229,30,377.679989
16.846385,30,378.034785
23.650755,30,378.387583
2.060177,30,378.740349
18.740252,30,379.10517
17.855522,30,379.465932
5.807326,30,379.819758
16.22555,30,380.175522
7.156075,30,380.532317
17.554005,30,380.887144
3.728694,30,381.250934
23.743711,30,381.600734
8.480132,30,381.962527
22.733816,30,382.315293
17.065122,30,382.670119
9.984743,30,383.027884
9.802147,30,383.390675
5.491562,30,383.740503
22.27241,30,384.099297
21.191866,30,384.452094
20.023888,30,384.801865
11.320164,30,385.162656
9.818614,30,385.517481
12.238739,30,385.87225
17.280234,30,386.264052
3.693432,30,386.644832
5.603949,30,386.998629
23.847557,30,387.353396
21.625966,30,387.711219
24.537009,30,388.073981
14.990842,30,388.429776
15.578875,30,388.781603
12.77245,30,389.149392
4.640512,30,389.506162
17.092069,30,389.859984
30.0,30,390.211752
8.141405,30,390.565548
21.058521,30,390.920344
3.949662,30,391.282136
12.418725,30,391.631964
9.414388,30,391.989758
18.984139,30,392.345553
17.508101,30,392.69935
2.722874,30,393.060112
17.888772,30,393.423934
24.495124,30,393.774703
16.930176,30,394.138523
12.18637,30,394.49132
17.957849,30,394.849085
15.405928,30,395.207907
20.884275,30,395.562674
18.51676,30,395.9165
15.010171,30,396.276293
5.731545,30,396.633058
19.269973,30,396.986853
19.343158,30,397.339681
17.133949,30,397.698452
16.226758,30,398.057269
8.613772,30,398.417062
18.036269,30,398.767829
15.103296,30,399.134624
13.550887,30,399.490445
2.126582,30,399.84424
1.284774,30,400.234991
5.072942,30,400.617799
2.85991,30,400.981587
13.255014,30,401.353344
19.361912,30,401.707169
16.27132,30,402.07096
6.95816,30,402.425725
6.851824,30,402.776555
19.763859,30,403.140316
20.558275,30,403.498112
8.900298,30,403.852936
13.609606,30,404.208732
15.604228,30,404.559529
17.605525,30,404.916324
27.719715,30,405.291109
22.921829,30,405.663864
2.501483,30,406.055638
13.123717,30,406.454438
7.069259,30,406.817201
6.261161,30,407.172027
21.504929,30,407.526793
6.490128,30,407.881618
22.43507,30,408.24641
10.140966,30,408.603205
19.110182,30,408.966995
18.323804,30,409.342779
18.638802,30,409.73952
24.590256,30,410.165288
17.635095,30,410.543088
18.961318,30,410.927842
22.87709,30,411.32161
17.320876,30,411.697392
25.004643,30,412.079179
6.666918,30,412.457956
18.966231,30,412.813752
2.814541,30,413.17555
12.746745,30,413.537366
21.006513,30,413.89416
29.253673,30,414.245958
17.664238,30,414.597725
11.012569,30,414.95652
22.197426,30,415.323318
25.551378,30,415.679133
10.647573,30,416.043894
17.18914,30,416.425682
22.043308,30,416.7815
24.462895,30,417.151287
16.492611,30,417.53004
29.168337,30,417.896859
4.747033,30,418.269614
24.622518,30,418.628438
25.772166,30,418.985232
24.426332,30,419.346998
17.344313,30,419.708785
20.047617,30,420.077604
17.811563,30,420.440398
19.912592,30,420.79516
20.144003,30,421.256927
24.332839,30,421.618695
12.730818,30,421.984507
8.387048,30,422.34827
25.45301,30,422.712088
11.321025,30,423.067884
3.78315,30,423.432644
11.656945,30,423.783443
22.178413,30,424.141267
16.813242,30,424.499032
19.117089,30,424.852826
26.335993,30,425.205655
9.302467,30,425.567446
13.912134,30,425.925241
17.329481,30,426.299027
23.155385,30,426.653799
7.412411,30,427.013615
15.22035,30,427.372379
18.115156,30,427.730202
17.405847,30,428.084999
14.101062,30,428.442762
16.926746,30,428.800555
14.848216,30,429.167376
5.795455,30,429.53415
21.564747,30,429.89093
19.30348,30,430.245727
16.042762,30,430.599553
9.249883,30,430.954348
5.726372,30,431.327103
26.909304,30,431.710884
20.124019,30,432.074705
14.491194,30,432.432498
18.724573,30,432.787263
17.339293,30,433.164078
23.771314,30,433.515875
21.861603,30,433.869672
15.308026,30,434.226435
14.777446,30,434.583261
11.490569,30,434.940056
10.938766,30,435.291829
22.79829,30,435.643651
27.017076,30,435.997419
15.829498,30,436.361215
9.069245,30,436.713038
22.712764,30,437.072829
18.777609,30,437.426597
24.830702,30,437.782394
18.012724,30,438.141186
29.214956,30,438.502978
14.034927,30,438.856804
16.983104,30,439.214598
4.337574,30,439.571365
19.829969,30,439.929186
20.999879,30,440.291978
15.639688,30,440.645774
16.593518,30,440.999548
14.622074,30,441.355337
10.861701,30,441.710132
3.913232,30,442.071954
20.899532,30,442.436744
20.186688,30,442.800506
23.310471,30,443.173291
17.881235,30,443.535113
16.849394,30,443.895875
14.029452,30,444.271689
20.192145,30,444.633452
19.065119,30,444.986278
23.748072,30,445.337045
23.039134,30,445.697869
22.782614,30,446.052642
18.204091,30,446.405462
22.546428,30,446.761226
6.716147,30,447.137018
17.419318,30,447.496834
15.964675,30,447.848632
16.312226,30,448.202429
19.841612,30,448.562222
22.014972,30,448.916988
14.218965,30,449.27878
20.885332,30,449.632607
21.403272,30,449.990371
12.545961,30,450.344197
14.060011,30,450.700992
10.210529,30,451.053789
17.78473,30,451.411582
25.99908,30,451.76438
12.876609,30,452.126141
21.55572,30,452.486935
25.538055,30,452.844734
3.147083,30,453.214516
26.451963,30,453.569341
19.272069,30,453.924139
23.319191,30,454.279933
16.861163,30,454.634698
19.39116,30,454.986495
20.978313,30,455.352287
19.816762,30,455.706096
24.996855,30,456.061879
20.482105,30,456.412688
13.017268,30,456.766503
7.85139,30,457.132262
21.181715,30,457.488058
24.331774,30,457.843854
24.577675,30,458.19965
25.948044,30,458.556474
22.749295,30,458.908273
29.190786,30,459.272062
20.795806,30,459.628832
9.246945,30,459.987621
9.715049,30,460.340447
1.034994,30,460.696211
20.895315,30,461.06101
22.890179,30,461.414802
12.388003,30,461.765596
22.762639,30,462.12439
22.685488,30,462.482216
13.82202,30,462.838012
9.628698,30,463.191808
26.564551,30,463.544574
25.089565,30,463.899371
18.727233,30,464.264161
18.25115,30,464.619955
22.581813,30,464.976753
25.778156,30,465.338573
17.522356,30,465.695337
17.114503,30,466.058128
23.643228,30,466.412956
13.57778,30,466.764752
18.57906,30,467.13254
15.115065,30,467.492302
18.091938,30,467.851099
5.419988,30,468.205924
17.952154,30,468.562687
23.978597,30,468.916515
15.205282,30,469.271281
13.505432,30,469.625083
15.797779,30,469.983901
21.8234,30,470.377643
19.644403,30,470.770417
22.613852,30,471.14521
17.261596,30,471.524016
17.680107,30,471.902797
12.5628,30,472.291543
20.698173,30,472.670325
11.298775,30,473.056105
12.857434,30,473.42989
17.567462,30,473.804704
18.26336,30,474.183456
27.38593,30,474.541249
29.373922,30,474.896047
19.506044,30,475.261834
23.826012,30,475.61766
22.773069,30,475.974426
14.521077,30,476.326224
19.994427,30,476.684019
16.482641,30,477.04484
23.96141,30,477.409601
25.937971,30,477.759429
18.977051,30,478.111227
24.747029,30,478.466022
29.181321,30,478.827783
16.182044,30,479.192575
13.435385,30,479.554368
23.776211,30,479.90817
26.573047,30,480.259991
18.82171,30,480.613787
22.817065,30,480.968583
20.7983,30,481.324379
20.794616,30,481.682173
1.534301,30,482.039938
10.09031,30,482.39876
12.985011,30,482.751533
18.87141,30,483.109352
18.915674,30,483.460121
15.892626,30,483.814916
19.44476,30,484.183734
21.049086,30,484.553523
18.388331,30,484.909318
18.13576,30,485.262085
16.639386,30,485.618879
17.455542,30,485.978702
20.463664,30,486.342494
15.669502,30,486.696258
15.685687,30,487.052084
18.432159,30,487.40688
15.32346,30,487.759648
26.483809,30,488.11644
15.518286,30,488.474238
21.531252,30,488.836029
11.857455,30,489.189825
25.117897,30,489.544619
23.795718,30,489.898448
19.42548,30,490.257241
19.897104,30,490.614036
18.379579,30,490.967811
18.58802,30,491.331623
15.335968,30,491.695414
20.441206,30,492.05118
21.881656,30,492.407005
21.407866,30,492.758802
21.224869,30,493.117596
25.09375,30,493.47636
17.304295,30,493.844179
26.479668,30,494.216934
24.56015,30,494.623705
10.059598,30,495.020509
21.132538,30,495.802027
23.732762,30,496.20279
30.0,30,496.651531
27.040796,30,497.059298
21.652285,30,497.417124
19.761358,30,497.76992
24.7218,30,498.130683
21.012836,30,498.491506
21.678831,30,498.845302
18.397055,30,499.199069
23.258959,30,499.556865
21.279164,30,499.915657
18.913076,30,500.276448
24.910381,30,500.633273
20.313974,30,500.995065
23.210424,30,501.347837
27.699953,30,501.701658
17.084126,30,502.058424
19.502277,30,502.423245
18.471406,30,502.774042
23.665993,30,503.138489
22.192422,30,503.493285
17.551561,30,503.852049
21.351144,30,504.206875
24.408757,30,504.562669
6.268974,30,504.921434
24.166682,30,505.287253
15.444069,30,505.640027
23.619546,30,505.994815
7.202084,30,506.360611
12.354626,30,506.713433
21.940877,30,507.071227
6.992614,30,507.43299
18.967083,30,507.785817
24.490207,30,508.146579
20.868231,30,508.497382
1.910986,30,508.851172
16.037194,30,509.214994
22.65426,30,509.567762
22.667187,30,509.926556
17.727953,30,510.280381
19.331791,30,510.631179
20.49681,30,510.986946
21.755814,30,511.349767
30.0,30,511.699539
3.272105,30,512.059358
10.728143,30,512.413124
18.572577,30,512.766952
25.971731,30,513.126716
26.836631,30,513.483539
17.026004,30,513.842332
1.898461,30,514.19513
15.829838,30,514.547896
21.903302,30,514.908689
18.536081,30,515.305491
12.815512,30,515.678277
24.061437,30,516.116024
23.073824,30,516.493854
6.280444,30,516.901614
19.593059,30,517.293389
10.959928,30,517.664181
14.461218,30,518.018984
21.01508,30,518.390757
18.894157,30,518.746582
20.927011,30,519.103377
22.478393,30,519.455174
12.496266,30,519.809941
19.158875,30,520.198716
7.658788,30,520.585495
21.390164,30,520.938289
20.254281,30,521.328098
5.630868,30,521.703881
9.909642,30,522.061675
16.723922,30,522.412445
23.267519,30,522.768271
20.390714,30,523.132061
24.1814,30,523.489854
30.0,30,523.84265
6.973541,30,524.200445
22.704227,30,524.55521
19.842119,30,524.912036
28.735654,30,525.277825
25.989866,30,525.634623
26.034478,30,525.999382
13.868201,30,526.364171
20.911515,30,526.716969
22.661581,30,527.075761
6.022078,30,527.428563
26.444641,30,527.780386
20.321909,30,528.151173
14.160159,30,528.512966
24.87763,30,528.865762
17.653896,30,529.21853
1.528798,30,529.579321
19.145727,30,529.94312
18.245802,30,530.374862
14.696209,30,530.819609
22.52887,30,531.270379
25.671534,30,531.647163
9.196103,30,532.022923
23.107118,30,532.403698
9.506074,30,532.767487
26.645604,30,533.148269
9.328028,30,533.527081
13.507552,30,533.881877
19.698753,30,534.232644
21.235609,30,534.587442
7.490921,30,534.944242
22.959686,30,535.305029
23.151049,30,535.667822
13.97474,30,536.029611
24.697392,30,536.379441
23.568765,30,536.731238
22.936132,30,537.097003
22.036477,30,537.455792
24.490477,30,537.806593
25.520971,30,538.169412
8.332753,30,538.52118
15.981615,30,538.876005
18.102322,30,539.229779
12.24435,30,539.580599
23.554664,30,539.934397
21.762143,30,540.297158
17.965995,30,540.650984
30.0,30,541.008749
10.311512,30,541.363574
22.026079,30,541.719372
23.891717,30,542.074134
21.145089,30,542.434959
16.309161,30,542.786758
17.37297,30,543.148549
23.858463,30,543.502346
25.836149,30,543.855112
20.469655,30,544.209937
10.88427,30,544.567702
26.397051,30,544.935491
23.980316,30,545.298311
21.773642,30,545.657075
20.202427,30,546.018896
22.036611,30,546.37869
24.158062,30,546.730458
16.340895,30,547.094279
20.856622,30,547.458069
21.431401,30,547.816833
25.489371,30,548.169659
18.262927,30,548.52643
18.274733,30,548.884219
18.671906,30,549.345954
21.466953,30,549.790696
24.704249,30,550.211485
16.780835,30,550.592267
24.18053,30,550.981011
14.566374,30,551.375815
16.816056,30,551.728613
24.61409,30,552.086407
21.266929,30,552.438175
21.278246,30,552.786979
13.17361,30,553.147797
1.851742,30,553.506561
22.742811,30,553.862356
14.453301,30,554.218181
4.95374,30,554.572946
11.558307,30,554.928772
7.897949,30,555.296531
20.85525,30,555.64836
25.804004,30,556.001124
17.893048,30,556.364946
23.949029,30,556.716715
16.908641,30,557.072509
13.08078,30,557.433302
20.868041,30,557.7851
14.760877,30,558.139925
23.401023,30,558.499719
16.216209,30,558.853518
13.23718,30,559.2263
20.751081,30,559.628047
13.910089,30,560.042802
23.998573,30,560.429584
9.057582,30,560.823383
26.431856,30,561.208129
20.740967,30,561.589941
17.302566,30,561.981716
24.533877,30,562.381486
21.173228,30,562.762236
20.071884,30,563.152043
21.096227,30,563.529825
17.451126,30,563.88759
25.432644,30,564.249382
18.51347,30,564.605195
10.325605,30,564.959003
17.12964,30,565.351746
17.010616,30,565.736556
15.627786,30,566.125333
18.506118,30,566.516108
21.895571,30,566.89589
12.712596,30,567.27764
19.326056,30,567.674442
21.293923,30,568.067216
10.079768,30,568.45497
15.503395,30,568.839742
24.420526,30,569.226526
19.082172,30,569.617295
24.936492,30,569.994077
17.091089,30,570.364863
23.568881,30,570.741677
24.616559,30,571.129455
10.701657,30,571.491221
21.854885,30,571.877999
16.987776,30,572.258805
24.18588,30,572.715512
23.652979,30,573.223219
15.768381,30,573.692961
15.223571,30,574.14469
25.675487,30,574.54749
25.418987,30,574.910249
4.260644,30,575.269073
4.760686,30,575.624869
24.681458,30,575.977646
26.309621,30,576.371439
20.077364,30,576.755196
12.362539,30,577.147964
16.426005,30,577.524746
22.694176,30,577.922526
14.9384,30,578.304304
20.315954,30,578.68311
18.270855,30,579.105836
2.037528,30,579.507605
13.197064,30,579.880421
22.188309,30,580.240215
20.296157,30,580.591983
22.316735,30,580.953805
23.081355,30,581.327559
24.989315,30,581.683386
24.327671,30,582.035158
26.728313,30,582.392946
8.78396,30,582.744744
17.711084,30,583.107565
21.807072,30,583.46436
27.414199,30,583.828152
13.961076,30,584.180924
27.338993,30,584.533745
1.335295,30,584.88851
13.111503,30,585.277287
20.297272,30,585.629084
25.020091,30,585.990907
23.269194,30,586.344681
16.394904,30,586.700469
21.016932,30,587.057265
22.962515,30,587.415059
18.281073,30,587.766886
23.071882,30,588.12265
19.354933,30,588.474448
2.939768,30,588.831274
15.238176,30,589.189038
12.981161,30,589.548831
14.939732,30,589.904627
12.179421,30,590.270447
22.259537,30,590.625242
2.023699,30,590.987035
20.371318,30,591.337832
25.464725,30,591.72561
20.380056,30,592.160328
28.301146,30,592.552111
25.289725,30,592.927886
15.287186,30,593.297677
21.605496,30,593.666462
24.959749,30,594.057236
25.482804,30,594.445016
22.255275,30,594.822802
14.50043,30,595.195613
19.990439,30,595.580363
11.346783,30,595.93316
23.931425,30,596.294951
11.380378,30,596.660741
25.556953,30,597.0755
21.686697,30,597.457312
22.779942,30,597.81208
19.345408,30,598.172901
15.237169,30,598.528697
11.05215,30,598.879464
21.468959,30,599.284232
21.943738,30,599.665043
18.408131,30,600.033831
17.700284,30,600.400619
27.412561,30,600.762382
23.678197,30,601.120174
23.162989,30,601.481997
22.056949,30,601.835794
25.570244,30,602.187562
20.96878,30,602.542388
19.037381,30,602.900182
14.163248,30,603.259975
21.828267,30,603.616769
13.381221,30,603.968567
17.370575,30,604.325336
14.049104,30,604.682128
23.884081,30,605.037952
24.469516,30,605.408739
21.455151,30,605.763505
19.657049,30,606.122302
24.846681,30,606.476125
25.87429,30,606.827923
28.295871,30,607.187716
23.824128,30,607.540491
17.393542,30,607.89531
23.508011,30,608.257101
18.124588,30,608.614895
25.06576,30,608.965664
19.495896,30,609.321466
21.643809,30,609.674263
21.6804,30,610.038048
20.461877,30,610.396846
22.893048,30,610.788622
15.321791,30,611.188385
22.935091,30,611.584162
14.547179,30,611.939951
21.877088,30,612.294749
23.653671,30,612.653548
18.734195,30,613.017364
16.013347,30,613.384122
25.462006,30,613.735921
24.862586,30,614.093713
27.552364,30,614.454538
23.665226,30,614.814301
15.845657,30,615.175093
18.061206,30,615.535889
20.764403,30,615.89071
18.873752,30,616.246506
24.060752,30,616.607298
23.29833,30,616.961063
18.715569,30,617.324856
15.447555,30,617.678683
18.28905,30,618.033451
15.676397,30,618.738073
27.382966,30,619.107832
29.243459,30,619.483645
25.531766,30,619.848416
22.700977,30,620.209195
18.699621,30,620.572989
17.278662,30,620.932811
21.296728,30,621.286588
20.216417,30,621.64537
12.46416,30,622.005164
22.627502,30,622.418927
16.565405,30,622.789743
23.705961,30,623.140514
28.574676,30,623.498306
12.299587,30,623.852101
23.741936,30,624.203929
21.298089,30,624.5567
11.633269,30,624.913521
18.963362,30,625.280313
23.665467,30,625.635077
22.879227,30,625.990901
20.209716,30,626.347697
30.0,30,626.702468
20.990194,30,627.060257
9.066874,30,627.423051
23.145304,30,627.775847
23.397918,30,628.131671
19.483528,30,628.484445
20.217297,30,628.841263
20.002255,30,629.19506
19.918746,30,629.551823
22.126302,30,629.906649
24.071026,30,630.273409
23.649849,30,630.635231
27.601094,30,630.985029
29.169462,30,631.335797
15.174292,30,631.700618
22.543842,30,632.059412
19.796605,30,632.419205
25.039087,30,632.769974
26.422419,30,633.152753
21.952681,30,633.519571
19.285847,30,633.872369
23.77517,30,634.230132
24.719817,30,634.587957
18.087971,30,634.940723
23.547978,30,635.29555
26.394717,30,635.655314
15.011243,30,636.013114
26.64674,30,636.3759
16.256789,30,636.732724
26.604708,30,637.093487
17.449324,30,637.445314
16.089845,30,637.803084
10.882237,30,638.171873
21.847738,30,638.527662
23.927729,30,638.880488
26.360668,30,639.236284
20.876258,30,639.59105
20.876106,30,639.942855
20.029931,30,640.305645
22.052712,30,640.673426
26.464894,30,641.064233
24.974919,30,641.431021
24.324532,30,641.797783
28.314988,30,642.179591
18.825756,30,642.54538
12.093288,30,642.903147
21.038267,30,643.282956
14.236324,30,643.658741
24.741722,30,644.034524
18.05238,30,644.416281
19.787147,30,644.780066
24.236221,30,645.167843
19.860953,30,645.533664
21.552956,30,645.904449
21.237276,30,646.277234
18.816907,30,646.657016
24.46326,30,647.037796
25.47766,30,647.490505
17.509747,30,647.883311
22.562281,30,648.320028
28.618941,30,648.711834
15.940572,30,649.080623
22.321374,30,649.48036
18.552855,30,649.848151
12.025806,30,650.22893
28.280308,30,650.625704
15.553505,30,651.034499
21.684565,30,651.438236
23.928773,30,651.82202
23.467638,30,652.188834
26.742583,30,652.64654
24.729813,30,653.102309
18.864627,30,653.495056
19.570724,30,653.954788
14.20834,30,654.393567
22.606892,30,654.761331
19.876321,30,655.208072
20.564614,30,655.606841
17.444349,30,655.965662
18.354903,30,656.345412
18.832655,30,656.789165
23.81934,30,657.221909
22.890791,30,657.638695
22.064399,30,657.996495
20.828315,30,658.437218
19.815067,30,658.887959
15.357153,30,659.271761
22.676241,30,659.624558
24.971888,30,659.977325
22.709931,30,660.341126
21.137561,30,660.69891
23.835033,30,661.154655
17.617509,30,661.5814
18.33908,30,662.02018
24.502889,30,662.413924
21.367514,30,662.855699
26.932156,30,663.254442
22.651456,30,663.651219
14.921468,30,664.084969
20.660261,30,664.498725
20.829426,30,664.931506
20.639157,30,665.284303
17.401031,30,665.638077
9.134378,30,666.00286
22.951441,30,666.374675
23.998417,30,666.733469
23.849234,30,667.098228
23.449637,30,667.546979
19.543202,30,667.987717
20.966925,30,668.435465
18.421454,30,668.791285
16.066826,30,669.161041
19.213529,30,669.529861
19.077649,30,669.892653
25.688955,30,670.26144
25.480094,30,670.629228
18.215376,30,671.009988
16.053475,30,671.37477
20.052445,30,671.726599
19.049735,30,672.099383
24.694195,30,672.471146
14.97304,30,672.834933
24.614196,30,673.194722
13.508156,30,673.552516
18.453871,30,673.908314
25.688285,30,674.270134
21.937391,30,674.63889
21.958416,30,675.004712
17.781491,30,675.361508
22.97255,30,675.711276
21.871209,30,676.078065
22.82779,30,676.454856
24.585561,30,676.845653
14.673918,30,677.2864
24.073843,30,677.651158
26.483278,30,678.035946
20.777347,30,678.401758
26.513271,30,678.767548
24.926874,30,679.138334
24.622663,30,679.508123
17.171284,30,679.87688
26.816948,30,680.242672
21.186151,30,680.606461
25.051056,30,680.975249
19.015248,30,681.440982
14.647441,30,681.813773
15.890432,30,682.17256
17.258485,30,682.532382
25.015155,30,682.886179
23.087221,30,683.26194
15.40564,30,683.727664
20.903217,30,684.162445
30.0,30,684.570181
24.556109,30,684.995934
21.897261,30,685.414725
18.202038,30,685.79448
23.740647,30,686.17026
24.380427,30,686.528055
25.042567,30,686.88485
21.196026,30,687.265636
20.303063,30,687.630419
21.740092,30,687.993212
24.152521,30,688.358999
27.356067,30,688.711828
25.482025,30,689.072589
18.350602,30,689.43638
21.778621,30,689.78721
14.265063,30,690.156968
23.805053,30,690.537749
19.594506,30,690.91553
19.851778,30,691.287316
20.763037,30,691.655137
22.68142,30,692.024893
25.792394,30,692.383687
26.743083,30,692.739512
22.851892,30,693.114266
23.300843,30,693.470092
21.651027,30,693.837851
18.123466,30,694.207667
19.202008,30,694.609406
22.805686,30,695.047155
20.383959,30,695.463914
17.410206,30,695.890699
14.580682,30,696.296437
21.511752,30,696.662227
23.815379,30,697.038039
16.859184,30,697.393806
5.089676,30,697.7476
22.109503,30,698.107428
18.277314,30,698.465194
16.317568,30,698.816986
15.043727,30,699.180808
22.002014,30,699.532605
11.645526,30,699.886402
23.872205,30,700.242197
21.913791,30,700.597965
21.132425,30,700.962782
27.562885,30,701.325573
15.833379,30,701.689366
22.719165,30,702.075142
16.584959,30,702.456923
24.550699,30,702.855667
16.230442,30,703.23545
20.256211,30,703.602234
27.5514,30,703.965025
23.071671,30,704.31583
25.085732,30,704.676619
26.695904,30,705.041408
23.721793,30,705.410195
21.115998,30,705.760998
25.706647,30,706.129779
20.073329,30,706.490574
22.99079,30,706.842401
20.703722,30,707.194199
26.626359,30,707.542969
24.60791,30,707.896767
10.649133,30,708.250562
21.662666,30,708.602358
19.988496,30,708.954186
16.584586,30,709.321975
20.218586,30,709.67474
23.623475,30,710.060518
25.519659,30,710.476311
18.09244,30,710.898039
24.122639,30,711.294816
21.8238,30,711.650635
23.133162,30,712.010406
18.648145,30,712.463169
24.810744,30,712.901917
27.646358,30,713.325641
21.312667,30,713.779381
19.879341,30,714.227124
20.921443,30,714.676896
27.437162,30,715.084629
17.913244,30,715.493405
26.607589,30,715.873207
22.698272,30,716.235
22.819839,30,716.590764
21.304547,30,716.94656
21.005241,30,717.314378
20.40269,30,717.69416
18.03057,30,718.052955
11.504727,30,718.431706
21.95565,30,718.830476
22.990678,30,719.246267
19.846053,30,719.598065
16.095459,30,719.95483
5.309118,30,720.33564
27.673376,30,720.686409
20.04285,30,721.052229
16.306409,30,721.402004
23.125894,30,721.755794
17.280373,30,722.118615
24.577609,30,722.471385
17.036351,30,722.827184
18.065062,30,723.183004
19.159021,30,723.539768
24.643987,30,723.894594
16.396626,30,724.330343
17.853027,30,724.755099
22.694733,30,725.11286
18.55295,30,725.475685
16.818373,30,725.828481
19.24947,30,726.194271
25.379868,30,726.547068
20.983856,30,726.911829
29.19681,30,727.297613
25.748599,30,727.669422
20.030342,30,728.025187
23.893896,30,728.392976
30.0,30,728.745773
19.748293,30,729.124554
21.609982,30,729.570306
21.652389,30,729.981062
24.488942,30,730.361843
14.990953,30,730.73463
21.37596,30,731.104427
26.687805,30,731.454218
23.544653,30,731.805019
16.145106,30,732.178817
7.16719,30,732.535593
22.467116,30,732.896417
22.587841,30,733.252211
28.28025,30,733.610976
24.595887,30,733.980792
25.6286,30,734.415511
17.760414,30,734.799291
15.699619,30,735.161113
26.873745,30,735.576844
22.784183,30,735.993635
24.03829,30,736.369419
10.524132,30,736.722185
22.72313,30,737.076982
19.08128,30,737.42881
22.237847,30,737.779578
21.067077,30,738.147367
23.611688,30,738.532178
13.107956,30,738.907958
23.050133,30,739.289739
16.917528,30,739.67252
27.654717,30,740.045273
23.735554,30,740.420089
24.703966,30,740.789847
30.0,30,741.182625
18.07991,30,741.560404
12.943177,30,741.922196
21.295502,30,742.277021
13.143244,30,742.634815
20.334077,30,742.999576
22.149179,30,743.354401
8.323597,30,743.707199
16.784518,30,744.08795
23.601406,30,744.781551
20.834907,30,745.198345
26.393907,30,745.574095
22.144332,30,745.957904
22.869886,30,746.340655
24.466484,30,746.718468
17.075793,30,747.100224
22.673293,30,747.486025
5.463915,30,747.86078
25.586737,30,748.233598
20.141504,30,748.591358
24.596785,30,748.976138
23.817551,30,749.348955
28.346475,30,749.727737
23.557186,30,750.105487
21.848323,30,750.492264
25.594732,30,750.862084
27.348122,30,751.244833
24.7999,30,751.603628
22.882366,30,751.973415
12.595249,30,752.341202
20.000971,30,752.704993
24.894585,30,753.079808
26.205131,30,753.439601
25.026503,30,753.790401
23.840631,30,754.147165
20.981554,30,754.500992
21.723915,30,754.85976
22.083609,30,755.221545
20.434673,30,755.575373
23.677942,30,755.928145
26.713994,30,756.286964
18.785672,30,756.644757
16.53367,30,757.000553
22.039656,30,757.383333
27.590856,30,757.737129
18.94595,30,758.097893
20.763275,30,758.468684
28.445588,30,758.824501
24.593962,30,759.210257
24.547861,30,759.587047
23.332696,30,759.966824
8.229416,30,760.352598
23.875041,30,760.732376
22.842413,30,761.122159
23.441964,30,761.503933
21.437162,30,761.877716
19.07637,30,762.297478
28.466626,30,762.687268
21.757127,30,763.058038
23.342968,30,763.416863
25.680076,30,763.773658
22.691245,30,764.146445
1.038157,30,764.504208
22.298667,30,764.857005
15.358643,30,765.251809
18.341167,30,765.611569
23.712415,30,765.973363
23.985807,30,766.341182
24.511621,30,766.697976
25.452372,30,767.050741
19.162614,30,767.418561
24.82754,30,767.777355
19.885039,30,768.164136
23.582075,30,768.534919
22.139431,30,768.907676
27.596524,30,769.274493
24.756468,30,769.652277
26.956027,30,770.00205
29.218315,30,770.378829
18.863242,30,770.729657
24.951303,30,771.08742
23.354662,30,771.442247
26.23337,30,771.793046
25.818215,30,772.154838
22.636603,30,772.514601
14.653255,30,772.87942
22.77978,30,773.249177
26.558571,30,773.628989
24.460666,30,774.033726
20.0663,30,774.416507
20.974154,30,774.779297
-4.968878,30,775.163085
25.36598,30,775.56885
25.536532,30,775.957626
26.429648,30,776.353424
25.742855,30,776.726181
27.499254,30,777.11096
17.048937,30,777.480745
25.830433,30,777.83457
7.771109,30,778.192336
26.419395,30,778.54916
10.71484,30,778.899958
10.569432,30,779.252755
17.572183,30,779.609518
23.470887,30,779.965316
27.301805,30,780.32411
23.560269,30,780.675936
20.599993,30,781.044724
24.832844,30,781.474447
22.891369,30,781.898233
24.663094,30,782.258995
21.671875,30,782.610826
21.681844,30,782.962592
17.335662,30,783.316418
18.217925,30,783.666217
15.66521,30,784.021013
20.117704,30,784.380776
22.694587,30,784.731603
24.514458,30,785.082371
24.65211,30,785.439166
22.178766,30,785.795992
21.959865,30,786.163781
25.556754,30,786.524572
25.554705,30,786.875371
25.882461,30,787.231168
24.596649,30,787.584962
17.725767,30,787.940758
20.142794,30,788.298552
25.543244,30,788.657346
22.719517,30,789.008122
18.957458,30,789.358915
17.195346,30,789.71071
20.816462,30,790.072532
26.798749,30,790.428328
29.264529,30,790.779099
22.911418,30,791.134922
20.10717,30,791.492686
25.657982,30,791.843488
21.71482,30,792.203308
25.427797,30,792.557104
23.320624,30,792.937885
16.911036,30,793.331632
21.220541,30,793.702419
27.940468,30,794.071232
21.212294,30,794.456987
21.299778,30,794.851783
23.546711,30,795.225545
25.456598,30,795.610322
22.565792,30,796.006097
20.979793,30,796.400893
23.626246,30,796.867592
23.797847,30,797.347325
17.002696,30,797.828049
25.481753,30,798.285783
24.532748,30,798.701545
23.598526,30,799.106307
17.854647,30,799.513084
24.5736,30,799.939826
24.074802,30,800.367585
26.440278,30,800.791343
20.701068,30,801.234083
18.362054,30,801.676826
25.53862,30,802.110586
18.078489,30,802.552329
21.116881,30,802.941131
23.177439,30,803.304892
24.499416,30,803.794611
26.758913,30,804.274364
15.463661,30,804.71611
16.31861,30,805.095891
23.990711,30,805.472675
26.4964,30,805.85046
27.393559,30,806.23021
21.170674,30,806.605001
21.995822,30,806.978809
25.992355,30,807.372557
23.795507,30,807.722381
22.734939,30,808.075179
26.655678,30,808.425977
27.824743,30,808.83371
22.20074,30,809.291449
15.639891,30,809.70122
18.52392,30,810.159979
23.058903,30,810.596703
23.123832,30,811.037443
20.43607,30,811.486185
4.536546,30,811.910972
26.490227,30,812.374673
21.710071,30,812.757454
21.956225,30,813.208194
25.670253,30,813.612963
21.340282,30,814.056738
23.826171,30,814.436491
25.143598,30,814.860263
23.186345,30,815.30699
19.972324,30,815.763757
21.385305,30,816.117553
11.682327,30,816.480312
22.486433,30,816.937082
22.582944,30,817.353816
18.693167,30,817.790559
20.253114,30,818.201323
22.749745,30,818.581136
22.784266,30,818.953892
26.465936,30,819.334703
23.651066,30,819.709487
10.434385,30,820.088269
24.764754,30,820.444065
23.109005,30,820.798829
20.47228,30,821.189605
16.35822,30,821.542403
23.526092,30,821.938205
23.036824,30,822.312989
24.166452,30,822.671783
21.438306,30,823.040571
22.216698,30,823.415326
24.559533,30,823.784143
24.462859,30,824.155929
22.639951,30,824.514723
26.636234,30,824.876515
21.608209,30,825.255298
26.439208,30,825.61609
25.785398,30,825.998846
27.762862,30,826.376623
15.495158,30,826.745408
22.342539,30,827.121194
20.062059,30,827.49398
22.669942,30,827.889782
17.08914,30,828.27656
27.57159,30,828.709281
22.683288,30,829.14203
16.263313,30,829.552796
26.902047,30,829.94257
23.95609,30,830.322353
28.498687,30,830.695168
18.424848,30,831.069952
14.218963,30,831.449734
23.177055,30,831.824518
22.649697,30,832.201279
23.338835,30,832.604071
20.850879,30,832.987818
27.458942,30,833.371606
22.094811,30,833.74739
19.867401,30,834.151151
18.037464,30,834.575904
26.396592,30,834.950721
25.417092,30,835.338466
27.37123,30,835.724246
21.289215,30,836.123016
24.446067,30,836.532811
19.817649,30,836.915591
15.478126,30,837.287377
21.459816,30,837.665161
23.640051,30,838.048939
26.956632,30,838.419696
24.661894,30,838.781487
26.753458,30,839.159303
21.402493,30,839.529058
20.617162,30,839.893849
19.7056,30,840.261635
20.475456,30,840.633431
28.323959,30,841.003211
24.259501,30,841.385021
23.168052,30,841.743783
23.338548,30,842.11058
25.274553,30,842.478362
18.999187,30,842.832164
25.527806,30,843.183985
22.038895,30,843.540756
19.314848,30,843.892579
22.221732,30,844.251371
11.56525,30,844.606168
24.60732,30,844.985949
21.728772,30,845.348709
15.527005,30,845.703536
19.778087,30,846.061301
22.78021,30,846.421093
20.593127,30,846.767925
15.545802,30,847.125696
20.69338,30,847.477517
21.955941,30,847.833313
23.547328,30,848.191107
22.671679,30,848.548871
21.768686,30,848.901697
27.327825,30,849.255494
21.708745,30,849.60926
21.539181,30,849.962087
25.639367,30,850.35284
16.159144,30,850.711627
22.019644,30,851.071418
19.092537,30,851.42425
20.638004,30,851.78204
19.091427,30,852.139834
24.51442,30,852.493602
24.537208,30,852.849397
20.541791,30,853.20822
24.765705,30,853.575009
19.937157,30,853.944797
24.646877,30,854.361525
23.583175,30,854.734343
22.819991,30,855.099134
20.930163,30,855.454928
20.577524,30,855.804703
18.099945,30,856.169486
19.369533,30,856.528281
18.764785,30,856.881108
23.924348,30,857.234882
23.660523,30,857.587701
22.015903,30,857.945466
23.7841,30,858.310286
22.174948,30,858.67005
26.107794,30,859.027849
23.797647,30,859.384639
26.966198,30,859.734437
20.914409,30,860.092232
24.115254,30,860.452028
21.892469,30,860.810819
11.651044,30,861.164617
26.261043,30,861.519411
21.220267,30,861.875206
24.455053,30,862.241995
14.325682,30,862.596796
25.507602,30,862.975578
23.534661,30,863.327402
23.899886,30,863.684195
22.351899,30,864.04199
22.81767,30,864.417775
21.261112,30,864.771569
21.270401,30,865.149321
23.421434,30,865.508115
25.875485,30,865.865911
18.249458,30,866.220707
22.319302,30,866.574533
20.089075,30,866.92933
23.607126,30,867.309086
22.133879,30,867.663906
20.705712,30,868.124618
19.043292,30,868.649309
21.400008,30,869.229974
18.094893,30,870.060498
28.778342,30,870.688134
28.433162,30,871.142873
19.589613,30,871.721542
26.860517,30,871.926443
29.178418,30,872.298211
18.034895,30,872.725965
28.422959,30,873.09778
22.044805,30,873.490555
22.701635,30,873.884305
24.882473,30,874.461966
19.79331,30,874.905709
24.723444,30,875.417417
21.912212,30,875.882181
16.228059,30,876.38286
29.340764,30,876.876608
25.737282,30,877.387314
23.96859,30,877.832035
17.871495,30,878.312782
24.317317,30,878.780481
23.717364,30,879.374141
16.867181,30,880.267625
26.39446,30,880.791324
22.607379,30,881.45894
24.497511,30,881.789753
22.262409,30,882.157538
22.581484,30,882.717219
22.582704,30,883.113989
22.236942,30,883.482777
24.834526,30,883.771633
17.306494,30,884.087437
19.359061,30,884.579147
27.457284,30,885.115366
22.417291,30,885.561141
21.916716,30,886.002856
20.31049,30,886.454599
23.85311,30,886.875355
27.171522,30,887.243142
24.647746,30,887.615958
27.54302,30,887.990714
18.932594,30,888.345539
15.931577,30,888.704302
19.296262,30,889.065125
22.649818,30,889.465863
21.756068,30,889.904624
20.976884,30,890.363347
21.690224,30,890.800127
21.701012,30,891.216888
15.732473,30,891.62662
22.301502,30,892.090385
18.850327,30,892.532101
22.008255,30,892.96888
22.953006,30,893.336639
17.935623,30,893.696432
22.745287,30,894.050234
22.322765,30,894.408023
22.929251,30,894.839782
20.319737,30,895.349485
24.964277,30,895.796254
26.413841,30,896.274954
23.190158,30,896.758679
24.388137,30,897.219436
20.006523,30,897.679142
26.671187,30,898.14588
24.49897,30,898.618602
19.797885,30,899.121317
21.793182,30,899.549095
15.348177,30,899.935844
23.606725,30,900.328647
19.81002,30,900.775361
20.586036,30,901.132185
21.27316,30,901.510967
26.468376,30,901.863765
18.488249,30,902.21856
26.947456,30,902.58435
24.643974,30,902.965108
26.301682,30,903.350909
21.643471,30,903.728662
22.894266,30,904.099479
21.00076,30,904.465269
25.922225,30,904.820033
21.485321,30,905.200845
25.232956,30,905.561637
24.164634,30,905.912436
22.427902,30,906.311175
25.089351,30,906.671968
24.79381,30,907.028794
19.005074,30,907.414573
20.644986,30,907.769368
21.583982,30,908.135158
26.403919,30,908.495919
24.770058,30,908.864737
20.952263,30,909.222503
25.70023,30,909.597286
18.518338,30,909.952113
24.034439,30,910.336891
21.780136,30,910.696685
23.587542,30,911.058475
21.932899,30,911.410274
12.133154,30,911.759073
25.61444,30,912.115867
23.482916,30,912.488653
22.341577,30,912.837422
24.61188,30,913.188252
22.174123,30,913.548015
17.940422,30,913.905839
27.903948,30,914.274626
25.510086,30,914.650381
23.714572,30,915.004177
22.72287,30,915.360976
23.610689,30,915.710801
23.556882,30,916.067572
24.678669,30,916.438382
20.235626,30,916.872102
21.819356,30,917.306884
16.51874,30,917.708619
27.343286,30,918.149398
23.232896,30,918.534176
23.006071,30,918.913959
26.475777,30,919.304703
21.16185,30,919.791454
23.58657,30,920.245161
20.911588,30,920.657923
24.172218,30,921.084685
19.819441,30,921.51643
19.907328,30,921.925196
22.859573,30,922.323974
14.042404,30,922.764723
16.137768,30,923.229476
20.19639,30,923.703174
14.425152,30,924.184927
21.357273,30,924.615649
18.754122,30,925.047408
23.565532,30,925.496141
21.829641,30,925.973875
25.683541,30,926.455622
21.608116,30,926.928326
22.730199,30,927.426062
23.492009,30,927.875772
1015.404196,25,928.273574
21.174652,30,928.660352
25.848233,30,929.055096
22.454386,30,929.483879
21.835647,30,929.876622
24.758855,30,930.350352
19.87045,30,930.767141
1012.471638,20,931.030964
-209.000054,30,931.415736
16.194298,30,931.792552
24.414067,30,932.151344
16.235105,30,932.527128
14.258676,30,932.879926
19.56387,30,933.237721
8.670266,30,933.594514
21.898197,30,933.946312
17.086637,30,934.305106
17.869918,30,934.6649
22.24789,30,935.020694
21.123811,30,935.412468
21.964268,30,935.804219
11.990905,30,936.206985
15.778072,30,936.62474
23.62801,30,937.06149
15.661039,30,937.489275
26.495968,30,937.868057
17.525997,30,938.261807
23.946844,30,938.634617
20.724638,30,939.016367
1011.32405,26,939.327186
1006.985178,18,939.555087
20.714981,30,939.904855
14.736242,30,940.267653
20.799042,30,940.619475
23.196916,30,940.974247
1004.434033,18,941.197142
1009.873716,20,941.490945
22.975724,30,941.938716
1010.500803,20,942.26153
1005.189904,21,942.548365
1020.627739,26,942.854189
1002.442812,13,943.008101
-58.386445,30,943.417835
-133.925712,30,943.881568
-163.1031,30,944.331308
-26.240269,30,944.78105
1004.91167,12,944.969942
-134.046757,30,945.408689
-237.06573,30,945.848438
-25.397445,30,946.295211
-147.888217,30,946.74193
-98.323246,30,947.179674
-73.839597,30,947.617427
-43.879626,30,948.065162
-12.24588,30,948.502913
-12.48418,30,948.953681
-13.542971,30,949.375407
1.777915,30,949.815155
-13.259736,30,950.197966
1.719011,30,950.554731
1.720757,30,950.905559
-11.775017,30,951.257335
1.974907,30,951.613129
3.092426,30,951.968947
0.914423,30,952.318716
1.924284,30,952.670543
1.668443,30,953.032316
987.752814,6,953.112289
1.893935,30,953.481076
10.079022,30,953.836872
-12.891968,30,954.190669
-27.944264,30,954.542471
-13.782264,30,954.894235
1.314926,30,955.28201
1.319299,30,955.687783
1.544142,30,956.062563
-13.885667,30,956.438354
-27.730466,30,956.839114
1.384169,30,957.230897
-7.032895,30,957.629691
3.13915,30,957.990483
-28.684126,30,958.350245
-13.270173,30,958.705051
1.016449,30,959.05987
-43.893364,30,959.411637
-13.300242,30,959.762433
-10.414575,30,960.123227
-13.848796,30,960.476053
-13.796318,30,960.827851
1003.0,3,960.862832
-10.933483,30,961.217628
1003.870484,10,961.33556
1005.322575,16,961.524424
-8.654439,30,961.875219
0.934616,30,962.237014
1009.343212,16,962.423933
1.810434,30,962.776731
1.718427,30,963.131527
1.915354,30,963.484325
992.712649,23,963.754143
1.707589,30,964.112935
1.057093,30,964.467735
1.319096,30,964.821525
-28.240567,30,965.180348
-28.751651,30,965.559098
1.157653,30,965.932885
-28.527976,30,966.309699
4.766904,30,966.659469
-13.40797,30,967.012294
1.613518,30,967.369069
-28.988522,30,967.72686
1006.1126,19,967.951756
1004.270051,9,968.058693
-13.188945,30,968.413458
1.936437,30,968.782253
1.043464,30,969.137042
1.956433,30,969.487872
1.651324,30,969.836671
1.122704,30,970.196431
-13.729291,30,970.55126
1002.635453,7,970.633213
1.352018,30,970.983993
1.600934,30,971.340776
1.306992,30,971.693573
3.569828,30,972.048373
1.039409,30,972.403165
3.852733,30,972.75699
2.519961,30,973.113757
-13.806176,30,973.470551
3.649274,30,973.822379
1.433442,30,974.175176
1.594097,30,974.525974
1.941253,30,974.877741
1.51168,30,975.226541
1009.914626,28,975.555358
1.144136,30,975.906155
1.980865,30,976.260946
3.893398,30,976.613745
1.205215,30,976.966569
1.194359,30,977.332361
1.871724,30,977.699116
1.833915,30,978.070935
-28.5572,30,978.458711
-12.586581,30,978.823472
-28.12077,30,979.179297
-13.669461,30,979.533097
1.530335,30,979.88789
1.661498,30,980.262645
1.08579,30,980.621467
994.07519,23,980.891283
2.463519,30,981.2611
-54.864316,30,981.610899
1004.858538,17,981.813759
1.289896,30,982.16358
-28.75386,30,982.516349
-58.686493,30,982.872173
-58.758343,30,983.231967
-26.05774,30,983.582764
-103.689286,30,983.969519
-156.674124,30,984.359318
-27.879616,30,984.732074
-58.599506,30,985.098894
-13.536266,30,985.465681
-27.784543,30,985.839466
-28.005582,30,986.295176
-26.238339,30,986.732921
1004.474424,27,987.143686
-73.56471,30,987.582433
-87.949734,30,987.968242
-24.481753,30,988.319011
1002.982154,11,988.455962
-58.417384,30,988.806733
1003.569853,6,988.878718
960.490352,27,989.223521
-43.485663,30,989.574288
-58.681793,30,989.928116
-43.649043,30,990.280914
-56.363072,30,990.631681
988.622328,10,990.751616
1004.38081,11,990.882567
-25.482602,30,991.256321
-57.130501,30,991.644105
-58.613152,30,992.07285
975.108426,23,992.373687
-58.080882,30,992.725508
-43.216928,30,993.0833
-58.727148,30,993.44507
-88.033285,30,993.793869
976.677233,26,994.102685
-38.263715,30,994.455511
-56.583663,30,994.80728
1005.807968,17,995.010163
974.060132,24,995.300026
989.154754,10,995.420955
-57.909279,30,995.78075
1003.061574,12,995.927664
974.435113,26,996.232492
-43.35385,30,996.582259
-133.094063,30,996.939083
-87.680721,30,997.294847
-73.538586,30,997.654642
-13.559476,30,998.007468
-13.433569,30,998.365233
943.82518,28,998.691075
-42.661235,30,999.041873
960.207194,27,999.438646
-58.273151,30,999.820402
-74.209942,30,1000.214177
988.577588,18,1000.451033
974.235412,22,1000.727873
1002.568882,7,1000.825816
1003.028962,9,1000.943757
975.039532,25,1001.271569
1003.0,3,1001.306571
-44.034815,30,1001.662366
988.956545,17,1001.86425
1003.639346,8,1001.959195
-43.437348,30,1002.5938
973.974144,18,1002.805709
989.210867,23,1003.083524
1005.158309,30,1003.479289
960.244577,28,1003.82709
959.88197,28,1004.245881
973.689375,30,1004.66864
974.724673,17,1004.882514
1002.311092,4,1004.931485
-28.704146,30,1005.334225
976.086152,30,1005.714004
-12.008489,30,1006.085792
-28.376051,30,1006.440618
988.045325,14,1006.607523
-43.641133,30,1006.975281
-43.294772,30,1007.332106
991.249778,25,1007.623915
-73.644108,30,1008.016683
-238.310981,30,1008.471451
1004.113407,24,1008.781243
1002.881029,12,1008.93216
1002.700556,8,1009.039093
-223.592622,30,1009.418875
1002.878819,14,1009.594804
-253.257485,30,1010.036528
-148.827159,30,1010.427296
-193.167166,30,1010.800081
973.683718,12,1010.948998
-104.100051,30,1011.327807
-43.98058,30,1011.694597
1003.491966,7,1011.780516
989.21783,23,1012.06439
-58.734583,30,1012.430174
-26.016766,30,1012.792935
975.024672,26,1013.116778
2.123401,30,1013.469575
-42.232951,30,1013.827369
960.65966,27,1014.196132
-27.762251,30,1014.624911
-43.687629,30,1014.984675
-43.322427,30,1015.335471
-27.629179,30,1015.692297
973.395404,21,1015.977104
-89.066764,30,1016.464823
1003.351452,10,1016.60877
990.046699,12,1016.752664
1003.987852,11,1016.880583
-28.031453,30,1017.328324
-12.829894,30,1017.791065
975.690063,29,1018.162853
1002.340463,4,1018.212818
1002.729294,9,1018.333746
1003.439949,11,1018.473697
976.74625,27,1018.812481
-28.590372,30,1019.185288
-26.552016,30,1019.545052
-27.798598,30,1019.894851
-58.93335,30,1020.277628
974.614083,25,1020.648422
-28.181572,30,1021.05921
-58.312972,30,1021.489963
-43.342439,30,1021.849726
-13.538835,30,1022.234511
-12.373818,30,1022.601294
1004.569856,19,1022.836161
1002.757835,4,1022.88613
-44.157739,30,1023.243954
0.895264,30,1023.597752
989.355471,24,1023.886555
-56.656379,30,1024.255373
-57.016663,30,1024.610169
1002.396134,3,1024.649147
-41.848993,30,1025.000943
-12.648714,30,1025.353715
-44.080747,30,1025.724498
-42.720883,30,1026.108307
-13.907349,30,1026.4681
-43.747705,30,1026.840858
-28.492458,30,1027.206645
-101.989778,30,1027.574465
-43.763437,30,1027.938256
4.43164,30,1028.36098
-28.678097,30,1028.794761
-28.398067,30,1029.226513
-73.133554,30,1029.663262
-26.562665,30,1030.109982
974.442052,23,1030.39784
1002.949607,11,1030.530739
-87.4897,30,1030.907517
-42.320175,30,1031.312313
960.082775,20,1031.552175
-56.667007,30,1031.90997
974.644292,20,1032.171789
973.373341,13,1032.33969
1002.703256,5,1032.402687
-59.292485,30,1032.764478
-44.194823,30,1033.129268
-28.605273,30,1033.49003
974.096418,23,1033.758907
-88.340698,30,1034.1167
-57.746735,30,1034.470468
-27.910781,30,1034.82929
-72.804103,30,1035.194053
990.597117,19,1035.416954
1002.0,2,1035.441938
-28.381522,30,1035.795705
-13.72889,30,1036.154529
-43.146343,30,1036.507296
958.98766,17,1036.704185
-11.881149,30,1037.061008
1002.275241,3,1037.095988
959.500196,13,1037.2469
988.046943,9,1037.353815
-42.512287,30,1037.706605
-28.681721,30,1038.088417
-12.795802,30,1038.454206
-58.823976,30,1038.802005
-58.377408,30,1039.159771
-59.192347,30,1039.511597
-41.00513,30,1039.863372
-104.005827,30,1040.213194
-114.509832,30,1040.566991
-73.455469,30,1040.918788
-43.594275,30,1041.279581
-43.530904,30,1041.62938
958.621484,22,1041.895196
-43.885291,30,1042.257989
-68.703874,30,1042.622784
1002.681647,6,1042.69574
990.536687,26,1043.022555
-43.349464,30,1043.458296
930.199126,22,1043.758126
-103.356514,30,1044.135916
972.796762,24,1044.439764
-41.216506,30,1044.815518
-59.233876,30,1045.1903
-73.771337,30,1045.552123
-28.263447,30,1045.922912
-55.777203,30,1046.379616
-28.277407,30,1046.79141
-26.507904,30,1047.242121
-43.791634,30,1047.633926
-88.515717,30,1048.005712
989.988913,18,1048.234581
987.44526,7,1048.319506
990.695558,24,1048.606336
-43.137069,30,1048.978124
-27.868882,30,1049.345916
-28.969621,30,1049.699714
-43.877229,30,1050.072501
-56.84668,30,1050.479289
-87.199365,30,1050.918038
-28.61348,30,1051.301788
988.833571,14,1051.46872
-28.820246,30,1051.82049
1003.479125,12,1052.00941
944.827655,16,1052.241254
-27.561315,30,1052.675995
-42.484737,30,1053.100752
-59.174026,30,1053.550492
-89.024298,30,1053.993268
-163.407541,30,1054.458002
942.988979,12,1054.649869
930.439519,23,1054.973705
-145.222091,30,1055.35646
-58.606199,30,1055.800229
-57.76891,30,1056.16099
-44.057551,30,1056.514787
987.56605,10,1056.632721
-44.203867,30,1056.99551
-59.144531,30,1057.437288
-13.26966,30,1057.870009
-41.393957,30,1058.329744
-73.629615,30,1058.765524
-59.12643,30,1059.215236
958.484843,10,1059.372145
-13.264316,30,1059.798899
-12.835324,30,1060.22866
-27.705398,30,1060.600439
-147.862662,30,1061.08616
-74.2006,30,1061.490927
-133.861915,30,1061.922713
-72.187482,30,1062.374416
-118.613559,30,1062.803178
-118.954701,30,1063.191978
914.539379,28,1063.538779
-88.292474,30,1063.923535
-88.220059,30,1064.317299
-59.081072,30,1064.703111
-73.642528,30,1065.078862
-117.323116,30,1065.459644
959.024098,13,1065.612563
-43.435716,30,1065.974348
-13.676341,30,1066.349133
-57.95583,30,1066.715951
-42.464047,30,1067.079712
-43.485305,30,1067.452498
-28.156381,30,1067.806295
-26.469643,30,1068.15909
-89.291529,30,1068.512888
-58.599086,30,1068.864716
-118.217461,30,1069.227507
988.944091,18,1069.439354
-100.572044,30,1069.787156
928.971408,18,1069.999032
-89.315871,30,1070.356857
-29.307043,30,1070.728621
-43.904341,30,1071.088407
-56.52108,30,1071.449229
-73.368446,30,1071.809
-118.58795,30,1072.177786
-118.665896,30,1072.530608
-13.740069,30,1072.902393
-14.259913,30,1073.27115
-28.849814,30,1073.72389
-71.954769,30,1074.202622
-44.215287,30,1074.587394
-44.234576,30,1075.024142
-58.892922,30,1075.402933
-74.141574,30,1075.788704
-118.111745,30,1076.160519
-58.79471,30,1076.521312
1003.0,3,1076.561266
-43.51216,30,1076.957039
-43.618834,30,1077.385785
-44.033565,30,1077.887496
-118.791119,30,1078.427185
-74.075602,30,1078.968873
-58.146107,30,1079.550538
-14.365747,30,1080.025274
-74.224301,30,1080.526977
-43.118223,30,1080.990712
-14.300445,30,1081.453445
1001.0,1,1081.469434
-44.071873,30,1081.885204
-59.251157,30,1082.295991
-13.621493,30,1082.709722
3.644524,30,1083.125483
-29.239187,30,1083.533257
-58.300543,30,1083.917059
989.595255,17,1084.136909
-29.096922,30,1084.519711
-88.058727,30,1084.90346
-118.929527,30,1085.296235
-118.733877,30,1085.680015
-118.09788,30,1086.067791
-86.709872,30,1086.453576
-73.871248,30,1086.862365
987.808636,10,1086.988261
-59.208296,30,1087.419014
-43.523981,30,1087.798796
-73.43856,30,1088.187575
-88.873001,30,1088.601334
-88.856915,30,1089.0201
-44.246735,30,1089.43486
1003.301867,19,1089.681743
-29.065889,30,1090.083512
-73.665708,30,1090.485281
-56.919751,30,1090.902017
-43.651006,30,1091.372741
-88.155146,30,1091.772541
-59.271665,30,1092.25424
-14.22113,30,1092.706973
-72.08376,30,1093.116767
-58.862814,30,1093.555492
-87.886608,30,1094.066189
-28.895381,30,1094.821755
989.797141,11,1095.111588
-44.014179,30,1095.655276
-43.269021,30,1096.034058
-72.654001,30,1096.323892
943.513792,15,1096.520811
-43.980934,30,1096.904558
-42.45773,30,1097.280343
-13.886594,30,1097.657133
-28.079669,30,1098.054898
-12.499801,30,1098.436708
-14.293756,30,1098.802467
-28.751061,30,1099.187245
-133.618033,30,1099.56003
-59.0423,30,1099.954811
-71.631276,30,1100.426535
-14.023853,30,1100.92125
-44.160854,30,1101.370992
-13.853218,30,1101.864711
-59.137098,30,1102.297455
-28.957386,30,1102.925095
-55.566693,30,1103.459789
989.006897,12,1103.662678
-29.107231,30,1104.157385
-55.415927,30,1104.60413
1003.006171,9,1104.746053
-42.421652,30,1105.152841
947.422148,23,1105.47263
-28.919035,30,1105.949364
-27.470958,30,1106.415088
-70.301824,30,1106.95178
-13.375507,30,1107.481476
-14.166967,30,1107.920223
-28.831519,30,1108.381963
1002.758451,8,1108.489894
-27.821269,30,1108.891694
-13.744266,30,1109.308455
0.801028,30,1109.724192
-44.141666,30,1110.118959
-42.516818,30,1110.490774
-57.740467,30,1110.940485
1003.18045,8,1111.055421
-74.096878,30,1111.496195
958.328034,17,1111.721036
917.322909,23,1112.177775
-58.951848,30,1112.632511
-39.235705,30,1113.093278
-88.025241,30,1113.568004
-58.638997,30,1114.297554
-59.045119,30,1114.800266
-85.304598,30,1115.280989
-29.062443,30,1115.650807
988.372706,14,1115.81971
-14.18769,30,1116.182472
1002.996473,9,1116.291438
-14.222252,30,1116.652204
987.689948,8,1116.750147
-28.983149,30,1117.146947
-14.054006,30,1117.723585
-43.315911,30,1118.192314
-58.665125,30,1118.660053
-73.715716,30,1119.159765
-26.598314,30,1119.630489
-28.890661,30,1120.123212
-58.472341,30,1120.629913
-73.851331,30,1121.161612
-57.633898,30,1121.640332
1002.511937,4,1121.707292
-28.570439,30,1122.210004
-133.369757,30,1122.788671
-117.595736,30,1123.251413
-88.071559,30,1123.736157
-25.755036,30,1124.184899
987.498731,7,1124.278816
-13.451383,30,1124.662625
-43.628513,30,1125.157316
-13.447002,30,1125.618051
-28.939886,30,1126.09477
-29.129048,30,1126.584497
-13.023805,30,1127.040259
-70.803855,30,1127.410044
-13.671549,30,1127.779801
-86.404911,30,1128.170606
-28.388821,30,1128.536366
3.093597,30,1128.912182
-14.258281,30,1129.264948
-28.412497,30,1129.620743
-28.457,30,1129.979567
2.778963,30,1130.332364
-42.677272,30,1130.684132
-13.939297,30,1131.054916
-87.967314,30,1131.438727
-25.108672,30,1131.790525
1003.0,3,1131.827503
988.494015,13,1131.979415
1002.634592,11,1132.114339
973.295935,17,1132.313224
1002.365702,4,1132.362164
-56.828357,30,1132.714992
-42.489607,30,1133.075786
-14.194099,30,1133.432558
-26.981932,30,1133.790345
-13.704152,30,1134.147169
1003.14139,11,1134.278095
-42.16284,30,1134.638856
-43.617872,30,1134.994684
2.035673,30,1135.358443
-40.721344,30,1135.721264
988.992028,14,1135.889167
-12.851333,30,1136.265931
-28.402773,30,1136.619747
-43.867119,30,1136.981509
-11.695158,30,1137.65815
989.524127,22,1137.921967
-43.225323,30,1138.34773
-59.213516,30,1138.745525
975.758601,17,1139.003346
-25.754837,30,1139.39815
974.373298,16,1139.609997
-13.384588,30,1139.985789
-12.093769,30,1140.359596
-27.29706,30,1140.709395
988.215677,14,1140.89629
4.001514,30,1141.264079
976.556678,16,1141.466959
1.872414,30,1141.820727
-13.723169,30,1142.196539
-13.861971,30,1142.553334
1008.450736,24,1142.855135
-11.434522,30,1143.20593
-29.133899,30,1143.578745
1003.0,3,1143.615723
-13.702246,30,1143.995505
988.200061,11,1144.133425
1003.129034,9,1144.24733
1.298623,30,1144.603156
1006.658066,21,1144.867004
1004.047551,15,1145.056896
-12.485115,30,1145.436676
-59.132199,30,1145.794471
1002.415056,7,1145.880391
-44.104642,30,1146.2642
-13.362527,30,1146.615998
-87.787965,30,1146.974763
-102.914313,30,1147.327559
-44.175179,30,1147.676363
1002.543163,5,1147.736324
991.679655,26,1148.048174
-28.477857,30,1148.428954
988.325081,17,1148.627814
987.16508,13,1148.785722
-13.483068,30,1149.144514
1002.043669,9,1149.249484
-13.825959,30,1149.602281
2.535212,30,1149.954078
975.266064,30,1150.320836
-28.843958,30,1150.672633
975.889844,27,1150.990481
-26.705397,30,1151.34228
-58.133431,30,1151.699044
-13.722601,30,1152.055842
-27.490127,30,1152.414662
-59.315386,30,1152.764462
-41.470707,30,1153.123226
-12.526834,30,1153.48002
-9.325678,30,1153.833817
-13.039406,30,1154.187643
4.262674,30,1154.543439
-41.910586,30,1154.898235
-74.038941,30,1155.257998
930.340548,27,1155.575814
-42.958181,30,1155.93264
1003.697125,11,1156.062542
945.484796,27,1156.378383
945.749353,22,1156.634235
-28.393869,30,1156.990032
988.741854,5,1157.050997
-56.188699,30,1157.403764
-28.632423,30,1157.75257
-44.239586,30,1158.115384
-11.904658,30,1158.471179
-57.977414,30,1158.824976
-43.809888,30,1159.225716
1004.300587,18,1159.463579
-14.149366,30,1159.893339
-13.773385,30,1160.29713
-29.008924,30,1160.649895
-9.015015,30,1161.004723
945.45306,26,1161.309547
-72.310423,30,1161.663317
975.614246,29,1162.005117
-28.666946,30,1162.371906
-74.173764,30,1162.722704
1004.620621,15,1162.901631
-28.908288,30,1163.253428
-13.035538,30,1163.610224
-13.417298,30,1163.962021
-58.905777,30,1164.328779
-29.142346,30,1164.684606
-87.870607,30,1165.044399
0.945751,30,1165.394173
976.664213,19,1165.617069
-41.805089,30,1165.970867
987.803154,9,1166.085775
929.613263,20,1166.318634
-54.138321,30,1166.670463
-28.861432,30,1167.03424
1003.727794,13,1167.193163
988.195024,9,1167.30007
977.037287,19,1167.525943
-43.379101,30,1167.879742
-73.667076,30,1168.238562
-13.864031,30,1168.590327
-29.052772,30,1168.950152
-44.032654,30,1169.309916
-29.200769,30,1169.670738
-42.579683,30,1170.02851
1.454726,30,1170.387302
-11.613883,30,1170.738097
1004.150406,12,1170.886041
-41.716583,30,1171.238806
-12.584899,30,1171.593632
971.790204,14,1171.758538
1002.488644,6,1171.833472
-13.62151,30,1172.185291
-12.267732,30,1172.533067
-28.519931,30,1172.887863
4.828234,30,1173.252649
0.889536,30,1173.603477
-29.371018,30,1173.954274
976.129204,26,1174.267095
1002.917172,8,1174.367008
1002.685991,9,1174.472948
-13.532127,30,1174.825744
-27.455341,30,1175.17857
-13.977236,30,1175.551357
-43.122334,30,1175.919115
-27.972392,30,1176.277939
-73.80011,30,1176.630736
-13.680681,30,1176.985531
-73.993185,30,1177.337299
944.533279,28,1177.666111
0.878685,30,1178.016938
-13.278468,30,1178.383697
-58.042013,30,1178.734496
-43.549509,30,1179.09232
-13.941085,30,1179.445087
-28.247791,30,1179.801882
-41.088091,30,1180.172698
-44.225834,30,1180.529464
-44.095242,30,1180.881291
-27.842914,30,1181.244052
-29.099538,30,1181.596848
1002.647835,5,1181.655847
-42.509929,30,1182.00961
1003.328941,9,1182.117556
-57.181486,30,1182.476372
-13.210911,30,1182.829142
952.239896,28,1183.164978
-44.18018,30,1183.53873
1.333481,30,1183.976478
-26.256907,30,1184.390272
-44.344599,30,1184.830994
0.651437,30,1185.251747
-43.619739,30,1185.635556
-14.238164,30,1186.048295
-13.389805,30,1186.543033
-14.222947,30,1186.970762
-12.888078,30,1187.441492
-42.576583,30,1187.914215
1.638149,30,1188.417925
-13.580411,30,1188.858702
1002.304169,4,1188.913647
-59.352921,30,1189.405357
-28.00678,30,1189.835111
-11.427248,30,1190.353816
-14.239555,30,1190.779568
-56.966551,30,1191.222311
-28.536743,30,1191.692043
-44.148955,30,1192.211744
-28.725666,30,1192.665483
989.156877,14,1192.868398
-14.211607,30,1193.288155
-27.118475,30,1193.678901
-38.790171,30,1194.09769
945.701868,23,1194.408493
1003.577575,8,1194.520447
-74.293657,30,1194.93118
988.016902,7,1195.023159
-41.6993,30,1195.38392
-68.567192,30,1195.779721
1002.435852,5,1195.843686
974.097938,21,1196.11353
1003.0,3,1196.150479
-52.573507,30,1196.615209
-12.723477,30,1197.064983
-14.027982,30,1197.543707
1002.813036,7,1197.646618
0.992682,30,1198.19531
-11.916367,30,1198.761975
-26.564285,30,1199.193758
-100.987797,30,1199.618492
988.994144,12,1199.858347
-28.983923,30,1200.371061
1003.946757,13,1200.580931
-73.005722,30,1201.091645
-86.282212,30,1201.636331
971.574675,8,1201.789235
-71.27593,30,1202.278952
-73.211602,30,1202.746685
-101.349358,30,1203.131493
-52.200914,30,1203.512245
1004.042675,19,1203.74514
1001.627963,7,1203.856092
-27.997255,30,1204.232861
-44.06661,30,1204.660584
-13.637005,30,1205.067351
-74.312055,30,1205.441143
-28.167594,30,1205.819925
-88.082353,30,1206.184737
-27.887396,30,1206.544531
-39.55605,30,1206.901303
-27.967735,30,1207.257091
1002.875436,8,1207.353035
958.676902,29,1207.698867
974.845441,14,1207.86574
-25.627641,30,1208.225565
-38.466904,30,1208.590325
975.157158,13,1208.742266
-28.465046,30,1209.096037
1003.109426,12,1209.236983
974.230709,20,1209.481811
1002.795557,9,1209.588748
987.520663,8,1209.683696
1003.935677,14,1209.849601
975.841805,25,1210.150426
943.943863,28,1210.488262
1003.308372,14,1210.65217
975.095003,19,1210.905995
-28.760053,30,1211.258819
-23.840523,30,1211.626608
-58.89106,30,1211.981403
991.441954,22,1212.24825
1002.754423,6,1212.320209
1004.727967,16,1212.510072
960.005458,15,1212.685999
1003.748455,11,1212.816894
-28.426097,30,1213.170691
-57.885415,30,1213.527514
956.762223,9,1213.633454
-83.814663,30,1213.987223
987.766817,14,1214.162149
-25.129764,30,1214.520914
-40.682922,30,1214.875709
987.189913,13,1215.032619
1001.77548,6,1215.105578
1002.305011,11,1215.23753
945.521146,21,1215.487387
988.124916,8,1215.580301
958.031136,19,1215.810173
1004.973512,12,1215.95312
-56.811565,30,1216.306916
1002.789932,10,1216.424848
882.950692,28,1216.75366
1003.687732,17,1216.955513
1003.225314,4,1217.003485
-144.185672,30,1217.370304
1003.864494,10,1217.489237
-70.979965,30,1217.843033
2.722995,30,1218.193801
-14.262964,30,1218.549597
882.947457,24,1218.836461
902.693887,30,1219.198226
947.023965,23,1219.47906
979.122909,29,1219.818896
960.601239,22,1220.081716
-26.635933,30,1220.434519
1002.361969,6,1220.505472
1002.327427,27,1220.82132
978.966185,27,1221.146106
-67.823785,30,1221.501928
-43.007517,30,1221.889675
944.367453,21,1222.2065
987.187768,11,1222.339446
928.025397,26,1222.643244
1001.689337,6,1222.714202
973.229634,19,1222.938102
1003.644325,7,1223.025021
-27.702737,30,1223.390819
-58.64091,30,1223.740621
1.053484,30,1224.093408
986.581517,9,1224.201375
-28.20954,30,1224.555145
-40.900602,30,1224.906971
-43.520505,30,1225.261766
988.415045,15,1225.441662
-43.3631,30,1225.79346
988.103252,12,1225.935379
988.895798,19,1226.165217
930.239272,18,1226.385119
987.411568,8,1226.479065
-86.141626,30,1226.832831
-43.919688,30,1227.187628
-42.877685,30,1227.541425
-88.53084,30,1227.895251
-71.393067,30,1228.257043
942.460888,22,1228.515893
941.999955,13,1228.669776
-103.45985,30,1229.0266
-84.049239,30,1229.379398
1002.893489,11,1229.511322
-72.066691,30,1229.867117
992.118802,25,1230.160948
3.139636,30,1230.515715
991.66989,25,1230.808559
-59.067373,30,1231.174336
956.905818,12,1231.320281
-54.400866,30,1231.67208
-24.934358,30,1232.023876
1003.0,3,1232.063822
962.393609,29,1232.408655
973.736546,12,1232.549545
942.879501,15,1232.74946
-40.66018,30,1233.11122
-69.297435,30,1233.465017
-56.078781,30,1233.817814
-103.191681,30,1234.173641
-144.955201,30,1234.537431
1001.736125,13,1234.689343
929.156505,24,1234.971181
957.069655,15,1235.152059
-43.151554,30,1235.50984
3.250997,30,1235.865643
941.937639,12,1236.010555
915.587887,23,1236.277401
958.91625,26,1236.584254
-56.985343,30,1236.940024
-42.957212,30,1237.301841
-28.97189,30,1237.657636
1001.65367,6,1237.731563
975.052101,16,1237.922455
-43.93998,30,1238.273283
-64.493858,30,1238.627079
-13.449955,30,1238.983845
-83.310486,30,1239.335672
1004.306742,18,1239.552548
972.583549,7,1239.634468
988.080136,14,1239.800404
987.891747,9,1239.907312
988.276884,25,1240.209137
-44.142523,30,1240.562965
1002.666598,9,1240.669904
-27.742991,30,1241.037661
959.696714,12,1241.179581
987.952166,8,1241.272527
-43.351101,30,1241.629323
987.013222,9,1241.735262
0.972063,30,1242.095083
-44.115807,30,1242.454848
-28.780441,30,1242.808644
-43.596212,30,1243.162471
974.414775,28,1243.49125
957.079329,13,1243.647192
1003.322146,5,1243.707158
1001.908588,7,1243.79011
-43.613706,30,1244.157867
947.223861,26,1244.467719
956.989358,11,1244.601613
1004.036942,19,1244.823515
-11.699588,30,1245.191304
-13.792862,30,1245.544075
-28.844732,30,1245.906862
-44.077136,30,1246.260688
-42.377321,30,1246.611455
-28.474775,30,1246.965283
-13.066539,30,1247.332072
959.689826,19,1247.556913
973.470907,14,1247.720849
-57.737008,30,1248.076614
-83.595024,30,1248.451401
1002.255621,4,1248.499401
1003.643346,11,1248.628297
976.039666,16,1248.81522
-41.914595,30,1249.233978
1004.000972,16,1249.51579
972.201594,12,1249.713674
-44.00268,30,1250.222379
973.765589,30,1250.677125
973.046432,15,1250.913014
987.638141,5,1250.983947
-68.552987,30,1251.367721
1003.155338,4,1251.422687
989.710479,24,1251.743535
-28.565285,30,1252.126315
-57.844903,30,1252.514062
-44.153609,30,1252.902868
1002.872128,9,1253.017802
972.721515,30,1253.433534
972.21722,14,1253.612431
988.700033,10,1253.743354
1003.90597,11,1253.884304
943.703334,16,1254.082165
971.748567,10,1254.213091
-43.879274,30,1254.599892
978.793019,20,1254.868708
-27.886622,30,1255.329473
-41.68501,30,1255.735208
-42.688935,30,1256.166961
884.712957,21,1256.477782
989.472604,17,1256.715646
1002.691828,10,1256.842602
886.242188,28,1257.234346
-98.58687,30,1257.637113
1003.479761,17,1257.878007
1003.580194,7,1257.972953
-28.481653,30,1258.405704
-43.537636,30,1258.81144
-43.514571,30,1259.254217
989.870131,9,1259.398102
989.32359,11,1259.552013
1004.83711,21,1259.826883
977.007251,30,1260.209635
1004.97851,12,1260.359548
-28.395919,30,1260.756319
1003.150699,4,1260.817285
991.025257,14,1261.024167
-44.011845,30,1261.424935
-44.044825,30,1261.820709
-239.398585,30,1262.222476
-192.165825,30,1262.622252
972.685096,10,1262.754178
989.170607,15,1262.960057
1001.711695,8,1263.056003
964.889089,24,1263.369849
-73.481607,30,1263.752629
