#{"t_start": 1583527492.583998, "env_id": "cursorcontrol-v1"}
r,l,t
-191.515179,30,5.868003
-177.052048,30,5.907657
-256.942657,30,5.946706
-250.752181,30,7.77536
-230.711009,30,8.255331
-221.851499,30,8.724447
-216.826534,30,9.390209
-197.908303,30,9.871156
-242.109553,30,10.369202
-225.862311,30,10.901765
-193.931633,30,11.389647
-158.7113,30,11.852141
-240.290839,30,12.297549
-247.175739,30,12.773997
-237.090119,30,13.248668
-214.922282,30,13.727973
-221.03213,30,14.201838
-258.469831,30,14.669299
-240.494366,30,15.123836
-223.63085,30,15.59568
-205.859096,30,16.085664
-262.278378,30,16.54529
-135.859034,30,17.055142
-238.182142,30,17.709982
-144.256701,30,18.180626
-194.822295,30,18.670518
-250.990003,30,19.112278
-242.020612,30,19.575401
-112.213846,30,20.059883
-252.095409,30,20.518972
-53.405787,30,20.972707
-226.335803,30,21.424015
-252.786681,30,21.875282
-143.974134,30,22.340533
-261.312312,30,22.792352
-238.037178,30,23.269003
-106.626223,30,23.718831
-176.427458,30,24.160174
-208.165939,30,24.627789
-215.984386,30,25.086926
-218.359819,30,25.555326
-197.906838,30,26.115304
-249.580216,30,26.700455
-229.670897,30,27.133444
-102.868243,30,27.602844
13.451996,30,28.050597
-179.909444,30,28.540643
-245.872618,30,29.022923
-243.917392,30,29.51641
-237.624437,30,29.96424
-257.140199,30,30.454083
-215.254699,30,30.888105
-151.253204,30,31.352803
-180.37269,30,31.831497
-218.259684,30,32.312116
-195.074183,30,32.78149
-227.542408,30,33.247421
-209.57287,30,33.70004
-210.62448,30,34.179786
-243.068724,30,34.704128
-223.260705,30,35.182248
38.627483,30,35.632389
-174.236588,30,36.081814
58.992237,30,36.536078
-212.348992,30,36.983643
-245.75166,30,37.448086
-133.288604,30,37.895914
-230.425769,30,38.347155
-250.814254,30,38.802334
-166.257339,30,39.242451
-248.73078,30,39.741685
-174.344176,30,40.209846
-247.234952,30,40.675799
-220.879154,30,41.133315
-230.262922,30,41.602198
-203.049307,30,42.090574
-152.668942,30,42.561688
-178.390107,30,43.003034
-114.552844,30,43.456594
594.663346,23,43.818735
-207.31143,30,44.276142
613.609589,15,44.505557
-196.375884,30,44.966656
506.371084,15,45.209269
-216.292195,30,45.696013
-167.553821,30,46.179255
-212.785482,30,46.678012
-204.426869,30,47.139942
-252.402978,30,47.598069
-103.084634,30,48.045085
-256.711682,30,48.50768
-228.583579,30,48.960418
-225.247872,30,49.41718
-117.929512,30,49.874512
-243.529463,30,50.336431
-178.281127,30,50.838785
-215.142132,30,51.312758
584.138227,10,51.455718
-156.715947,30,51.922626
-233.284985,30,52.386886
-243.757151,30,52.837383
-197.34399,30,53.275384
-232.558847,30,53.73531
-257.474055,30,54.185214
-230.715454,30,54.644591
-244.478674,30,55.117057
-261.746999,30,55.577738
-84.025898,30,56.075199
-59.931034,30,56.569614
-239.972255,30,57.017175
20.219884,30,57.480138
439.277603,25,57.859975
626.720887,4,57.928273
-36.517875,30,58.41175
-196.946895,30,58.945366
-70.70868,30,59.457491
-248.934141,30,59.989135
-109.56029,30,60.459875
599.718041,17,60.722105
-21.147385,30,61.200153
555.854189,3,61.25305
508.877154,16,61.510348
-18.40113,30,62.167123
-140.095583,30,62.631435
-243.02253,30,63.102088
-238.931715,30,63.591342
-167.134465,30,64.068855
-126.588403,30,64.565644
-248.210944,30,65.021533
-138.482884,30,65.473957
-253.127051,30,65.924689
-180.834644,30,66.446738
-207.839416,30,66.946067
-249.499576,30,67.419208
597.394021,22,67.766213
-206.604189,30,68.220853
-30.244476,30,68.668144
-112.895955,30,69.110696
-110.729728,30,69.569008
-137.097202,30,70.021448
-258.682851,30,70.480542
-168.344115,30,70.960606
-259.857492,30,71.446865
-220.368122,30,71.980823
-266.614256,30,72.439077
-162.683513,30,72.926066
-230.668441,30,73.379924
-240.44554,30,73.845727
-127.207359,30,74.320417
-207.880708,30,74.793404
-263.577136,30,75.243764
-118.998141,30,75.688408
-252.746425,30,76.126539
608.312934,2,76.163642
-41.426179,30,76.64416
-115.781542,30,77.152558
-243.770992,30,77.657175
-228.790069,30,78.374191
-170.591067,30,78.825663
2.250855,30,79.273998
-236.082847,30,79.732262
-216.161168,30,80.16044
582.682478,6,80.25413
-236.315087,30,80.696733
-189.248041,30,81.140882
-262.662658,30,81.603792
487.33134,24,81.961314
-224.130704,30,82.407856
178.976033,30,82.856625
-266.335034,30,83.296756
-189.30792,30,83.806569
-244.589694,30,84.305712
-215.305743,30,84.765469
-76.60137,30,85.202666
-238.946811,30,85.644197
-234.050483,30,86.095894
568.474695,2,86.125533
-227.064568,30,86.593165
-201.5571,30,87.043589
-118.259815,30,87.501424
-162.892713,30,87.956696
-254.169663,30,88.432258
-174.686395,30,88.932613
-200.77014,30,89.403825
-112.362783,30,89.851346
-201.467304,30,90.313854
-123.413507,30,90.771334
-252.594224,30,91.22158
-207.393186,30,91.694014
-232.930311,30,92.140922
-245.758514,30,92.618968
-110.467293,30,93.096639
-146.997706,30,93.546623
-100.536651,30,93.993023
-218.182724,30,94.469006
-191.841307,30,94.928002
-241.534961,30,95.412587
-107.465878,30,95.877498
-244.788151,30,96.333658
710.968744,30,96.788378
-154.440913,30,97.245577
-105.394259,30,97.703001
-104.998362,30,98.171921
-199.902369,30,98.64515
-159.102367,30,99.116116
139.35443,30,99.603309
713.097443,25,99.99029
511.847436,26,100.413284
-253.817706,30,100.878075
518.487432,20,101.219178
-251.117661,30,101.780334
-119.360525,30,102.340548
46.32521,30,102.856973
-209.533196,30,103.344203
-216.332329,30,103.857231
574.536698,27,104.40308
575.382554,8,104.558306
-58.620707,30,105.241148
-175.175568,30,105.821009
680.657824,23,106.271711
-254.446607,30,106.938389
-239.562658,30,107.615729
-72.661364,30,108.264993
-256.258856,30,108.891068
-208.995844,30,109.456224
-190.780375,30,109.949579
473.778376,23,110.413148
-154.691217,30,110.974264
163.7291,30,111.491984
11.980303,30,112.037062
-26.316399,30,112.539914
460.937036,19,112.861523
-87.496612,30,113.332183
-219.215178,30,113.829976
-157.678886,30,114.286766
484.595342,26,114.692443
-115.976479,30,115.134632
-4.241223,30,115.597645
8.686544,30,116.314045
-141.997177,30,116.780799
-213.544495,30,117.266037
-31.630909,30,117.731775
-171.648048,30,118.224863
-99.666937,30,118.77228
-89.848698,30,119.239938
-224.686196,30,119.697013
-253.654703,30,120.152521
-258.690221,30,120.599005
-145.991022,30,121.05649
-83.993259,30,121.55718
-71.832954,30,122.055393
-129.503207,30,122.519979
548.093962,20,122.842957
-109.968339,30,123.327329
-86.54261,30,123.800963
560.391924,12,123.992342
-75.489883,30,124.482332
561.252574,14,124.709078
-165.329796,30,125.178318
-206.924308,30,125.648059
-205.209058,30,126.113282
-126.229209,30,126.597985
631.69623,29,127.034491
-92.986728,30,127.504812
-56.690627,30,127.959342
561.28167,11,128.145499
-18.584864,30,128.65547
498.228651,29,129.099805
-54.524543,30,129.590387
-215.163094,30,130.090684
557.069015,14,130.322922
-61.151903,30,130.80176
-110.660225,30,131.252248
64.818353,30,131.709697
-257.272081,30,132.145
-260.087261,30,132.671441
-159.819666,30,133.170334
28.637584,30,133.79768
-13.857599,30,134.255379
209.75057,30,134.771081
515.541478,14,134.983566
-43.027551,30,135.425319
-29.508304,30,135.900849
539.070903,28,136.422024
811.179637,24,136.807823
-119.891482,30,137.289234
-223.311637,30,137.902508
508.39307,15,138.171972
477.379458,28,138.690187
532.900911,15,138.920468
8.605308,30,139.434944
-122.232426,30,139.954705
-34.708364,30,140.416062
-256.350453,30,140.881737
-127.187531,30,141.463035
-113.551147,30,141.985755
-80.581646,30,142.515028
-5.250171,30,143.133145
-116.192384,30,143.600958
497.698684,20,143.915459
441.125801,29,144.359879
-40.91499,30,144.823475
532.702841,11,144.981204
-47.993463,30,145.47919
75.182791,30,145.923523
67.937568,30,146.37443
-147.053648,30,146.82845
127.287679,30,147.298392
-71.658263,30,147.761748
-152.563409,30,148.214967
-59.383538,30,148.702201
-164.781424,30,149.177553
-71.198717,30,149.654423
-190.982228,30,150.16562
-211.303825,30,150.69591
-74.212729,30,151.342045
478.945877,15,151.620025
-166.07818,30,152.109576
-62.884383,30,152.616997
-56.878984,30,153.125681
-146.954257,30,153.590831
-94.820685,30,154.065907
671.035807,6,154.161778
553.858526,8,154.299577
528.967678,9,154.442269
8.487845,30,154.913748
-80.008625,30,155.356374
-34.64256,30,155.816066
-33.912098,30,156.278821
-77.020001,30,156.737484
-140.022525,30,157.172686
161.973643,30,157.627824
-59.391426,30,158.098669
510.619078,28,158.536784
396.193406,23,158.927161
-52.658951,30,159.499356
524.911206,13,159.709511
-26.916394,30,160.208337
-51.867972,30,160.696914
503.806284,16,160.941703
-98.959581,30,161.43167
555.561772,4,161.502938
54.887267,30,161.970331
4.33244,30,162.452219
-39.75996,30,162.90661
13.704516,30,163.373523
-3.853307,30,163.846693
-113.368552,30,164.312392
-92.631435,30,164.777639
-79.69379,30,165.266529
-215.359453,30,165.752414
500.607444,15,165.99659
100.89348,30,166.500466
11.270508,30,167.036703
84.375944,30,168.391708
0.702768,30,168.881843
-74.146519,30,169.35277
544.231906,4,169.415303
502.571104,20,169.751702
88.194496,30,170.388123
517.344722,24,170.817937
-22.224773,30,171.33941
-117.763576,30,171.818299
602.172494,11,171.985396
-119.288976,30,172.443653
-221.870593,30,172.888114
-245.165921,30,173.373384
34.128148,30,173.853369
-82.03912,30,174.31741
-143.880804,30,174.768593
-114.66244,30,175.236027
-13.912205,30,175.698967
570.783028,3,175.74407
15.684329,30,176.209659
-67.46717,30,176.674569
-28.841781,30,177.1221
-147.510768,30,177.62265
839.626728,14,177.852098
50.954611,30,178.301364
548.746441,28,178.787252
-137.363277,30,179.270135
-117.793128,30,179.749269
-166.663666,30,180.242144
9.156098,30,180.72645
539.081003,20,181.016992
524.911099,11,181.193905
-12.540819,30,181.649632
-173.930253,30,182.125753
-90.776284,30,182.601954
-8.03877,30,183.093728
555.483978,30,183.562061
546.816491,27,184.00387
-49.93461,30,184.473542
-98.979218,30,184.944417
9.836819,30,185.422038
89.826699,30,185.874943
716.641383,17,186.140245
566.492761,25,186.526385
-247.166931,30,187.004198
-31.808637,30,187.516886
-13.707501,30,187.973081
-53.429855,30,188.430842
47.08991,30,188.911535
15.966696,30,189.405285
-43.214059,30,189.900478
553.010935,8,190.06436
-88.322889,30,190.684651
552.69714,5,190.772836
440.10129,27,191.212095
-10.240901,30,191.703601
757.006724,17,191.995427
73.559681,30,192.586641
66.603587,30,193.122321
581.624208,3,193.189114
-31.926156,30,193.760374
528.530949,11,193.976924
-102.936545,30,194.533247
854.431272,30,195.063997
-124.253821,30,195.577241
29.885906,30,196.130343
-16.837649,30,196.637399
-49.238313,30,197.147367
639.536501,8,197.291803
572.866835,6,197.392216
541.852113,11,197.570327
437.212658,29,198.066823
580.103792,19,198.346559
554.414184,18,198.624713
666.491449,1,198.640354
-46.6306,30,199.132899
670.643361,23,199.526306
419.280628,28,199.963926
628.341716,16,200.211891
-50.515217,30,200.666716
491.149232,26,201.052313
8.231568,30,201.586528
597.270691,25,202.25205
48.655414,30,202.731515
-17.979218,30,203.203312
23.008823,30,203.6971
-27.030974,30,204.196047
-16.875024,30,204.680888
-34.463265,30,205.143945
547.377392,1,205.161884
14.077971,30,205.678862
474.934293,16,205.972472
556.254084,5,206.056273
23.92553,30,206.515957
158.140741,30,206.967861
110.218726,30,207.469447
754.542743,26,207.887842
582.960703,24,208.27292
50.602197,30,208.753351
556.354167,29,209.204718
499.32091,14,209.415846
18.690643,30,209.930044
-116.419151,30,210.529242
473.197443,20,210.877163
655.776398,15,211.197574
-34.883343,30,211.664914
11.590512,30,212.139291
110.912833,30,212.61425
9.434812,30,213.143104
-80.792566,30,213.650424
4.343427,30,214.149446
654.279954,30,215.100462
19.85295,30,215.641917
626.921132,11,215.814932
-39.990921,30,216.277159
554.867929,13,216.527378
3.661366,30,217.015144
-173.310321,30,217.495136
-51.58334,30,217.993377
581.433328,13,218.191154
547.947322,3,218.255952
-20.298332,30,218.768881
572.376873,7,218.892142
7.015331,30,219.340942
434.165123,27,219.753414
679.40709,30,220.268818
558.527688,11,220.467775
-58.83993,30,220.959299
588.534894,18,221.32114
40.248882,30,221.851137
497.830426,14,222.036488
682.264369,25,222.412286
41.60631,30,222.886403
-34.599225,30,223.359922
-29.674081,30,223.828354
539.62326,25,224.21867
552.31012,10,224.383301
520.908711,12,224.586193
60.600387,30,225.033515
591.618259,17,225.302962
-69.080593,30,225.748278
-31.611166,30,226.197901
705.252499,12,226.383598
-16.867556,30,226.851797
20.766469,30,227.34681
621.293591,21,227.690706
-29.227033,30,228.135825
79.674515,30,228.599596
45.832316,30,229.053978
575.488609,19,229.34778
-70.755748,30,229.790864
66.400292,30,230.249255
513.277945,19,230.547671
-132.609272,30,230.998177
-13.430905,30,231.434564
-44.338213,30,231.886623
-12.310917,30,232.369205
-145.02883,30,232.850247
-47.632495,30,233.33199
-26.496431,30,233.797694
3.585596,30,234.28151
534.769821,16,234.551679
63.471367,30,235.062618
463.631297,16,235.328504
616.291591,16,235.574412
499.136477,13,235.78402
481.707194,17,236.026974
-7.14485,30,236.470878
-4.399225,30,236.912092
514.312183,22,237.2773
520.229426,6,237.397947
554.276884,23,237.82444
-18.195351,30,238.327769
559.81334,20,238.692532
-88.603987,30,239.17086
550.437326,13,239.390627
-10.920492,30,239.894791
-103.740097,30,240.353164
538.726029,25,240.738058
602.167296,16,240.975392
5.933636,30,241.408377
-4.629306,30,241.864569
-22.861493,30,242.341396
9.840463,30,242.796069
549.0712,21,243.124051
-106.318214,30,243.565357
86.557881,30,244.007364
-24.785325,30,244.446411
557.179225,1,244.459966
87.93927,30,244.918422
567.636995,21,245.224467
467.322669,15,245.592333
35.802893,30,246.125996
578.758613,17,246.398501
532.077832,5,246.467784
20.570785,30,246.95543
-53.694384,30,247.433216
552.478728,20,247.764755
504.126902,12,247.957649
-31.680989,30,248.425592
-126.909013,30,248.858002
588.089201,29,249.285569
548.232082,14,249.501312
-141.549755,30,249.984805
592.515718,30,250.439658
662.045346,16,250.694079
61.971535,30,251.167073
94.922732,30,251.602262
548.902142,16,251.855309
77.262606,30,252.334832
554.108133,25,252.724398
85.047875,30,253.163583
554.829286,4,253.245212
500.399531,21,253.577105
556.065272,29,254.017839
-16.586226,30,254.468336
628.316077,26,254.908941
-38.728634,30,255.375151
58.995535,30,255.830904
43.967981,30,256.299946
579.699705,14,256.535883
555.613895,12,256.731292
502.714032,14,256.9544
659.486126,29,257.394817
4.030357,30,257.905243
578.346203,26,258.318467
523.630543,24,258.732314
-56.488311,30,259.214271
-10.350635,30,259.69544
116.198136,30,260.182187
511.113057,10,260.345175
695.1021,22,260.695088
7.585894,30,261.17286
68.96703,30,261.656922
-43.169477,30,262.120185
583.537022,7,262.248297
509.071041,19,262.55694
70.921334,30,263.04071
20.12483,30,263.493742
568.490437,12,263.689902
23.603605,30,264.171867
584.717711,27,264.636653
-7.271534,30,265.091239
-30.379528,30,265.554071
55.739738,30,266.023712
28.926902,30,266.47991
529.29048,28,266.913009
4.539043,30,267.410994
57.194168,30,267.871144
142.498374,30,268.33333
-82.053688,30,268.805026
-168.924835,30,269.250049
44.60018,30,269.702761
45.883592,30,270.190683
685.889127,30,270.667259
596.178183,13,270.883021
574.002396,19,271.393495
759.66682,15,271.630353
607.949834,21,271.970144
556.618927,8,272.107681
4.456579,30,272.607105
24.386757,30,273.07319
120.563374,30,273.535923
28.440889,30,274.001132
-43.125659,30,274.465631
615.914963,21,274.777153
-22.772872,30,275.24661
-23.622821,30,275.73351
449.211113,17,275.990771
19.131304,30,276.444889
66.980777,30,276.91057
495.424317,12,277.088222
36.338981,30,277.562895
974.453631,16,277.802384
485.944975,11,278.015188
545.029713,9,278.193648
585.382586,23,278.59577
11.673416,30,279.075414
92.180133,30,279.566228
-86.998862,30,280.046893
67.119296,30,280.771909
466.736123,29,281.252268
559.764539,14,281.467799
-0.179667,30,281.985351
42.404075,30,282.459522
625.581589,25,282.842607
584.936342,23,283.269706
-10.817624,30,283.784646
63.531128,30,284.263879
-86.777653,30,284.74792
-4.416332,30,285.223219
84.407637,30,285.746989
517.292782,9,285.879045
762.732141,9,286.019186
687.334154,8,286.143214
539.862513,7,286.258282
551.529166,30,286.734141
42.850843,30,287.179336
-57.079992,30,287.664852
66.884751,30,288.09825
520.043418,8,288.222618
32.899147,30,288.670479
19.566065,30,289.132603
-13.049478,30,289.58663
634.121317,30,290.028046
759.456273,23,290.402119
502.558557,10,290.567183
-46.226231,30,291.054869
6.566884,30,291.519297
-56.247537,30,291.982362
587.753256,30,292.452626
13.321569,30,292.889747
793.623541,7,292.993245
524.376172,8,293.128153
105.019571,30,293.585707
629.3392,22,293.9328
75.764464,30,294.402413
22.059031,30,294.898696
576.814058,9,295.037584
45.703305,30,295.523433
573.603822,21,295.858136
535.04631,24,296.245044
8.897013,30,296.724612
51.353341,30,297.220374
-11.134827,30,297.704337
584.758941,27,298.150236
597.932539,19,298.442639
754.009626,12,298.638042
-7.234306,30,299.135458
581.822067,11,299.313486
-12.519084,30,299.808717
39.744885,30,300.275935
-81.585481,30,300.920506
-39.22936,30,301.44096
31.387139,30,301.935897
546.620721,23,302.341767
81.85363,30,302.815682
657.293783,26,303.21856
519.214327,26,303.635088
523.955792,9,303.783524
-53.623095,30,304.274356
605.852247,28,304.73552
583.488109,13,304.948704
621.201193,19,305.258116
67.406816,30,305.716389
603.387543,24,306.075576
32.276117,30,306.586238
44.353853,30,307.055965
573.70196,6,307.154264
-6.79374,30,307.632405
622.432639,28,308.088301
571.707358,28,308.535035
551.31442,24,308.921664
-110.389801,30,309.432291
510.883638,19,309.735044
-29.756414,30,310.219326
581.649537,5,310.298084
616.500115,25,310.713343
45.806859,30,311.172012
62.90035,30,311.674121
703.94762,30,312.144606
520.057566,9,312.299337
106.476212,30,312.773643
-47.240193,30,313.244081
548.67771,10,313.411646
575.485532,10,313.575177
115.554085,30,314.030381
41.220368,30,314.514431
462.841577,18,314.815062
561.670442,15,315.046012
588.728511,19,315.329746
-3.70686,30,315.772183
575.97827,23,316.112081
659.00808,28,316.583733
543.439228,26,316.991144
612.762932,10,317.1332
-85.323383,30,317.592933
593.2238,9,317.776893
600.401067,11,317.962432
22.01612,30,318.423771
519.697703,30,318.888911
14.044369,30,319.3448
619.6649,25,319.743715
518.212841,30,320.199303
546.184451,4,320.263349
69.735276,30,320.933273
645.16475,7,321.0492
485.420783,21,321.393944
14.329255,30,321.847399
-10.467,30,322.321575
-4.033693,30,322.800311
65.210469,30,323.291828
-21.042348,30,323.758368
587.807244,27,324.191675
580.777345,22,324.509055
-102.339162,30,324.963848
138.286297,30,325.44618
543.129397,16,325.699937
45.57413,30,326.142842
-24.050739,30,326.619293
556.455703,4,326.680203
554.986401,19,326.964473
108.485071,30,327.440144
605.243371,13,327.638891
109.35536,30,328.100043
36.004678,30,328.548569
996.273032,25,328.937744
675.093238,11,329.124689
546.904633,13,329.325237
561.594165,23,329.691816
24.872195,30,330.524155
653.877135,27,330.934953
501.715007,20,331.249675
46.146307,30,331.737777
146.006352,30,332.223991
43.021707,30,332.721809
753.269141,25,333.099466
81.597698,30,333.534215
591.462823,21,333.861165
531.483321,30,334.303061
475.625916,17,334.558517
22.184826,30,335.036525
550.033865,15,335.26564
679.520861,19,335.545908
534.913564,10,335.699199
75.207262,30,336.16826
613.543539,24,336.785521
-13.34661,30,337.228787
522.074633,29,337.638106
449.503903,19,337.93165
61.057488,30,338.373745
641.836365,25,338.758523
660.510329,29,339.237514
44.529869,30,339.731212
35.630698,30,340.203025
672.686829,30,340.688256
-6.167125,30,341.130658
669.640019,29,341.590071
514.884542,14,341.807598
97.384013,30,342.245847
508.739786,7,342.348371
50.882356,30,342.885428
-71.943125,30,343.388329
779.678248,16,343.624494
61.509049,30,344.09725
-13.546394,30,344.579104
787.539591,21,344.962308
29.532919,30,345.484909
571.662824,9,345.615294
-12.959371,30,346.169604
518.829583,10,346.323337
503.019362,9,346.454564
51.393332,30,346.894029
517.022857,27,347.301051
56.064719,30,347.757022
56.00083,30,348.213145
485.082527,17,348.467448
581.751075,17,348.721658
6.409702,30,349.163216
94.965473,30,349.597778
7.5228,30,350.0438
95.498385,30,350.503747
107.50003,30,350.945081
667.93246,21,351.255625
143.061098,30,351.680599
27.164766,30,352.121246
15.76183,30,352.582186
644.181865,29,353.022948
85.809416,30,353.501449
486.973869,17,353.771946
527.723816,22,354.096262
3.964127,30,354.554649
18.292512,30,355.005914
674.571441,9,355.142477
107.082977,30,355.58159
27.448492,30,356.029228
571.166393,28,356.618626
640.33037,13,356.858317
6.352683,30,357.309779
633.956534,18,357.597346
569.644932,23,357.972267
506.704789,17,358.26793
37.013892,30,358.800544
580.16931,17,359.116518
49.895677,30,359.603817
555.828896,14,359.842953
530.321274,23,360.224555
41.366449,30,360.743413
-11.816493,30,361.237635
656.57781,7,361.375938
45.755825,30,361.887354
518.380699,12,362.067566
-13.814168,30,362.532091
796.096153,9,362.696168
12.636486,30,363.303836
510.773359,12,363.53056
-10.06791,30,364.160748
531.404411,8,364.358277
577.523638,27,364.966611
-59.727852,30,365.59353
26.038835,30,366.146057
697.755882,20,366.5224
1.89393,30,366.996364
86.53024,30,367.530212
532.878394,12,367.738426
94.17738,30,368.376536
56.738389,30,368.903218
-188.255213,30,369.441506
-107.791781,30,370.068521
-39.833191,30,370.585237
935.108369,14,370.810914
-41.835049,30,371.314424
79.819137,30,371.813209
19.052429,30,372.319944
610.912685,11,372.512601
-110.728927,30,373.004966
548.074013,28,373.436382
18.968487,30,373.917289
-2.867407,30,374.40079
569.144167,5,374.484705
-47.6146,30,375.005913
552.724936,15,375.253549
31.961682,30,375.72453
-11.100694,30,376.175471
-105.399441,30,376.663774
43.493951,30,377.119683
-128.046624,30,377.601606
548.170981,22,377.971927
-74.093245,30,378.433183
557.934507,22,378.780742
561.656666,26,379.182492
-134.481577,30,379.660392
16.128747,30,380.126079
524.1008,24,380.493619
557.179968,6,380.582231
87.503461,30,381.030799
577.781801,19,381.329327
99.526566,30,381.826416
58.193288,30,382.301509
796.103185,30,382.750461
13.660494,30,383.204376
542.845057,13,383.397614
-114.29032,30,383.865184
-9.266904,30,384.371944
-14.113973,30,384.858116
81.286254,30,385.334814
7.10258,30,385.79539
534.497264,15,386.022795
128.758647,30,386.538953
806.382327,13,386.759572
-49.791037,30,387.221979
13.510189,30,387.686839
-38.747037,30,388.118096
507.68555,8,388.248591
70.692253,30,388.706015
565.486829,24,389.051049
553.035915,5,389.12716
71.768867,30,389.583338
682.691895,27,390.003329
519.125453,23,390.364873
46.331116,30,390.816851
19.645889,30,391.278844
16.604929,30,391.727137
10.56309,30,392.295223
570.543105,8,392.422815
29.730868,30,392.978232
498.422854,9,393.126533
-57.390076,30,393.66312
10.190554,30,394.163981
45.280679,30,394.733594
635.750684,6,394.824797
536.701778,4,394.888536
507.847404,8,395.012415
852.264051,23,395.375632
69.673097,30,395.824971
625.212568,30,396.323308
-56.879873,30,396.919974
-25.763226,30,397.499719
546.720698,14,397.769554
79.157519,30,398.249729
1.50755,30,398.741462
24.096307,30,399.215226
67.283498,30,399.693578
-50.879094,30,400.141175
88.248648,30,400.596978
22.973079,30,401.060345
-17.142816,30,401.544135
554.853213,17,401.802579
582.959184,7,401.901365
28.979375,30,402.359864
550.107912,11,402.521184
571.835507,16,402.76488
11.374488,30,403.209494
61.522909,30,403.648428
9.410777,30,404.13357
618.645276,16,404.425042
42.675364,30,404.907763
50.870493,30,405.486106
579.514241,23,405.932401
66.88236,30,406.677756
16.518876,30,407.208033
14.323545,30,407.737716
54.024832,30,408.286762
-32.404848,30,408.795749
83.674343,30,409.328451
529.475132,10,409.51041
-6.639609,30,409.978172
580.698707,11,410.142994
32.530815,30,410.617734
66.408585,30,411.091129
530.940335,17,411.352144
627.763417,17,411.608792
513.298971,17,411.882913
42.728682,30,412.35254
513.359875,18,412.616458
91.527856,30,413.05393
603.298005,23,413.40608
86.38331,30,413.870945
52.842514,30,414.316673
503.443122,19,414.582362
598.130614,12,414.769248
34.345969,30,415.246385
595.223131,27,415.675509
513.149719,23,416.023277
24.571654,30,416.501409
64.385675,30,416.948388
553.704977,14,417.163702
524.950576,26,417.584151
591.677753,28,418.037764
33.470174,30,418.531442
657.137088,29,419.032337
557.887267,13,419.255786
602.255749,30,419.733176
534.870946,16,419.973755
618.808106,19,420.268111
18.802789,30,420.761414
109.410438,30,421.252954
-12.087692,30,421.724796
106.152645,30,422.206875
630.71434,23,422.553765
-4.127925,30,423.025377
508.964446,13,423.278306
-1.331354,30,423.766884
38.755695,30,424.268426
793.15542,21,424.602225
517.984504,8,424.760346
557.583708,4,424.834041
612.63264,17,425.307239
71.798162,30,425.761549
579.940302,25,426.135565
1044.49689,17,426.415675
583.154991,25,426.797812
24.634938,30,427.250251
16.614172,30,427.718177
13.760605,30,428.192298
6.296986,30,428.670909
571.137777,22,428.991265
571.473323,19,429.295022
754.36439,14,429.509616
561.36611,27,429.947671
618.985879,17,430.206351
505.828504,8,430.343233
86.452852,30,430.798485
3.215174,30,431.245646
557.531112,16,431.483922
48.72722,30,431.960817
521.985849,8,432.095478
521.473343,21,432.43901
40.424304,30,432.907788
510.053767,13,433.104792
551.340939,17,433.361151
-26.057856,30,433.820717
27.366093,30,434.264359
528.972267,4,434.330286
526.505515,10,434.488033
539.720178,7,434.594193
-9.928252,30,435.052105
532.786684,4,435.110909
574.130818,11,435.282411
-4.785926,30,435.729632
-30.716856,30,436.20875
33.755956,30,436.667458
539.86381,25,437.025162
536.286369,7,437.128825
57.649932,30,437.57547
118.25062,30,438.058032
25.20222,30,438.543453
674.779236,25,438.942504
-22.672496,30,439.406185
14.331853,30,439.906793
1142.834879,11,440.065194
111.099902,30,440.534305
-28.100914,30,440.999729
536.528976,17,441.273523
71.730138,30,441.734919
608.344536,23,442.093646
89.498084,30,442.557369
11.778712,30,443.036723
529.745982,22,443.37961
625.090597,30,443.833653
-49.856054,30,444.268132
82.079523,30,444.720001
580.306558,13,444.915669
114.057879,30,445.423133
46.192459,30,445.888535
578.55113,12,446.071183
101.336754,30,446.557117
510.505795,12,446.771829
809.496068,16,447.014658
-18.752318,30,447.486986
-71.927809,30,447.968781
63.850765,30,448.466618
72.986553,30,448.952559
543.209946,13,449.175259
531.091415,14,449.405928
486.825173,13,449.599188
20.537319,30,450.05253
780.655966,21,450.403729
122.168735,30,450.889543
596.373052,18,451.170549
556.397352,19,451.482101
525.022765,8,451.743435
522.564595,5,451.865039
33.011932,30,452.350292
503.652542,10,452.495734
639.932327,26,452.903144
82.535412,30,453.406122
8.279571,30,453.848911
665.854766,29,454.304696
580.504905,9,454.455323
590.851656,17,454.732343
20.361116,30,455.181631
-5.731477,30,455.641766
530.913807,10,455.801821
2.496261,30,456.25056
81.300033,30,456.716597
28.830042,30,457.151564
536.689965,8,457.281762
627.613129,8,457.406325
612.030834,14,457.614067
557.251019,8,457.737304
66.539838,30,458.182452
538.630132,14,458.38451
14.548672,30,458.838746
94.76752,30,459.357484
567.481403,9,459.546222
498.985025,14,459.774856
573.443658,8,459.893483
78.14371,30,460.379566
-12.257646,30,460.884048
549.040419,22,461.244363
97.728025,30,461.721645
28.773774,30,462.174058
56.677941,30,462.631881
559.947492,23,462.981074
782.4764,13,463.182326
854.018898,7,463.298292
507.501711,10,463.456469
583.333775,24,463.83569
511.519845,13,464.04792
579.485705,29,464.52289
60.529958,30,464.993848
551.786843,12,465.187235
41.690919,30,465.63193
594.808811,25,466.01447
75.713855,30,466.537846
51.185058,30,467.149107
35.286351,30,467.733761
556.286928,17,468.021105
525.147259,16,468.334879
628.336786,9,468.486004
48.577495,30,468.992284
-11.465413,30,469.508618
39.968278,30,470.035576
174.091836,30,470.543768
141.679433,30,471.021129
43.078985,30,471.558192
-37.574773,30,472.09426
64.404472,30,472.677602
27.892061,30,473.212419
91.01704,30,473.718542
641.070788,19,474.021003
64.776987,30,474.597709
43.886143,30,475.102189
0.348542,30,475.59921
574.050503,16,475.885239
-25.755309,30,476.405662
57.823282,30,476.891575
44.613227,30,477.402626
47.113929,30,477.90975
511.411572,9,478.060362
551.180989,15,478.318767
527.631747,9,478.462366
62.587466,30,479.024231
74.638993,30,479.514699
10.64378,30,480.034731
593.668307,27,480.556467
138.073985,30,481.066573
-1.66545,30,481.635309
650.542082,19,481.947524
571.06865,6,482.053577
118.130502,30,482.551169
573.45764,20,482.866877
583.04474,15,483.095709
534.125541,23,483.457653
618.952513,24,483.860877
74.587805,30,484.506257
506.226771,7,484.607445
136.805488,30,485.061602
597.821852,6,485.150448
570.374472,9,485.283763
643.548179,27,485.700021
-6.751783,30,486.141395
71.447464,30,486.663002
100.460712,30,487.122613
137.03948,30,487.654086
628.22192,19,487.959042
95.945305,30,488.440438
53.937121,30,488.90903
59.191122,30,489.398941
574.558234,26,489.796361
552.674186,27,490.236705
24.858044,30,490.709544
87.25328,30,491.176437
66.187042,30,491.679217
611.687426,24,492.054071
558.991539,4,492.114943
515.97493,8,492.252645
628.097667,14,492.474322
-21.219228,30,492.960582
60.53767,30,493.712528
584.928997,18,493.989945
79.072729,30,494.463141
563.444292,10,494.644642
32.457717,30,495.108183
35.10742,30,495.597753
81.550225,30,496.062163
566.710482,15,496.304349
68.219265,30,496.768084
25.437621,30,497.237028
26.665652,30,497.734679
540.698069,12,497.95138
82.420288,30,498.437534
98.516468,30,498.909708
532.010308,13,499.113231
86.145092,30,499.586382
116.426165,30,500.062972
57.492885,30,500.537111
554.637051,11,500.897724
602.912628,26,501.327719
499.06219,10,501.482359
41.248083,30,501.969993
58.892048,30,502.457146
615.44907,16,502.729634
577.799873,24,503.098765
582.729479,16,503.378258
523.682901,14,503.577011
590.971311,23,503.933563
155.911443,30,504.414849
50.005943,30,504.904769
16.645293,30,505.386817
18.633312,30,505.896554
1.776311,30,506.39238
909.311176,28,506.879098
30.63184,30,507.353957
79.096014,30,507.81394
82.073077,30,508.27608
107.391035,30,508.782944
648.852874,10,508.93746
67.299803,30,509.411054
8.73435,30,509.899056
604.063321,19,510.199368
91.737575,30,510.66599
520.905434,11,510.848188
522.743718,12,511.029732
580.374877,15,511.284757
487.619141,13,511.51058
883.970771,22,511.858445
108.172656,30,512.332546
-36.369001,30,512.81075
69.060256,30,513.250632
80.538238,30,513.715113
28.642612,30,514.177737
617.050379,20,514.507444
5.103273,30,514.993675
519.18489,15,515.241465
489.561513,11,515.421109
567.798778,18,515.708081
667.98875,29,516.137728
553.267658,1,516.158924
113.041039,30,516.609028
21.415977,30,517.061699
575.451899,19,517.343441
537.869528,19,517.623376
620.846408,30,518.276538
512.638271,11,518.4593
633.566255,22,518.802262
78.643741,30,519.321569
30.141004,30,519.791053
554.093468,18,520.057459
576.287018,17,520.318654
531.800131,17,520.591174
668.837209,16,520.844119
679.285022,11,521.015739
16.247385,30,521.474103
639.701571,13,521.694142
619.933637,25,522.066445
55.950315,30,522.557941
516.860069,11,522.744251
532.653189,8,522.877192
26.025696,30,523.351452
542.158163,3,523.395122
851.936575,28,523.861826
10.10776,30,524.337515
576.777311,6,524.435658
504.082342,16,524.69203
514.685606,17,524.945494
598.890649,11,525.117415
34.019009,30,525.592012
55.848223,30,526.036077
1.906279,30,526.479626
81.158601,30,526.939077
612.481554,13,527.132759
555.055193,10,527.28811
24.95904,30,527.77734
626.726312,19,528.075717
635.917715,27,528.519672
46.678206,30,528.974703
534.950173,8,529.101435
495.462518,14,529.340734
726.794645,26,529.768556
614.254808,25,530.142081
549.468042,5,530.228214
76.278632,30,530.816754
-67.426292,30,531.417803
51.793133,30,531.997169
14.200318,30,532.603556
573.735814,21,533.048643
652.979812,11,533.264954
627.219925,8,533.384759
101.002494,30,533.863299
541.624325,19,534.168755
543.461977,8,534.322482
623.790231,29,534.891027
546.86796,6,535.004429
559.058477,4,535.086869
-8.851275,30,535.72027
1.028819,30,536.199859
71.752595,30,536.693993
530.508736,13,536.955026
-32.92024,30,537.544401
588.448279,25,537.969423
41.774546,30,538.52644
610.282471,25,539.000186
573.054802,28,539.5319
542.114373,15,539.774347
520.511519,6,539.866015
8.7334,30,540.514262
594.818752,26,540.986811
623.067777,26,541.418599
50.732384,30,541.967691
496.917718,19,542.358095
64.382799,30,542.963716
53.555229,30,543.552993
83.623986,30,544.153893
27.30517,30,544.738966
37.964908,30,545.30995
94.080872,30,545.932307
546.073347,11,546.107817
510.437801,7,546.236824
682.452498,7,546.38138
43.704977,30,546.968831
504.731155,11,547.182304
666.526239,18,547.534669
661.445196,27,547.986669
-11.685476,30,548.496189
526.34273,19,548.820245
55.452023,30,549.366814
23.425243,30,549.96192
520.436968,16,550.271173
616.554391,20,550.596313
-42.403022,30,551.056444
-12.615949,30,551.522054
40.205012,30,552.063876
7.178932,30,552.563364
72.451801,30,553.057336
1001.914169,22,553.402022
538.141674,26,553.826461
12.194547,30,554.358655
525.956428,23,554.77825
543.431739,12,554.965966
91.187164,30,555.515243
515.733569,10,555.768613
-2.59933,30,556.397927
40.619504,30,556.901254
100.710725,30,557.410397
621.085077,13,557.64463
611.755231,30,558.177403
89.238733,30,558.674643
153.425329,30,559.115419
90.11277,30,559.624667
571.323439,6,559.726418
815.592663,12,559.911445
-10.150471,30,560.418153
94.856442,30,560.926145
876.979192,15,561.16058
649.497896,21,561.498172
114.288457,30,561.973551
74.954554,30,562.428072
681.433916,22,562.776777
504.051023,8,562.90136
71.928864,30,563.375775
42.660031,30,564.163568
543.403279,13,564.511739
53.452271,30,565.106765
-14.922131,30,565.74051
531.257309,18,566.118028
52.999369,30,566.907924
588.565513,26,567.544815
87.219719,30,568.266199
-20.90516,30,568.91541
58.106103,30,569.541199
-38.690305,30,570.065157
723.929694,19,570.434562
-2.930708,30,571.131103
45.400877,30,571.763472
599.704914,13,571.965986
10.194207,30,572.504111
666.891286,23,572.912627
38.872624,30,573.49478
443.855157,20,573.878401
-37.860938,30,574.464219
603.220264,17,574.78671
-82.180096,30,575.369258
572.389483,12,575.575115
14.348632,30,576.06534
8.564972,30,576.66446
553.334009,20,577.061455
572.087856,12,577.301239
59.175012,30,577.840681
70.44352,30,578.303953
-43.710511,30,578.783023
91.447402,30,579.275275
36.757873,30,579.855247
572.558227,26,580.352501
22.473581,30,580.929327
556.014476,20,581.283734
464.949141,14,581.500639
717.650858,19,581.825581
105.492304,30,582.368667
59.588391,30,582.849452
-7.826214,30,583.358797
84.54568,30,583.987277
46.509451,30,584.496293
57.911085,30,584.987178
608.739662,25,585.404408
559.095326,9,585.539253
99.783053,30,586.047939
36.356669,30,586.609797
565.128429,14,586.859082
15.390266,30,587.419577
98.238602,30,587.939665
119.698532,30,588.43279
35.062201,30,588.942431
0.333435,30,589.403057
804.023403,18,589.709047
640.954832,7,589.82319
546.632613,3,589.869373
672.553507,30,590.333158
501.998255,16,590.603341
103.614705,30,591.115726
84.056908,30,591.62383
43.642959,30,592.140237
8.899999,30,592.689779
554.882129,7,592.803416
60.466422,30,593.30865
604.809346,21,593.62461
40.333682,30,594.119994
59.972281,30,594.640279
598.817891,4,594.713047
96.757466,30,595.201443
114.397039,30,595.686924
64.699518,30,596.185191
516.205084,9,596.340815
512.375444,8,596.460897
546.420704,11,596.632885
-39.527112,30,597.116798
569.65187,9,597.270279
577.52506,21,597.60324
62.845562,30,598.095119
109.81878,30,598.584468
22.121054,30,599.076125
540.220941,11,599.259577
497.261575,13,599.454403
57.843688,30,599.947467
-81.708961,30,600.470406
39.754071,30,600.99725
-103.485319,30,601.666164
542.853219,4,601.751216
519.583248,8,601.893729
498.618218,22,602.257779
90.829643,30,602.822942
82.336479,30,603.397185
552.8013,27,603.838202
829.821832,17,604.087866
528.759359,27,604.535662
64.7938,30,605.000449
130.18702,30,605.47776
-26.983238,30,605.942095
513.341437,13,606.164755
571.267311,12,606.428848
566.766934,27,607.002693
728.742281,22,607.528468
63.57778,30,608.113414
539.043217,19,608.500551
553.355799,5,608.575555
14.91585,30,609.033391
39.18968,30,609.492346
181.155928,30,609.994059
125.519026,30,610.503695
42.9543,30,610.98015
68.420431,30,611.438714
12.893676,30,611.876844
71.646681,30,612.339142
50.338581,30,612.789469
563.967152,16,613.02528
708.864623,26,613.420939
694.878042,12,613.59207
123.790632,30,614.049576
556.755893,9,614.201201
-1.699546,30,614.756216
70.762341,30,615.349426
40.044518,30,615.816486
694.345731,30,616.277986
584.477409,27,616.705408
13.527898,30,617.17393
594.430136,21,617.510417
-41.986353,30,618.008865
685.892575,13,618.207912
568.765328,11,618.37098
53.108467,30,618.820186
70.777304,30,619.266913
123.942688,30,619.708867
128.467429,30,620.163847
15.733933,30,620.650867
467.205939,29,621.09824
588.409619,11,621.274249
572.490225,20,621.568927
494.586145,24,621.933928
576.515617,18,622.231345
523.861388,8,622.357124
656.364748,28,622.79267
74.415598,30,623.280023
615.200925,6,623.397464
25.047917,30,623.869226
565.918565,17,624.137094
63.15014,30,624.610849
618.52883,26,625.022619
37.086786,30,625.516681
518.474642,6,625.61475
34.272775,30,626.09859
95.376499,30,626.614229
-49.328629,30,627.060888
70.085073,30,627.537345
54.750539,30,628.015451
589.388657,6,628.116276
583.127447,18,628.41778
611.211408,23,628.792403
610.342168,23,629.164128
517.636175,18,629.462735
633.076468,18,629.75033
584.075235,18,630.01965
42.575794,30,630.497299
44.87222,30,630.979404
789.2848,27,631.445635
62.860775,30,631.903148
599.892909,17,632.155456
575.33958,22,632.515324
582.172561,25,632.907785
102.273453,30,633.382847
102.572196,30,633.829848
48.073934,30,634.278987
548.231687,20,634.581593
646.983036,16,634.840634
46.392854,30,635.314465
551.989319,12,635.515185
620.318075,11,635.68667
546.106019,10,635.826362
547.820846,28,636.262296
708.330831,27,636.878269
679.128412,30,637.332319
504.307881,12,637.514372
53.843529,30,637.975766
611.41328,17,638.242621
-30.516543,30,638.750995
522.912563,8,638.87478
104.857113,30,639.365999
548.311354,25,639.790768
68.728754,30,640.276668
603.479819,29,640.729546
552.267382,11,640.88813
584.764921,7,640.991777
33.384187,30,641.462541
558.146732,13,641.660874
548.548301,23,642.005854
80.721618,30,642.477232
-10.57238,30,642.932089
73.791141,30,643.380134
4.614367,30,643.854107
113.433301,30,644.305824
513.126985,14,644.515388
32.239521,30,644.973
576.874996,27,645.392163
601.489586,29,645.841332
-5.25806,30,646.295359
541.236682,9,646.447207
78.904148,30,646.895673
34.991583,30,647.341606
532.691301,13,647.53589
56.24972,30,648.009044
-17.247027,30,648.501207
100.712231,30,648.951694
0.810514,30,649.39859
74.605426,30,649.85834
31.818791,30,650.335801
510.988972,8,650.472614
558.055517,8,650.595707
577.049254,13,650.788794
721.185032,30,651.230496
92.735464,30,651.701435
539.202172,4,651.76174
556.980164,27,652.181196
43.169841,30,652.635337
-35.012468,30,653.101664
59.347723,30,653.611144
68.564839,30,654.064642
42.854372,30,654.512703
469.036927,15,654.740315
582.414587,23,655.082294
40.28764,30,655.54211
116.111004,30,656.011126
516.276625,11,656.18861
586.704846,19,656.482538
613.284966,27,657.077035
109.979572,30,657.627255
77.29606,30,658.097936
122.062303,30,658.579305
-0.672135,30,659.074636
7.826006,30,659.525589
544.794111,29,659.958375
623.399162,16,660.200842
590.721572,28,660.616584
91.877656,30,661.093501
78.591128,30,661.560146
561.728094,8,661.686396
523.753499,9,661.819439
577.913865,19,662.376487
571.838704,10,662.539122
22.1183,30,663.003642
-9.71329,30,663.470304
85.838532,30,663.953301
496.26232,10,664.116565
79.757316,30,664.588508
474.464673,14,664.79744
24.028791,30,665.244861
563.777743,14,665.467047
535.855908,5,665.542585
540.511781,11,665.711702
512.982997,17,665.964006
504.649428,8,666.094186
608.266288,21,666.426892
21.03972,30,666.916022
46.092665,30,667.381573
560.920661,10,667.555905
35.124952,30,668.009178
85.354165,30,668.504276
11.625596,30,668.954609
40.270367,30,669.405452
125.473014,30,669.862053
472.83786,15,670.101828
-45.048041,30,670.779622
-0.604234,30,671.294453
542.204095,13,671.522148
607.910937,10,671.692152
513.869158,7,671.797422
123.921385,30,672.266651
-21.015795,30,672.729452
-34.074125,30,673.211044
23.914366,30,673.697299
-61.772165,30,674.183664
554.22017,20,674.514289
-42.192773,30,675.002916
38.511917,30,675.468179
29.317586,30,675.940124
-46.034405,30,676.409239
24.582567,30,676.878076
530.115594,20,677.200119
536.725452,5,677.285458
466.826848,22,677.670797
640.877112,30,678.190843
55.261132,30,678.692243
-89.531919,30,679.169526
561.780911,9,679.325154
17.583222,30,679.797645
494.6426,9,679.946129
-34.896403,30,680.433656
588.172807,10,680.592275
-43.152928,30,681.321009
534.736796,8,681.494081
552.934896,19,681.938381
589.184135,19,682.326608
21.78581,30,682.8709
525.214513,25,683.256409
64.683013,30,683.847644
582.710997,21,684.18847
108.973901,30,684.674134
-12.854349,30,685.136875
682.507919,19,685.451432
554.92214,19,685.75356
7.874329,30,686.21296
560.991502,11,686.381742
560.973834,19,686.688966
533.849964,10,686.85294
878.335209,21,687.223693
86.789659,30,687.745592
43.70658,30,688.246295
600.085692,23,688.620724
121.107192,30,689.078613
-21.988174,30,689.54575
56.585361,30,690.009188
574.679998,16,690.262143
517.545275,20,690.600606
51.806174,30,691.082154
89.870472,30,691.782918
110.797771,30,692.259781
68.895765,30,692.727737
-20.790591,30,693.201191
86.696424,30,693.693568
604.326126,25,694.081056
70.575151,30,694.536576
109.026859,30,694.996663
6.392152,30,695.456431
21.194904,30,695.941865
533.250251,7,696.046508
155.183447,30,696.53015
74.787194,30,697.046839
549.304364,10,697.209875
45.389887,30,697.664283
59.806126,30,698.115669
34.583286,30,698.592721
630.59484,28,699.036811
-15.614448,30,699.534543
63.938467,30,700.010024
86.733939,30,700.483882
708.773998,6,700.587201
586.94389,11,700.772314
626.368832,25,701.157515
37.522511,30,701.723891
620.88978,27,702.169082
18.47292,30,702.789058
-18.87415,30,703.251782
528.140722,5,703.324055
552.139698,10,703.483215
89.268474,30,703.950009
581.172593,27,704.369143
578.75906,5,704.463637
532.213662,24,704.852522
533.013967,5,704.928768
81.509078,30,705.420897
485.417423,18,705.712887
47.71687,30,706.170034
95.209836,30,706.709011
546.629475,12,706.906805
-31.549664,30,707.419657
11.301813,30,707.961997
572.663581,22,708.36433
69.504276,30,708.906579
605.049132,27,709.390701
34.112762,30,709.908576
599.124297,14,710.115036
56.666299,30,710.594297
18.77868,30,711.076715
112.878374,30,711.541697
16.490157,30,712.045353
47.60263,30,712.524218
54.846114,30,713.002484
80.785239,30,713.466157
535.372037,8,713.584
55.60085,30,714.040893
508.543703,7,714.147619
518.891707,6,714.257917
18.961271,30,714.731541
631.106338,30,715.162334
52.079762,30,715.651983
5.600393,30,716.117325
-23.450325,30,716.837816
-2.568126,30,717.309713
82.671699,30,717.784287
551.506902,20,718.094226
85.428348,30,718.579611
59.825112,30,719.069953
535.265018,21,719.405638
63.937138,30,719.866969
12.045947,30,720.326817
595.883147,19,720.602684
115.187907,30,721.076885
59.359443,30,721.537216
534.511527,17,721.812401
60.439703,30,722.296628
-21.382947,30,722.756066
528.191662,9,722.886996
84.299469,30,723.342571
708.298345,20,723.651511
688.767884,20,723.967538
81.474042,30,724.422962
29.429827,30,724.887207
572.789768,15,725.102959
63.620716,30,725.547737
476.136023,12,725.732709
92.704586,30,726.175452
526.250062,18,726.435744
546.282201,8,726.554815
21.284274,30,727.001315
549.880967,3,727.043587
572.74088,17,727.307322
542.717778,29,727.768639
595.869204,22,728.085485
562.501144,12,728.287336
505.303902,9,728.416416
93.118693,30,728.873797
569.304963,8,728.985824
611.680217,13,729.176254
32.260812,30,729.627558
54.866918,30,730.085077
694.537482,6,730.180574
30.612673,30,730.618037
583.136223,18,730.888719
619.015545,12,731.06069
63.120893,30,731.517423
50.621371,30,731.96541
107.317479,30,732.410302
513.18303,9,732.556283
531.815568,8,732.681072
522.812643,13,732.872438
499.761414,15,733.089443
19.129037,30,733.578542
508.116526,11,733.754386
105.792,30,734.202316
-19.66632,30,734.659665
33.932131,30,735.144282
-4.711243,30,735.60194
543.490709,17,735.869347
582.876341,20,736.190829
-42.160718,30,736.660657
566.097372,25,737.052491
8.054043,30,737.522664
28.499114,30,738.044134
535.508339,11,738.222108
-29.879041,30,738.684108
584.286586,27,739.084815
32.735793,30,739.531966
562.696233,19,739.815936
12.440536,30,740.265473
60.020767,30,740.721263
569.844289,29,741.168459
9.205016,30,741.625813
-19.465494,30,742.074299
40.705237,30,742.537523
554.43891,22,742.899533
92.998032,30,743.419382
567.566495,7,743.5318
-6.059247,30,743.987661
72.977766,30,744.471339
121.910376,30,744.980785
12.980368,30,745.474565
71.541931,30,745.951462
541.530915,3,746.004217
632.853009,22,746.365879
585.873893,20,746.667131
16.423616,30,747.126974
542.270462,25,747.541688
130.471098,30,748.008189
641.758304,20,748.323024
660.164418,30,748.813359
605.53803,17,749.085994
-6.540427,30,749.542274
563.620237,10,749.699551
562.245968,19,750.008323
55.992496,30,750.495325
573.527382,15,750.729886
545.209457,19,751.008749
4.500089,30,751.475268
67.804158,30,751.969404
19.566283,30,752.435698
67.569642,30,752.915764
64.439272,30,753.424119
26.342406,30,753.885023
45.505253,30,754.426327
135.895764,30,754.917072
55.379067,30,755.438606
-20.270711,30,755.959993
52.654789,30,756.673903
15.367473,30,757.167608
580.772439,12,757.388424
56.164015,30,757.913882
657.56077,30,758.430847
556.107277,10,758.617348
50.96275,30,759.079801
526.615439,23,759.443887
72.284825,30,759.903577
539.997517,24,760.260438
18.960759,30,760.682425
15.482062,30,761.126047
42.233999,30,761.568994
50.791563,30,761.999654
479.150201,15,762.225755
78.068635,30,762.681375
508.304515,21,762.975729
-54.408733,30,763.39865
-43.697134,30,763.829119
-29.102128,30,764.265875
555.036684,11,764.443043
109.927229,30,764.869323
554.114135,12,765.03838
55.595783,30,765.465158
587.942994,4,765.523251
125.081677,30,765.962043
67.115966,30,766.413976
658.630385,24,766.80932
527.620079,8,766.942612
90.830145,30,767.446851
561.701625,8,767.558049
655.921244,25,767.916718
36.218942,30,768.34993
68.547353,30,768.812644
585.852317,16,769.057114
584.713934,23,769.467924
531.58261,7,769.570962
76.295015,30,770.000568
-17.26709,30,770.443147
93.124441,30,770.869951
5.918695,30,771.325334
-8.75772,30,771.763417
-19.234273,30,772.198931
28.250457,30,772.614887
650.359797,27,773.00384
29.097107,30,773.45558
67.524846,30,773.89157
72.994912,30,774.3249
89.776934,30,774.749932
494.713554,27,775.143738
28.599967,30,775.583664
544.318222,12,775.776405
590.312576,11,775.938517
71.316656,30,776.389764
615.649308,10,776.526889
21.78076,30,776.960529
-13.599249,30,777.398175
557.425915,8,777.509801
44.513476,30,777.929423
105.689873,30,778.369004
67.561428,30,778.831897
523.983846,8,778.951782
508.56529,13,779.138389
-23.658532,30,779.567317
32.133318,30,780.000507
14.769684,30,780.426193
-13.624456,30,780.850323
91.080736,30,781.294291
553.811032,22,781.627601
587.128244,23,781.956886
518.415795,14,782.162802
602.488128,13,782.361863
606.582965,10,782.498711
15.793019,30,782.938471
671.973685,24,783.291106
97.603146,30,783.736357
574.597034,16,783.981988
518.903176,19,784.270188
529.319447,8,784.382684
110.106931,30,784.814142
539.179112,15,785.025998
98.863573,30,785.47506
-25.197566,30,785.922105
530.181524,18,786.17426
576.690426,29,786.601536
606.068074,26,786.991563
565.727945,24,787.362104
-5.375545,30,787.820887
525.109216,24,788.171965
41.029252,30,788.599721
572.604765,3,788.646431
-34.930812,30,789.067763
647.212528,30,789.530828
485.217082,11,789.691502
557.984134,10,789.83196
45.42595,30,790.270073
532.489751,17,790.511968
83.542896,30,790.948098
37.250905,30,791.384954
667.422654,11,791.540977
45.632234,30,791.985316
41.962155,30,792.424247
45.738663,30,792.867459
568.191828,23,793.201398
614.784795,14,793.419915
39.965427,30,793.849066
-24.380221,30,794.278282
748.061101,17,794.526949
523.311957,7,794.633558
25.018316,30,795.161521
869.345505,20,795.591666
-28.971208,30,796.019593
20.323298,30,796.459097
-35.13664,30,796.883863
99.956762,30,797.315867
550.67248,7,797.42278
71.261116,30,797.89052
548.746691,21,798.195367
49.574001,30,798.621255
57.5011,30,799.052126
76.408102,30,799.508823
16.95411,30,799.93269
611.838608,24,800.273635
580.723789,23,800.607765
578.549732,5,800.686732
-8.952622,30,801.109481
476.629115,15,801.32759
44.544338,30,801.752165
-12.38704,30,802.181731
76.363142,30,802.612611
117.971549,30,803.035837
-85.372879,30,803.479125
521.817696,10,803.686059
585.693907,26,804.125175
576.636784,9,804.264685
39.071578,30,804.797436
18.442176,30,805.234655
511.983187,8,805.345664
601.376092,12,805.517324
135.723464,30,805.933354
66.723156,30,806.380877
-4.978008,30,806.868844
-7.190552,30,807.297882
657.40645,19,807.560314
562.818832,13,807.75341
639.846184,9,807.876153
528.129851,8,807.989902
63.213839,30,808.434058
-9.398007,30,808.887177
40.951127,30,809.311754
618.179711,16,809.541736
2.36912,30,809.966579
675.721882,30,810.429201
65.453214,30,810.85632
67.809035,30,811.287563
-2.68298,30,811.742019
30.755741,30,812.191025
62.06198,30,812.62802
-67.187978,30,813.051936
543.46748,8,813.164521
730.507127,15,813.393275
91.354337,30,813.939892
-8.02689,30,814.384626
33.567428,30,814.815569
62.910289,30,815.247729
61.085319,30,815.661187
56.492077,30,816.096525
587.424146,25,816.468724
95.744587,30,816.914361
99.530264,30,817.37085
631.858286,24,817.73126
15.183027,30,818.154206
7.660865,30,818.611557
