#{"t_start": 1586204339.4255586, "env_id": "goalcontrol-v2"}
r,l,t
858.215536,7,21.035087
-1739.545093,30,21.085033
-1458.373116,30,21.135006
-1582.68512,30,21.190967
-1777.708071,30,25.043818
-1948.825459,30,25.415604
-1673.480473,30,25.80035
-396.374932,23,26.098211
-1367.416183,30,26.474971
-1052.13472,30,26.868767
-436.601836,30,27.271503
-259.595145,30,27.688294
-429.185362,30,28.114016
-130.378031,30,28.531778
-235.439625,30,28.983517
-109.577373,30,29.382318
-123.410459,30,29.763099
-90.903199,30,30.171841
-120.458807,30,30.605614
-88.040412,30,31.026371
-96.137936,30,31.434114
-95.261862,30,31.860861
-99.445152,30,32.26366
-117.38045,30,32.663407
-73.939762,30,33.050183
-104.89125,30,33.491922
-87.961401,30,33.877699
-86.371694,30,34.283473
-74.092637,30,34.691238
-92.301034,30,35.094028
-98.920705,30,35.496766
-94.692408,30,35.913557
-88.103763,30,36.294338
-74.932834,30,36.705077
-101.159313,30,37.083853
-105.595843,30,37.467661
-96.185889,30,37.860435
-63.524615,30,38.238217
-98.193045,30,38.613002
-90.828473,30,38.994758
-112.162433,30,39.370543
-93.930574,30,39.750346
-139.11967,30,40.125133
-112.388245,30,40.50791
-119.256362,30,40.888692
-107.319916,30,41.265474
-107.301961,30,41.679204
-104.201517,30,42.067013
-117.064484,30,42.478752
-87.813277,30,42.857558
-112.846431,30,43.253331
-113.679812,30,43.637108
-101.90157,30,44.01489
-121.268655,30,44.389674
-122.750823,30,44.769456
-103.953922,30,45.14324
-91.147347,30,45.522
-124.434898,30,45.908799
-103.674903,30,46.281562
-107.86312,30,46.661365
-104.67136,30,47.038119
-108.670492,30,47.417933
-86.75779,30,47.792714
-78.220004,30,48.181491
-74.891061,30,48.561271
-114.934895,30,48.939054
-76.517855,30,49.314838
-90.421262,30,49.700615
-108.091987,30,50.103375
-97.406427,30,50.524118
-112.479805,30,51.012835
-89.655871,30,51.419602
-91.200037,30,51.818394
-109.12769,30,52.238152
-90.616246,30,52.62993
-105.408363,30,53.030698
-101.896121,30,53.421472
-105.395471,30,53.82022
-95.436069,30,54.202
-104.046766,30,54.582803
-106.786325,30,54.985541
-125.314455,30,55.396337
-87.125959,30,55.838057
-117.519184,30,56.24882
-106.804891,30,56.766548
-93.726248,30,57.198264
-99.037981,30,57.635014
-92.264497,30,58.161718
-122.105906,30,58.620478
-76.860932,30,59.023245
-113.250025,30,59.432986
-141.496458,30,59.853767
-103.426669,30,60.246544
-85.337648,30,60.639283
-128.739549,30,61.02407
-75.837334,30,61.424862
-96.530364,30,61.802645
-88.119434,30,62.202391
-108.329304,30,62.615176
-92.914468,30,63.027915
-110.598687,30,63.403723
-98.86204,30,63.792476
-71.095376,30,64.170281
-96.985839,30,64.573025
-91.405578,30,64.956827
-109.540584,30,65.497484
-77.334796,30,65.920272
-107.282337,30,66.300054
-108.410667,30,66.682834
-128.964096,30,67.068611
-97.588297,30,67.451365
-89.218131,30,67.844165
-102.064547,30,68.273916
-113.117131,30,68.731654
-82.10196,30,69.182365
-116.305011,30,69.592133
-73.339751,30,69.978936
-110.27563,30,70.367203
-75.802325,30,70.740018
-106.919278,30,71.132792
-93.5344,30,71.51754
-118.076393,30,71.923337
-73.370924,30,72.311085
-84.065379,30,72.713881
-104.134458,30,73.092664
-104.779146,30,73.487436
-79.013136,30,73.889175
-72.746399,30,74.275982
-95.260233,30,74.671725
-99.57292,30,75.069526
-97.947375,30,75.506242
-126.799375,30,75.96401
-91.423245,30,76.406723
-70.683609,30,76.889444
-114.978843,30,77.316207
-86.156056,30,77.785941
-56.6326,30,78.247694
-117.347269,30,78.782355
-105.802155,30,79.269105
-110.626595,30,79.78278
-91.810305,30,80.245543
-93.654435,30,80.738259
-64.598985,30,81.253965
-75.886309,30,81.730659
-121.097222,30,82.234397
-105.400275,30,82.735078
-90.489517,30,83.188825
-84.45045,30,83.671547
-84.546269,30,84.154291
-132.990407,30,84.55806
-105.220069,30,84.93981
-96.95123,30,85.316622
-88.789212,30,85.697403
-89.394623,30,86.070189
-85.647588,30,86.44594
-128.657505,30,86.834747
-92.458782,30,87.207533
-77.901636,30,87.589314
-92.828972,30,87.962069
-112.534604,30,88.337882
-109.197744,30,88.711666
-101.42418,30,89.08845
-101.787748,30,89.495193
-105.868593,30,89.877995
-84.126787,30,90.253778
-125.407857,30,90.629563
-77.333651,30,90.997352
-71.325073,30,91.369137
-118.468493,30,91.754914
-108.000616,30,92.132696
-77.034772,30,92.514477
-101.675003,30,92.888261
-95.036442,30,93.261047
-83.039788,30,93.642803
-50.240286,30,94.063561
-114.983269,30,94.499334
-81.832624,30,94.927086
-93.863751,30,95.328826
-113.928018,30,95.711612
-56.151363,30,96.096414
-107.355663,30,96.474195
-110.19623,30,96.889924
-126.530012,30,97.277733
-102.40078,30,97.69949
-74.107907,30,98.091265
-92.192868,30,98.497999
-103.798713,30,98.935746
-112.360803,30,99.318527
-113.130474,30,99.720326
-111.759265,30,100.09611
-124.154813,30,100.468868
-135.101749,30,100.847677
-115.358037,30,101.215464
-92.670814,30,101.586251
-114.615471,30,101.991017
-111.680049,30,102.363774
-93.764871,30,102.747551
-66.7744,30,103.13336
-86.79588,30,103.508144
-112.184956,30,103.888895
-76.139064,30,104.257713
-69.664338,30,104.632496
-45.052663,30,105.003253
-96.388409,30,105.375069
-89.36621,30,105.745855
-125.215539,30,106.114643
-107.004943,30,106.48443
-113.712553,30,106.86621
-126.048621,30,107.234998
-80.542994,30,107.608752
-74.080216,30,107.977571
-61.414095,30,108.376309
-120.128161,30,108.762118
-112.80222,30,109.141898
-72.562699,30,109.52068
-109.396504,30,110.024391
-82.494334,30,110.417167
-111.804156,30,110.813935
-89.761205,30,111.185692
-122.16533,30,111.561505
-85.116625,30,111.948282
-81.780036,30,112.319069
-71.874157,30,112.692854
-100.488113,30,113.063639
-59.834747,30,113.4294
-90.152938,30,113.798217
-129.162317,30,114.166005
-108.878759,30,114.541789
-94.422733,30,114.920572
-96.378013,30,115.289328
-64.975438,30,115.664143
-55.978198,30,116.03293
-62.161848,30,116.401718
-82.802019,30,116.78047
-202.594212,30,117.149258
-96.275643,30,117.52507
-159.942807,30,117.896856
-114.254749,30,118.265644
-95.631872,30,118.642426
-197.51344,30,119.021208
-85.680131,30,119.388997
-74.509861,30,119.760782
-95.479515,30,120.128571
-103.503402,30,120.507352
-117.564742,30,120.895129
-113.36764,30,121.261918
-97.706314,30,121.634681
-101.486188,30,122.017483
-99.875961,30,122.38624
-126.91408,30,122.756058
-55.703251,30,123.121847
-88.245116,30,123.489605
-127.170205,30,123.866389
-82.476067,30,124.232207
-105.89142,30,124.601994
-90.817349,30,124.976749
-50.362893,30,125.348535
-90.327091,30,125.725347
-145.724085,30,126.094136
-74.062652,30,126.464895
-110.642908,30,126.847673
-115.257646,30,127.230448
-102.511998,30,127.634248
-103.583448,30,128.045011
-93.309343,30,128.472765
-128.47322,30,128.867507
-74.750149,30,129.267284
-99.980361,30,129.67907
-94.503906,30,130.085836
984.761519,8,130.192744
-139.045691,30,130.587546
-78.987627,30,130.999309
-79.298235,30,131.404071
-204.39039,30,131.79685
-323.894453,30,132.188626
-105.015345,30,132.61435
-69.939243,30,133.011119
-541.673559,30,133.416887
-62.686957,30,133.830679
-92.280416,30,134.233423
-186.235655,30,134.647185
-188.293095,30,135.040951
-118.375801,30,135.429757
-78.981498,30,135.802543
-313.03486,30,136.17233
-231.225624,30,136.540117
-68.569861,30,136.919899
-191.793371,30,137.290685
-222.3276,30,137.663471
-180.752555,30,138.031259
-12.338761,30,138.400047
-298.531573,30,138.780827
-97.021354,30,139.151613
-101.871784,30,139.523391
-19.660195,30,139.898185
-102.371344,30,140.270968
-78.238648,30,140.641725
-97.313338,30,141.010513
-179.783547,30,141.378331
-113.900444,30,141.755114
-88.017009,30,142.127899
-78.133326,30,142.501684
-53.606118,30,142.873469
-58.300815,30,143.25422
-61.940884,30,143.626036
-86.384593,30,144.012813
-77.181269,30,144.379572
-67.890161,30,144.766381
-70.870177,30,145.137136
-280.7839,30,145.506953
-231.46729,30,145.885735
-300.011468,30,146.255522
-213.056783,30,146.637302
-31.805683,30,147.010087
-67.68458,30,147.377877
-83.869873,30,147.759655
-110.281873,30,148.128414
-133.466874,30,148.496231
-176.102087,30,148.874995
-209.409986,30,149.247769
-71.172678,30,149.622584
-119.756087,30,149.99137
-90.726887,30,150.372151
-87.690146,30,150.749933
-73.130867,30,151.126687
-29.434925,30,151.498479
-76.528606,30,151.876284
-76.73759,30,152.248069
-131.745159,30,152.623824
-123.682311,30,152.991642
-63.630163,30,153.35843
-102.368835,30,153.737212
-120.843945,30,154.111
-84.060652,30,154.487781
-23.660008,30,154.87771
-46.324992,30,156.107768
-51.564872,30,156.486573
-65.913732,30,156.887342
-104.510701,30,157.266101
-106.953289,30,157.64888
-104.969345,30,158.031682
-28.410726,30,158.407466
-72.111185,30,158.808213
-86.464138,30,159.201985
-90.958681,30,159.608742
-100.699782,30,160.003547
-96.646907,30,160.415309
-114.155431,30,160.815079
-78.889083,30,161.258826
-59.770469,30,161.66359
-73.217535,30,162.040351
-78.511187,30,162.433149
-66.691383,30,162.818925
-72.492482,30,163.199706
-70.58115,30,163.578487
-64.361323,30,163.976235
-75.131784,30,164.359015
-58.532202,30,164.762773
-9.627599,30,165.157579
-93.544427,30,165.568344
-88.274658,30,165.964113
-78.567463,30,166.345893
-110.144073,30,166.755635
-128.459982,30,167.168507
-58.656972,30,167.565309
-90.235051,30,167.942091
-99.260296,30,168.329845
-74.78372,30,168.755593
-84.778367,30,169.139372
-66.643335,30,169.520182
-103.305359,30,169.909929
-93.714182,30,170.30473
-48.92753,30,170.701502
-90.984113,30,171.073288
-57.347121,30,171.456067
-39.52245,30,171.841816
-78.102263,30,172.235588
-64.177203,30,172.658348
-74.633004,30,173.06511
-75.199184,30,173.495867
-55.691785,30,173.899661
-84.365475,30,174.295431
-83.894971,30,174.677179
-90.439239,30,175.105965
-45.042556,30,175.514706
-75.146077,30,175.924494
-82.869159,30,176.297279
-87.141811,30,176.684059
-65.614717,30,177.070803
-75.578869,30,177.444588
-106.746809,30,177.817403
-60.449105,30,178.215142
-83.638076,30,178.632911
-69.708917,30,179.031674
-60.537378,30,179.399492
-69.55491,30,179.779243
-94.751004,30,180.156057
-133.399392,30,180.538813
-70.810823,30,180.93158
-66.846972,30,181.333355
-69.438146,30,181.769098
-99.758925,30,182.209767
-74.93499,30,182.584518
-72.530794,30,182.980321
-50.310076,30,183.353076
-53.784571,30,183.728867
-61.348962,30,184.103674
-56.045434,30,184.473461
-85.222063,30,184.870699
-61.736455,30,185.240516
-67.092578,30,185.610302
-57.562472,30,185.98109
-64.410217,30,186.348878
-85.733814,30,186.722662
-58.913627,30,187.103443
-79.674222,30,187.486222
-105.072993,30,187.886963
-71.19121,30,188.259754
-34.108036,30,188.641527
-52.50911,30,189.018311
-98.844973,30,189.394094
-87.758503,30,189.787897
-51.097244,30,190.168677
-122.225184,30,190.545438
-78.368314,30,191.011192
-61.743461,30,191.401938
-40.411969,30,191.786745
-35.732853,30,192.191482
-61.927187,30,192.564268
-82.923746,30,192.960038
-72.22876,30,193.398794
-69.752865,30,193.782595
-67.7232,30,194.15835
-36.811421,30,194.533165
-59.987789,30,194.90392
-63.632684,30,195.276735
-45.166084,30,195.648521
-72.862464,30,196.027303
-99.3063,30,196.401087
-73.92923,30,196.774872
-92.841876,30,197.148626
-106.65944,30,197.520414
-58.855035,30,197.921189
-72.47204,30,198.337973
-66.903111,30,198.714757
-57.770506,30,199.082543
-43.532611,30,199.453331
-43.766496,30,199.835079
-28.146964,30,200.221887
-41.110078,30,200.609634
-65.298329,30,200.985417
-97.560159,30,201.371226
-60.243873,30,201.756972
-80.184769,30,202.150746
-27.455706,30,202.534554
-72.41484,30,202.950285
-50.534196,30,203.332095
-68.51518,30,203.761818
-56.671779,30,204.167613
-89.197771,30,204.535402
-70.917981,30,204.914186
-56.557455,30,205.282972
-42.030277,30,205.655757
-56.249982,30,206.030541
-39.365965,30,206.410322
-42.96255,30,206.79109
-57.114311,30,207.170884
-77.55755,30,207.554634
-76.226979,30,207.943439
-71.43238,30,208.332215
-73.294138,30,208.716993
-69.6618,30,209.098744
-36.13326,30,209.482553
-68.898423,30,209.866331
-80.014073,30,210.262074
-43.356455,30,210.650857
-116.158344,30,211.051619
-77.797326,30,211.433429
-73.509496,30,211.81321
-76.021437,30,212.201986
-43.058492,30,212.569745
-71.165277,30,212.953553
-88.615953,30,213.326339
-65.536768,30,213.705121
-92.115334,30,214.085901
-73.928347,30,214.460662
-55.247438,30,214.868116
-84.683794,30,215.2469
-71.659364,30,215.635674
-99.145962,30,216.016426
-104.701438,30,216.394237
-50.011992,30,216.781987
-74.720363,30,217.163794
-99.687541,30,217.558535
-68.337709,30,217.961335
-111.344141,30,218.343114
-42.897461,30,218.715877
-56.955019,30,219.102678
-75.711461,30,219.490431
-58.839109,30,219.882206
-77.059712,30,220.257989
-66.593458,30,220.636794
-98.66958,30,221.014552
-82.75621,30,221.401355
-59.758371,30,221.792105
-84.732034,30,222.18388
-44.148855,30,222.559686
-53.182541,30,222.948463
-75.699185,30,223.32922
-55.385427,30,223.709024
-84.24493,30,224.088805
-71.461833,30,224.473584
-45.627603,30,224.881326
-41.253093,30,225.269125
-63.793066,30,225.661901
-67.608889,30,226.037067
-43.011255,30,226.418098
-60.977473,30,226.818075
-61.868906,30,227.204895
-60.920303,30,227.59105
-53.998879,30,227.977102
-68.562956,30,228.3649
-55.465269,30,228.764082
-48.153859,30,229.151901
-76.42251,30,229.539721
-51.033285,30,229.935495
-78.614483,30,230.319275
-46.688542,30,230.722046
-33.72275,30,231.122811
-112.540526,30,231.510174
-40.667889,30,231.895954
-63.879483,30,232.275735
-60.892808,30,232.657562
-64.289504,30,233.046756
-57.381711,30,233.424911
-63.464224,30,233.808669
-30.79368,30,234.198307
-53.400516,30,234.588082
-51.223676,30,234.970862
-53.494947,30,235.360637
-78.060001,30,235.748414
-52.355821,30,236.121199
-60.658684,30,236.494984
-43.556759,30,236.876767
-59.129413,30,237.251548
-73.318731,30,237.632329
-66.26146,30,238.027165
-74.980566,30,238.401949
-50.362012,30,238.774705
-49.666197,30,239.14552
-62.414939,30,239.517306
-39.58085,30,239.89309
-79.314162,30,240.27487
-67.845476,30,240.708593
-75.151087,30,241.120354
-87.784993,30,241.519153
-67.956941,30,241.901933
-48.70897,30,242.285682
-68.184452,30,242.670491
-81.8255,30,243.058237
-69.957597,30,243.428055
-54.004071,30,243.805806
-52.556613,30,244.2156
-47.539775,30,244.648338
-40.830831,30,245.097091
-71.533857,30,245.505834
-60.073711,30,245.938608
-64.748045,30,246.363364
-75.005231,30,246.810075
-65.088234,30,247.215841
-59.365386,30,247.616611
-64.63925,30,248.031373
-96.781558,30,248.459136
-56.758056,30,248.967841
-49.964064,30,249.411584
-61.98452,30,249.836334
-67.158065,30,250.253098
-57.762399,30,250.715825
-57.843941,30,251.173581
-48.116868,30,251.603345
-45.523122,30,252.025103
-48.193193,30,252.425872
-58.478251,30,252.868594
-65.203353,30,253.308334
-72.070195,30,253.718127
-53.313947,30,254.107874
-67.180857,30,254.486655
-39.085248,30,254.874432
-53.426053,30,255.253243
-44.981366,30,255.651984
-84.719237,30,256.029795
-41.713676,30,256.40455
-59.301381,30,256.80432
-88.140905,30,257.18613
-72.420663,30,257.575874
-66.099366,30,257.986637
-64.411725,30,258.517331
-51.043438,30,259.038032
-70.565365,30,259.483776
-45.881021,30,259.869553
-46.039577,30,260.269353
-68.031683,30,260.662127
-61.434963,30,261.059898
-52.56952,30,261.451673
-42.000663,30,261.841418
-55.535862,30,262.231224
-65.110238,30,262.627995
-51.905688,30,263.055719
-57.662758,30,263.432502
-71.259254,30,263.807316
-59.854225,30,264.178072
-51.925794,30,264.555884
-53.712615,30,264.939633
-58.630851,30,265.313448
-56.28819,30,265.688234
-50.617797,30,266.066015
-64.220012,30,266.449794
-51.387584,30,266.926496
-63.384648,30,267.402213
-62.133655,30,267.936936
-67.847918,30,268.430653
-47.19575,30,268.856377
-56.468128,30,269.245184
-48.838158,30,269.637928
-52.177627,30,270.051695
-75.329754,30,270.468448
-24.595813,30,270.84826
-69.331148,30,271.221017
-70.816706,30,271.602796
-39.465562,30,271.97661
-43.757304,30,272.347396
-53.28159,30,272.729176
-73.05494,30,273.102961
-45.84379,30,273.496993
-63.544373,30,273.876773
-59.556709,30,274.260552
-55.412851,30,274.641332
-53.157503,30,275.024113
-57.248708,30,275.401894
-28.75276,30,275.790671
-62.066032,30,276.169452
-60.335716,30,276.549203
-53.706857,30,276.93099
-55.406604,30,277.306798
-64.394109,30,277.722557
-49.082887,30,278.118307
-49.246351,30,278.614014
-49.929679,30,279.066783
-40.983548,30,279.486543
-57.262914,30,279.940258
-57.999576,30,280.320062
-48.826151,30,280.706815
-36.303533,30,281.08662
-65.597448,30,281.462403
-57.792546,30,281.846182
-64.20293,30,282.243922
-53.858507,30,282.670685
-87.510579,30,283.051464
-43.89437,30,283.43127
-47.52308,30,283.822021
-55.933725,30,284.200826
-39.526894,30,284.583606
-48.231845,30,284.970383
-48.682991,30,285.352163
-46.686847,30,285.737941
-19.82873,30,286.11972
-38.729257,30,286.492508
-77.336361,30,286.877262
-47.949121,30,287.689794
-29.046894,30,288.074595
-57.014384,30,288.46927
-80.592528,30,288.895023
-60.43381,30,289.336775
-84.334339,30,289.790539
-47.822803,30,290.195276
-41.811258,30,290.610067
-35.037348,30,290.994845
-39.278858,30,291.400611
-50.677944,30,291.783391
-39.017652,30,292.163139
-42.737686,30,292.540954
-44.709202,30,292.923733
-56.309367,30,293.303515
-61.711921,30,293.685295
-34.699363,30,294.063077
-163.716574,30,294.446856
-55.083131,30,294.838607
-51.967708,30,295.22241
-61.166646,30,295.603194
-45.304031,30,295.981972
-41.555658,30,296.360754
-48.072126,30,296.745533
-55.925357,30,297.125314
-52.729364,30,297.506094
-38.914064,30,297.890873
-27.934726,30,298.275652
-66.872594,30,298.664395
-62.202346,30,299.042186
-95.542514,30,299.421993
-80.086393,30,299.80477
-163.623853,30,300.184528
-150.963816,30,300.565332
-61.579661,30,300.964102
-43.647005,30,301.345885
-39.360042,30,301.730639
-63.242986,30,302.107444
-37.335888,30,302.489224
-76.758617,30,302.881997
-36.690219,30,303.257781
-32.653593,30,303.643559
-47.51809,30,304.018345
-60.584346,30,304.398101
-71.011056,30,304.789899
-66.311619,30,305.171657
-58.45599,30,305.55146
-49.328365,30,305.930242
-53.816394,30,306.306027
-52.327904,30,306.687805
-33.340349,30,307.076559
-51.072876,30,307.451366
-38.988922,30,307.835145
-41.37439,30,308.213927
-33.629379,30,308.598673
-38.957992,30,308.983484
-51.565037,30,309.37026
-69.496357,30,309.751019
-40.596337,30,310.1278
-48.930188,30,310.505607
-42.632304,30,310.904377
-45.530849,30,311.283159
-46.226038,30,311.660942
-42.938943,30,312.042698
-38.598589,30,312.423502
-44.252192,30,312.807281
-71.30189,30,313.184041
-53.235072,30,313.566844
-50.644177,30,313.949623
-52.301117,30,314.326406
-49.669741,30,314.701164
-57.936309,30,315.096962
-47.978377,30,315.488704
-49.406317,30,315.901499
-51.36405,30,316.300246
-65.171488,30,316.703012
-32.428493,30,317.130765
-63.596028,30,317.518542
-54.897568,30,317.927309
-35.764444,30,318.310111
-57.836114,30,318.69489
-30.662436,30,319.066676
-46.554379,30,319.449431
-41.351331,30,319.837232
-40.585307,30,320.212992
-54.454739,30,320.593798
-44.424077,30,320.975578
-48.272692,30,321.35236
-27.865773,30,321.737137
-67.584359,30,322.127913
-45.42847,30,322.503695
-63.065898,30,322.883445
-37.75222,30,323.260261
-29.08129,30,323.641042
-51.633921,30,324.025797
-37.536728,30,324.403578
-46.250258,30,324.786381
-42.798308,30,325.163164
-43.240921,30,325.539924
-55.825532,30,325.945714
-28.861664,30,326.325472
-36.947207,30,326.701278
-36.46183,30,327.073064
-35.271963,30,327.455843
-27.978155,30,327.844619
-68.308265,30,328.220407
-36.690379,30,328.600184
-50.346066,30,328.981941
-54.002921,30,329.358747
-18.591233,30,329.737529
-46.288454,30,330.115312
-44.392775,30,330.496092
-44.142747,30,330.88087
-43.804892,30,331.26365
-38.693481,30,331.646407
-54.840851,30,332.042206
-71.113569,30,332.418962
-38.786097,30,332.799765
-58.778794,30,333.181545
-48.568854,30,333.560328
-28.057599,30,333.942085
-57.511231,30,334.319889
-50.113123,30,334.704646
-52.458185,30,335.086425
-73.161342,30,335.463201
-43.777326,30,335.858005
-44.644724,30,336.237785
-50.544066,30,336.622563
-55.734332,30,337.00432
-47.145389,30,337.381103
-50.005848,30,337.761884
-45.403709,30,338.139689
-32.552044,30,338.524468
-46.935132,30,338.908246
-44.009295,30,339.28403
-155.449908,30,339.661813
-41.71543,30,340.040595
-51.879285,30,340.415381
-46.93799,30,340.803133
-38.458199,30,341.181914
-38.132607,30,341.558697
-33.109379,30,341.9425
-49.177127,30,342.327277
-39.463054,30,342.713024
-40.018838,30,343.091837
-39.554989,30,343.46862
-65.288844,30,343.847379
-40.316549,30,344.230182
-37.814671,30,344.604936
-36.765303,30,344.987747
-46.221043,30,345.364527
-42.874944,30,345.74231
-55.116212,30,346.121092
-46.656249,30,346.495876
-23.176187,30,346.877656
-59.432904,30,347.252418
-54.011178,30,347.633198
-35.497361,30,348.013004
-46.117253,30,348.391784
-34.452551,30,348.770566
-43.286991,30,349.148348
-45.1689,30,349.530128
-53.590062,30,349.916906
-31.904948,30,350.293689
-40.013802,30,350.67347
-46.004005,30,351.051253
-28.012254,30,351.428035
-60.609759,30,351.821786
-36.158903,30,352.202589
-43.843998,30,352.588345
-34.366214,30,352.968148
-25.409788,30,353.34693
-45.918348,30,353.727688
-60.250609,30,354.102494
-55.572957,30,354.480247
-52.426839,30,354.877048
-50.485208,30,355.254831
-42.960976,30,355.630591
-42.02745,30,356.012394
-47.770078,30,356.391176
-53.442416,30,356.777954
-39.080084,30,357.156735
-40.9911,30,357.534518
-45.631585,30,357.921295
-24.301687,30,358.296079
-39.861165,30,358.67686
-45.748192,30,359.063637
-45.830638,30,359.438421
-52.263617,30,359.817206
-45.96137,30,360.197961
-47.26658,30,360.58573
-26.58972,30,360.975513
-46.629337,30,361.355294
-59.138263,30,361.742093
-53.246065,30,362.116878
-64.569289,30,362.49466
-60.285636,30,362.87844
-70.784124,30,363.257221
-41.522109,30,363.647998
-47.658388,30,364.033774
-45.093848,30,364.410557
-39.820855,30,364.791308
-64.476734,30,365.169121
-45.706367,30,365.555876
-56.335691,30,365.944674
-39.972485,30,366.321457
-56.32512,30,366.701216
-27.299718,30,367.08002
-46.403651,30,367.457802
-40.099023,30,367.844557
-45.40787,30,368.230357
-40.572759,30,368.626106
-53.81546,30,369.015881
-33.535231,30,369.388667
-28.450021,30,369.777466
-35.360873,30,370.158247
-47.091141,30,370.534031
-52.825135,30,370.934776
-50.847142,30,371.320555
-43.173078,30,371.717325
-34.032158,30,372.094109
-42.367424,30,372.471914
-45.456962,30,372.859691
-39.932464,30,373.241471
-40.710992,30,373.616256
-30.88941,30,373.997036
-51.432298,30,374.375819
-50.290478,30,374.763572
-38.77797,30,375.144374
-50.732059,30,375.521135
-43.227203,30,375.904913
-43.215803,30,376.284719
-48.740788,30,376.6645
-51.971732,30,377.052275
-62.66095,30,377.430035
-46.864822,30,377.811816
-61.614786,30,378.19262
-45.906476,30,378.569402
-43.96716,30,378.947185
-52.253703,30,379.323967
-50.044857,30,379.710745
-32.563371,30,380.089503
-44.263569,30,380.473306
-44.835455,30,380.863058
-48.021382,30,381.242862
-54.581785,30,381.618645
-49.047646,30,382.005423
-47.380712,30,382.381206
-36.119624,30,382.755991
-35.676213,30,383.131774
-30.526665,30,383.507558
-24.906364,30,383.891337
-36.892207,30,384.271117
-63.535495,30,384.651876
-48.401952,30,385.038675
-28.050896,30,385.427453
-41.858642,30,385.809232
-30.638139,30,386.188015
-54.876746,30,386.567794
-55.044927,30,386.95255
-45.024517,30,387.325359
-66.389081,30,387.708138
-44.777687,30,388.086898
-54.449312,30,388.467703
-43.010098,30,388.862473
-59.059491,30,389.242254
-41.495403,30,389.633007
-41.919018,30,390.022783
-68.350105,30,390.40756
-43.016641,30,390.797358
-46.461958,30,391.176141
-158.398375,30,391.55792
-46.446213,30,391.93568
-41.442007,30,392.308489
-39.824258,30,392.695241
-53.649908,30,393.102034
-45.644499,30,393.488808
-37.744481,30,393.901547
-27.926333,30,394.299342
-49.772462,30,394.702085
-40.426937,30,395.105854
-34.623599,30,395.489626
-45.087282,30,395.889428
-50.050264,30,396.286172
-42.984636,30,396.675974
-38.61707,30,397.058728
-50.257254,30,397.437534
-47.697722,30,397.815316
-42.090693,30,398.196065
-37.50848,30,398.571858
-41.7013,30,398.953662
-28.81666,30,399.340438
-31.554904,30,399.725193
-38.314556,30,400.104998
-54.241468,30,400.483779
-33.571495,30,400.86456
-50.169722,30,401.238322
-45.295249,30,401.614128
-45.466895,30,402.002881
-35.101277,30,402.385684
-41.919758,30,402.768437
-39.965924,30,403.150243
-53.079459,30,403.528026
-39.854198,30,403.910782
-51.356115,30,404.316571
-28.232474,30,404.763314
-48.663892,30,405.142097
-32.886628,30,405.53587
-48.682715,30,405.938612
-46.575222,30,406.359395
-45.483904,30,406.752141
-44.042893,30,407.144943
-44.70304,30,407.54871
-40.561879,30,408.039396
-45.102969,30,408.424205
-54.626804,30,408.865951
-53.808495,30,409.265697
-53.97914,30,409.646472
-77.381753,30,410.045271
-44.584107,30,410.486987
-69.056167,30,410.993695
-27.752369,30,411.441467
-49.284116,30,411.926158
-41.96839,30,412.388898
-42.38059,30,412.792689
-35.622932,30,413.189438
-40.97579,30,413.638202
-73.0271,30,414.063934
-49.494702,30,414.456698
-35.643556,30,414.854502
-44.109646,30,415.30824
-63.069941,30,415.742965
-42.563074,30,416.15972
-44.94021,30,416.92331
-38.786073,30,417.304068
-41.375229,30,417.727822
-48.037196,30,418.212538
-48.840847,30,418.686265
-27.213884,30,419.172985
-27.531479,30,419.616759
-45.682981,30,420.120468
-54.683869,30,420.557186
-33.590008,30,421.141857
-161.885483,30,421.582602
-35.148861,30,421.990369
-32.000665,30,422.388162
-35.61894,30,422.770941
-28.679953,30,423.173711
-67.180288,30,423.559455
-48.172938,30,423.959258
-55.026113,30,424.343038
-46.030591,30,424.759771
-40.144709,30,425.210507
-53.758618,30,425.680235
-45.380676,30,426.166953
-53.647513,30,426.594739
-33.002449,30,427.00947
-40.711277,30,427.559153
-41.525945,30,428.180794
-38.017701,30,428.720482
-32.274625,30,429.052315
-18.838255,30,429.361143
-45.647129,30,429.761885
-26.567959,30,430.289588
-29.857342,30,430.724336
-24.139462,30,431.132126
-59.363444,30,431.56985
-45.529194,30,432.087552
-47.270065,30,432.568299
-43.068373,30,432.999051
-34.689852,30,433.406815
-35.066863,30,433.802588
-54.789463,30,434.190342
-38.261903,30,434.597099
-28.370711,30,435.001897
-46.554252,30,435.425622
-61.653355,30,435.838392
-41.027768,30,436.213176
-40.793873,30,436.624933
-35.41414,30,437.072704
-27.9828,30,437.467446
-42.724564,30,437.915219
-48.372298,30,438.340942
-49.74282,30,438.826663
-36.409979,30,439.210475
-49.218233,30,439.587232
-36.04271,30,440.022107
-42.901837,30,440.425881
-69.198048,30,440.817678
-45.531036,30,441.237437
-44.478463,30,441.653174
-40.295951,30,442.034954
-50.486623,30,442.41176
-40.039676,30,442.79654
-42.589866,30,443.173298
-32.091334,30,443.553102
-43.845455,30,443.942879
-50.171838,30,444.3846
-59.84511,30,444.851323
-41.538579,30,445.321084
-41.976764,30,445.700836
-52.833125,30,446.077649
-41.800372,30,446.450434
-32.307502,30,446.836212
-42.862524,30,447.232985
-38.800739,30,447.644748
-58.478722,30,448.065472
-44.229018,30,448.513222
-41.617334,30,448.963987
-39.839741,30,449.364727
-36.777806,30,449.770491
-52.647108,30,450.214265
-54.457632,30,450.615034
-43.013404,30,451.001813
-32.211914,30,451.377597
-37.945579,30,451.774369
-23.394672,30,452.161121
-41.920001,30,452.552919
-26.118477,30,452.938698
-38.758446,30,453.326451
-50.05702,30,453.717226
-39.232802,30,454.119993
-37.988382,30,454.502796
-44.866007,30,454.899567
-41.234251,30,455.285322
-43.685905,30,455.692088
-45.683836,30,456.090852
-30.422785,30,456.479658
-62.228432,30,456.876406
-51.592849,30,457.261208
-33.855603,30,457.638967
-45.830921,30,458.026743
-45.805402,30,458.407548
-45.91913,30,458.815288
-48.548299,30,459.223077
-55.012212,30,459.603835
-41.016719,30,459.982639
-36.778846,30,460.363421
-38.967378,30,460.753165
-46.181557,30,461.135976
-42.379325,30,461.516756
-40.479746,30,461.894538
-53.330542,30,462.266302
-49.869612,30,462.651103
-55.496516,30,463.034859
-52.32422,30,463.415663
-35.968247,30,463.80144
-35.930062,30,464.184219
-30.976895,30,464.562979
-43.90323,30,464.949778
-33.803799,30,465.326562
-55.617792,30,465.713339
-45.280925,30,466.090121
-45.09103,30,466.465907
-48.740671,30,466.866677
-38.045429,30,467.269422
-42.803569,30,467.652222
-41.676681,30,468.03198
-57.976425,30,468.406788
-41.789152,30,468.791566
-45.098532,30,469.168351
-42.975201,30,469.549132
-32.409097,30,469.932908
-45.527428,30,470.331655
-29.657269,30,470.730448
-29.041623,30,471.134429
-37.855561,30,471.515177
-37.466491,30,471.892962
-33.531593,30,472.272773
-41.031987,30,472.653554
-44.31488,30,473.025339
-48.438473,30,473.404122
-54.619975,30,473.798894
-35.073813,30,474.181652
-28.782895,30,474.580006
-27.644832,30,474.98324
-43.653099,30,475.374516
-46.701683,30,475.76426
-50.335143,30,476.144072
-53.151844,30,476.535302
-51.979992,30,476.928262
-34.980472,30,477.308132
-38.598634,30,477.703924
-39.81269,30,478.101767
-30.261505,30,478.489799
-33.925751,30,478.869927
-27.953207,30,479.257351
-39.800836,30,479.648142
-33.533496,30,480.039995
-44.099986,30,480.417089
-37.292029,30,480.811926
-43.651316,30,481.206061
-40.095661,30,481.617829
-34.86413,30,482.022788
-36.156086,30,482.417849
-43.569989,30,482.833616
-34.460147,30,483.23338
-35.748891,30,483.622147
-37.308985,30,484.004941
-44.406884,30,484.3987
-37.909767,30,484.803468
-27.488176,30,485.193273
-31.201355,30,485.603006
-34.636853,30,485.976822
-43.104211,30,486.349607
-34.314905,30,486.72639
-41.736551,30,487.097176
-41.805786,30,487.488949
-45.178157,30,487.863762
-33.351956,30,488.236547
-42.977278,30,488.616331
-37.311997,30,488.999108
-40.096683,30,489.369895
-51.182195,30,489.745677
-41.743306,30,490.115464
-35.780163,30,490.489249
-25.981294,30,490.879025
-51.409829,30,491.250811
-27.070556,30,491.625595
-28.657312,30,492.001379
-42.654246,30,492.370166
-34.129645,30,492.746949
-34.51422,30,493.116736
-32.325447,30,493.486523
-35.700775,30,493.85831
-48.1255,30,494.226097
-42.689442,30,494.599859
-39.446569,30,494.979663
-35.344989,30,495.348421
-32.40566,30,495.724234
-37.845749,30,496.092022
-45.657619,30,496.462809
-47.77454,30,496.841562
-38.933392,30,497.210378
-44.115043,30,497.577137
-36.679011,30,497.949923
-44.238312,30,498.321738
-37.037689,30,498.695492
-29.92351,30,499.071309
-34.646866,30,499.449089
-48.831591,30,499.821874
-33.540516,30,500.19166
-44.000207,30,500.560448
-40.813257,30,500.939202
-37.048351,30,501.308018
-42.986669,30,501.676806
-39.489418,30,502.052589
-38.093044,30,502.424351
-54.055871,30,502.807123
-54.119599,30,503.17894
-26.720868,30,503.54573
-36.192749,30,503.917516
-33.789072,30,504.286304
-26.200619,30,504.661086
-49.451702,30,505.040839
-40.04424,30,505.413653
-41.088396,30,505.78444
-56.191135,30,506.155226
-35.968867,30,506.524013
-36.378169,30,506.908792
-32.671927,30,507.27755
-40.950794,30,507.656361
-42.822504,30,508.047113
-48.878583,30,508.436888
-38.664979,30,508.831685
-39.064742,30,509.218939
-33.006548,30,509.618101
-29.69406,30,510.021859
-45.522275,30,510.42118
-44.367105,30,510.797967
-33.315133,30,511.185062
-64.127612,30,511.570855
-41.677747,30,511.980621
-46.681451,30,512.385076
-42.461774,30,512.790923
-24.744472,30,513.196912
-47.092311,30,513.595688
-49.486826,30,513.996721
-48.173702,30,514.404514
-65.837726,30,514.81031
-29.594235,30,515.196065
-31.714935,30,515.586833
-35.596822,30,515.993629
-46.26929,30,516.389372
-37.351308,30,516.788173
-45.352851,30,517.175948
-33.67893,30,517.572719
-48.265364,30,517.984459
-31.120256,30,518.378231
-54.963466,30,518.794015
-43.146926,30,519.18277
-44.063616,30,519.591556
-46.851377,30,519.9853
-37.431999,30,520.377087
-28.965475,30,520.794844
-29.815609,30,521.191742
-45.223067,30,521.588764
-12.08489,30,521.991534
-35.280115,30,522.387715
-40.865258,30,522.770714
-32.617754,30,523.173484
-44.616605,30,523.591048
-50.85117,30,524.013593
-41.322101,30,524.418034
-46.26969,30,524.837259
-57.77582,30,525.230142
-34.361498,30,525.615632
-36.432929,30,526.010959
-31.126556,30,526.397285
-45.114898,30,526.788499
-39.005391,30,527.205294
-43.723726,30,527.622049
-40.276667,30,528.055279
-41.306934,30,528.477825
-42.443743,30,528.888007
-43.651569,30,529.303977
-35.092753,30,529.733104
-35.103016,30,530.153141
-32.674373,30,530.55427
-48.517331,30,530.957855
-45.650867,30,531.357331
-143.592814,30,531.78728
-34.45281,30,532.168664
-38.771367,30,532.546724
-44.286842,30,532.941257
-39.390949,30,533.312262
-45.743976,30,533.683047
-33.977205,30,534.057832
-41.137271,30,534.426597
-36.144259,30,534.803402
-48.878534,30,535.171191
-31.10973,30,535.541977
-31.321222,30,535.91876
-31.991165,30,536.290546
-45.498541,30,536.659333
-35.579195,30,537.032119
-34.977475,30,537.400906
-43.802281,30,537.779689
-40.312773,30,538.150475
-28.586235,30,538.526261
-27.844468,30,538.897044
-34.2787,30,539.263834
-72.913417,30,539.640587
-49.37203,30,540.017399
-51.304377,30,540.387156
-52.36983,30,540.767967
-46.815485,30,541.139723
-51.117708,30,541.528512
-46.907485,30,541.909309
-35.556338,30,542.318074
-27.61605,30,542.743799
-48.152332,30,543.149566
-39.281238,30,543.556328
-46.726125,30,543.983083
-49.809921,30,544.427831
-44.788454,30,544.826629
-50.888152,30,545.229364
-52.684359,30,545.636163
-41.62659,30,546.101893
-47.589489,30,546.483643
-38.12663,30,546.865455
-48.142171,30,547.334184
-45.204905,30,547.711935
-34.637957,30,548.204651
-34.856892,30,548.66039
-27.898178,30,549.049166
-47.022247,30,549.501935
-34.388506,30,550.258469
-72.386596,30,550.645278
-45.851024,30,551.241905
-21.779539,30,551.828564
-52.419865,30,552.317283
-58.991378,30,552.77205
-32.296896,30,553.130819
-45.111795,30,553.52262
-32.716106,30,553.918392
-39.042516,30,554.304141
-39.632715,30,554.687949
-50.124423,30,555.06973
-29.916632,30,555.45151
-45.45202,30,555.840256
-39.599193,30,556.225065
-44.52095,30,556.618809
-33.728352,30,557.052556
-34.78131,30,557.524284
-38.571372,30,558.095963
-28.837788,30,558.561686
-40.492068,30,558.997435
-41.036254,30,559.416225
-40.47501,30,559.848946
-38.758656,30,560.271732
-54.278609,30,560.688469
-35.469817,30,561.069275
-33.00614,30,561.445057
-53.840508,30,561.827836
-24.24605,30,562.207619
-54.363947,30,562.584401
-50.030439,30,562.957186
-33.762738,30,563.330942
-39.982992,30,563.747701
-33.652859,30,564.153498
-43.485474,30,564.554268
-34.259704,30,564.948039
-32.896899,30,565.320825
-41.081618,30,565.690611
-36.924071,30,566.070393
-33.700211,30,566.444178
-47.497498,30,566.834926
-40.238929,30,567.207737
-45.902213,30,567.63546
-43.381686,30,568.060216
-42.145508,30,568.455019
-30.713798,30,568.838798
-44.647013,30,569.215552
-42.769483,30,569.586367
-30.394403,30,570.01612
-32.199854,30,570.434878
-47.709506,30,570.836647
-37.703054,30,571.228398
-42.425767,30,571.714112
-41.188574,30,572.140864
-47.123349,30,572.615622
-25.360208,30,573.102318
-38.699857,30,573.53607
-36.018016,30,574.003823
-30.655783,30,574.497509
-28.346599,30,575.010243
-42.150264,30,575.423005
-40.748355,30,575.838766
-39.163752,30,576.224512
-39.092671,30,576.618317
-40.307713,30,577.019057
-35.041962,30,577.403841
-27.078886,30,577.79061
-22.750079,30,578.163427
-33.32645,30,578.538182
-34.304014,30,578.915962
-26.078628,30,579.293776
-30.672522,30,579.679554
-33.273761,30,580.072305
-27.245072,30,580.475096
-42.281006,30,580.891854
-26.303723,30,581.278633
-29.970467,30,581.655416
-40.364956,30,582.04819
-44.157819,30,582.421944
-35.134774,30,582.802755
-39.960991,30,583.188533
-30.529295,30,583.569313
-52.026497,30,583.942098
-46.265286,30,584.313855
-34.901353,30,584.693666
-49.272415,30,585.076445
-45.159469,30,585.478183
-43.922562,30,585.86699
-34.855241,30,586.254766
-30.239292,30,586.648515
-36.350375,30,587.045311
-38.685685,30,587.437086
-44.208421,30,587.855843
-48.384033,30,588.248587
-39.289269,30,588.710328
-42.913336,30,589.233021
-57.120924,30,589.741758
-47.934764,30,590.182504
-35.566535,30,590.631245
-43.584095,30,591.025019
-63.065096,30,591.397775
-34.611969,30,591.779584
-25.709428,30,592.149371
-41.747115,30,592.522157
-47.258871,30,592.903936
-33.014786,30,593.276722
-26.66898,30,593.663499
-38.816398,30,594.119214
-44.401247,30,594.530977
-44.979087,30,594.922774
-52.005344,30,595.299527
-39.377294,30,595.681337
-43.502913,30,596.064087
-25.33061,30,596.43887
-33.331594,30,596.809658
-23.212932,30,597.178476
-46.739094,30,597.552259
-9.030404,30,597.944001
-42.938951,30,598.324814
-51.781341,30,598.699598
-52.002,30,599.07838
-41.305505,30,599.452166
-34.060779,30,599.828919
-38.518979,30,600.201733
-37.553069,30,600.58848
-33.450197,30,601.028257
-43.684397,30,601.415034
-48.268821,30,601.807778
-44.789106,30,602.200581
-32.692047,30,602.596354
-40.248449,30,602.984131
-33.246989,30,603.353888
-38.543888,30,603.730701
-49.53968,30,604.102487
-32.317215,30,604.483237
-52.704728,30,604.889004
-38.730683,30,605.279808
-45.27718,30,605.677578
-49.838505,30,606.064357
-28.359278,30,606.442139
-49.989095,30,606.845906
-34.168144,30,607.258668
-50.942235,30,607.63745
-38.554712,30,608.008236
-47.579558,30,608.415002
-37.488342,30,608.852903
-35.347288,30,609.247698
-33.664036,30,609.652465
-36.63066,30,610.05321
-32.806411,30,610.448983
-38.20527,30,610.857771
-44.363577,30,611.264536
-38.970958,30,611.649314
-45.495854,30,612.040067
-42.566057,30,612.465821
-36.205951,30,612.876608
-40.618472,30,613.305331
-40.37786,30,613.845051
-44.821187,30,614.365721
-43.852611,30,614.866432
-41.293815,30,615.316173
-35.333218,30,615.765913
-41.138537,30,616.316599
-45.429886,30,616.802318
-39.546847,30,617.227102
-40.718684,30,617.638842
-41.541286,30,618.033638
-35.358107,30,618.412419
-34.574947,30,618.802195
-38.971622,30,619.214959
-35.087991,30,619.594711
-44.56965,30,619.987511
-31.611084,30,620.385283
-51.25679,30,620.788028
-40.105467,30,621.171832
-36.367257,30,621.607578
-39.51068,30,622.032311
-41.136781,30,622.462086
-44.724726,30,622.842844
-35.206456,30,623.238616
-39.617662,30,623.621395
-51.62234,30,624.009195
-35.216993,30,624.389954
-45.41935,30,624.785748
-45.508698,30,625.179522
-44.040122,30,625.557281
-47.724604,30,625.949078
-34.95505,30,626.328859
-45.708119,30,626.707641
-18.633986,30,627.114407
-146.082767,30,627.496165
-43.11762,30,627.90301
-27.352699,30,628.275795
-47.350049,30,628.652578
-30.824733,30,629.023333
-37.167441,30,629.391154
-50.515317,30,629.772932
-44.414781,30,630.147717
-29.52961,30,630.528468
-35.857435,30,630.901254
-31.594634,30,631.283062
-52.935461,30,631.669839
-33.657214,30,632.042625
-44.069598,30,632.41541
-43.203763,30,632.791165
-34.63519,30,633.161981
-26.732281,30,633.528769
-52.344189,30,633.905552
-38.726515,30,634.277338
-38.445183,30,634.651123
-30.307943,30,635.02091
-44.070575,30,635.393696
-33.479844,30,635.771448
-34.345664,30,636.150259
-34.0431,30,636.519014
-37.221302,30,636.888834
-37.094747,30,637.265585
-37.223839,30,637.639402
-37.451126,30,638.018151
-43.23692,30,638.389969
-47.911612,30,638.776746
-39.726307,30,639.166522
-38.61783,30,639.543276
-42.622784,30,639.923056
-27.187404,30,640.318859
-43.150227,30,640.688645
-46.780825,30,641.06143
-42.323926,30,641.433216
-30.708075,30,641.813998
-44.061001,30,642.181785
-49.046872,30,642.551542
-36.487902,30,642.925327
-43.167082,30,643.315101
-20.563325,30,643.707907
-43.313035,30,644.092655
-25.735192,30,644.462472
-31.555745,30,644.856246
-35.968393,30,645.238024
-24.26158,30,645.611809
-31.21841,30,645.987593
-46.717077,30,646.35938
-42.005717,30,646.734164
-32.866171,30,647.113944
-49.839627,30,647.481703
-52.698842,30,647.899494
-32.061828,30,648.288268
-34.626324,30,648.672047
-25.627496,30,649.045801
-34.348796,30,649.425612
-38.350012,30,649.804372
-45.039778,30,650.176182
-33.811764,30,650.575927
-31.012002,30,650.965726
-31.407007,30,651.347506
-34.231948,30,651.72826
-52.1312,30,652.102071
-38.837091,30,652.488848
-26.619296,30,652.861635
-36.348792,30,653.230421
-34.626972,30,653.601208
-40.053667,30,653.980967
-23.902666,30,654.355773
-37.610347,30,654.728533
-29.662086,30,655.102343
-26.886324,30,655.477097
-29.636146,30,655.846914
-31.442344,30,656.214673
-35.752867,30,656.582492
-58.72102,30,656.96527
-34.952287,30,657.341054
-37.582073,30,657.718836
-34.848141,30,658.103585
-39.437754,30,658.487364
-29.469843,30,658.871172
-35.875482,30,659.265919
-35.74834,30,659.664693
-34.091114,30,660.069454
-23.746073,30,660.466222
-41.771847,30,660.997918
-42.171951,30,661.506631
-22.667455,30,661.964359
-36.732266,30,662.428094
-45.780817,30,662.90085
-41.518178,30,663.300622
-39.315629,30,663.716383
-40.034006,30,664.092165
-34.597461,30,664.494933
-26.390968,30,664.883676
-24.119687,30,665.287477
-35.924002,30,665.692243
-38.749769,30,666.092988
-25.605649,30,666.526733
-36.474637,30,666.977474
-35.943502,30,667.353289
-36.977321,30,667.755055
-43.844594,30,668.178798
-45.352694,30,668.584548
-37.258344,30,668.988344
-41.690853,30,669.36413
-28.895801,30,669.747907
-47.569396,30,670.121694
-31.26564,30,670.496476
-36.522727,30,670.885253
-35.166339,30,671.257038
-32.659707,30,671.633821
-34.942878,30,672.025595
-38.756083,30,672.396381
-43.651042,30,672.770167
-37.023084,30,673.143951
-25.456582,30,673.512738
-32.101541,30,673.883496
-42.613768,30,674.255282
-28.611794,30,674.631096
-42.871429,30,675.003879
-33.536333,30,675.377665
-36.292617,30,675.751419
-26.913166,30,676.122236
-27.188079,30,676.492022
-43.525026,30,676.886795
-46.015451,30,677.258582
-39.151714,30,677.633366
-46.939967,30,678.001153
-38.188818,30,678.369941
-44.505034,30,678.745692
-30.904084,30,679.11851
-29.087541,30,679.489266
-23.47327,30,679.864051
-27.882961,30,680.234837
-44.14889,30,680.605653
-39.403397,30,680.988433
-33.609986,30,681.358219
-32.322657,30,681.732977
-38.271783,30,682.110764
-40.284903,30,683.02426
-43.211361,30,683.45299
-39.987621,30,683.915714
-38.433842,30,684.339502
-28.339719,30,684.752235
-27.249751,30,685.164026
-51.431847,30,685.530816
-41.793239,30,685.904602
-46.299435,30,686.283383
-37.474268,30,686.662136
-41.808175,30,687.045944
-41.621643,30,687.420727
-45.589827,30,687.796512
-37.866534,30,688.174295
-38.990064,30,688.567067
-27.812863,30,688.950847
-51.963588,30,689.328629
-37.622713,30,689.702383
-33.284004,30,690.081195
-24.803061,30,690.462976
-49.274072,30,690.845722
-29.71969,30,691.222538
-32.689949,30,691.60132
-22.912737,30,691.989097
-64.959236,30,692.372875
-35.13743,30,692.763247
-24.455733,30,693.152177
-27.896891,30,693.543216
-45.064984,30,693.929404
-35.84326,30,694.324152
-33.356012,30,694.711089
-50.898428,30,695.0989
-40.012245,30,695.481832
-18.523351,30,695.866846
-29.082863,30,696.242937
-40.814622,30,696.642272
-42.234207,30,697.047535
-28.382322,30,697.428337
-31.013398,30,697.816114
-29.07385,30,698.20289
-13.545284,30,698.593643
-36.012869,30,698.989438
-31.340484,30,699.378214
-37.030487,30,699.790976
-40.115533,30,700.16973
-31.222149,30,700.554505
-26.387641,30,700.940292
-33.881699,30,701.329091
-24.823621,30,701.719865
-24.19882,30,702.102645
-34.332834,30,702.49539
-42.254564,30,702.872202
-33.811707,30,703.243987
-44.610546,30,703.618771
-29.659912,30,703.999552
-32.693161,30,704.372337
-30.675665,30,704.745094
-28.357679,30,705.11391
-35.762816,30,705.488694
-26.007261,30,705.86148
-27.297121,30,706.229267
-29.322751,30,706.600054
-137.694021,30,706.971839
-29.094625,30,707.341626
-36.523997,30,707.708416
-156.183237,30,708.077204
-37.258441,30,708.446961
-32.081948,30,708.830768
-30.338059,30,709.197558
-43.418814,30,709.569315
-46.516991,30,709.944129
-32.544919,30,710.312915
-30.192742,30,710.684701
-33.128065,30,711.058457
-25.797308,30,711.426242
-42.038248,30,711.80006
-45.947887,30,712.166848
-28.316393,30,712.535636
-35.235869,30,712.915418
-29.957721,30,713.287203
-27.558998,30,713.657989
-30.376527,30,714.025777
-36.129006,30,714.391566
-50.474885,30,714.769349
-49.460939,30,715.138137
-32.197119,30,715.510921
-31.877736,30,715.889703
-25.849197,30,716.26149
-38.103079,30,716.631276
-27.655298,30,717.000065
-28.488701,30,717.367851
-24.987117,30,717.747633
-24.225011,30,718.120419
-30.585849,30,718.489208
-37.853814,30,718.856994
-37.440337,30,719.226781
-31.779079,30,719.59657
-36.142431,30,719.964327
-40.32916,30,720.331145
-27.455594,30,720.723896
-30.999712,30,721.101701
-30.369054,30,721.476463
-30.430942,30,721.855267
-33.19325,30,722.225054
-28.101739,30,722.594837
-31.210783,30,722.974623
-29.734178,30,723.341381
-31.562161,30,723.712198
-31.727645,30,724.080985
-21.235259,30,724.448773
-39.779628,30,724.826555
-31.071645,30,725.197341
-26.15978,30,725.567129
-33.906612,30,725.937887
-41.779807,30,726.311701
-29.69013,30,726.686462
-29.274835,30,727.063267
-35.835057,30,727.430056
-28.119932,30,727.829799
-37.44493,30,728.235562
-37.936653,30,728.651342
-29.061663,30,729.062116
-37.149811,30,729.454857
-41.009164,30,729.890638
-30.754889,30,730.276391
-32.371784,30,730.649201
-37.173051,30,731.022986
-28.6926,30,731.407765
-40.751463,30,731.786546
-43.425563,30,732.159332
-27.678115,30,732.529119
-47.39365,30,732.904902
-33.072679,30,733.275688
-33.342321,30,733.647475
-29.599574,30,734.030231
-33.91908,30,734.435995
-33.009215,30,734.811805
-37.747533,30,735.181591
-39.491996,30,735.553377
-38.041755,30,735.936156
-25.659301,30,736.304943
-30.933013,30,736.682726
-34.68852,30,737.05851
-33.737804,30,737.430295
-32.214861,30,737.811076
-23.171695,30,738.179863
-27.608494,30,738.55065
-30.783959,30,738.922407
-23.312578,30,739.299221
-34.851089,30,739.732968
-47.95152,30,740.099729
-36.262302,30,740.473542
-38.674641,30,740.844329
-19.896838,30,741.212119
-32.98791,30,741.580908
-34.133384,30,741.959686
-30.342974,30,742.327446
-42.66487,30,742.708226
-52.405551,30,743.078014
-28.646131,30,743.476814
-21.534964,30,743.8466
-35.144254,30,744.21236
-30.887598,30,744.578156
-52.618129,30,744.998937
-28.531086,30,745.377689
-32.288941,30,745.748504
-29.289905,30,746.120291
-33.340143,30,746.492047
-32.66792,30,746.870828
-30.219576,30,747.238646
-26.160286,30,747.609432
-30.890415,30,747.981219
-47.533216,30,748.358001
-31.22602,30,748.746746
-37.669007,30,749.115565
-36.185427,30,749.48835
-37.704316,30,749.861106
-15.189246,30,750.228895
-35.848213,30,750.598711
-22.099227,30,750.98149
-23.632688,30,751.351277
-21.4913,30,751.720065
-29.324555,30,752.087853
-39.51589,30,752.462637
-29.611057,30,752.834423
-25.600009,30,753.214175
-29.957713,30,753.585991
-33.293432,30,753.965771
-30.517389,30,754.334559
-39.440152,30,754.702348
-39.949042,30,755.070137
-26.657395,30,755.440922
-36.675017,30,755.814677
-39.158612,30,756.181496
-32.987716,30,756.551282
-29.752744,30,756.933062
-23.044012,30,757.30085
-30.202331,30,757.669639
-27.995717,30,758.040424
-33.663249,30,758.41321
-26.805314,30,758.787993
-32.106088,30,759.160779
-27.786084,30,759.529544
-48.076311,30,759.904351
-34.88531,30,760.275108
-40.70943,30,760.647922
-28.168587,30,761.021677
-26.606862,30,761.40149
-37.631238,30,761.783268
-31.435401,30,762.151027
-37.17471,30,762.519844
-44.493769,30,762.900626
-24.572205,30,763.269413
-36.295971,30,763.640198
-34.645214,30,764.012954
-30.403673,30,764.38377
-34.312485,30,764.760529
-41.581068,30,765.13034
-25.590364,30,765.499346
-31.327769,30,765.876128
-32.518324,30,766.243916
-29.65044,30,766.616702
-33.103711,30,766.986489
-34.08431,30,767.356275
-27.702615,30,767.732037
-28.135881,30,768.103846
-19.353785,30,768.469611
-27.217181,30,768.844419
-25.322818,30,769.210209
-44.001865,30,769.578964
-53.572743,30,769.959776
-24.789674,30,770.327564
-31.591921,30,770.702349
-33.19397,30,771.073135
-34.395998,30,771.443892
-35.281477,30,771.82967
-26.561506,30,772.199456
-38.362264,30,772.572272
-27.26386,30,772.942061
-40.52769,30,773.312845
-35.970751,30,773.68563
-29.958368,30,774.060414
-29.721043,30,774.429202
-27.111683,30,774.808984
-35.530725,30,775.17877
-32.0347,30,775.548527
-33.535279,30,775.929308
-33.572348,30,776.299125
-25.255101,30,776.669911
-42.018178,30,777.037699
-40.979498,30,777.40649
-43.162512,30,777.789237
-24.857144,30,778.160023
-35.579278,30,778.529842
-41.273875,30,778.899627
-33.12373,30,779.267385
-23.486864,30,779.6402
-29.830179,30,780.014986
-33.006413,30,780.379752
-50.491537,30,780.764555
-42.288333,30,781.13534
-52.433363,30,781.502128
-57.226421,30,781.882909
-32.832131,30,782.291673
-36.971465,30,782.71343
-36.027817,30,783.128191
-28.173858,30,783.519934
-32.517004,30,783.908741
-35.665721,30,784.294519
-50.627489,30,784.667274
-24.149048,30,785.04109
-41.296602,30,785.414875
-49.64642,30,785.789628
-36.766274,30,786.159446
-34.590339,30,786.526205
-22.899679,30,786.906016
-31.914516,30,787.274804
-42.55335,30,787.64456
-26.193743,30,788.015378
-37.509598,30,788.38916
-35.544841,30,788.767943
-34.073699,30,789.138699
-26.986876,30,789.508516
-27.127749,30,789.887269
-41.441655,30,790.257056
-33.726797,30,790.624843
-35.218671,30,791.006653
-19.672803,30,791.383436
-35.703384,30,791.753224
-45.046195,30,792.122015
-20.818545,30,792.496766
-29.584884,30,792.881573
-36.060343,30,793.25136
-24.848527,30,793.622117
-25.709328,30,793.992933
-25.036117,30,794.364719
-24.324409,30,794.740502
-31.332093,30,795.111289
-33.663634,30,795.483075
-30.386778,30,795.856834
-38.255335,30,796.227617
-31.518621,30,796.600399
-39.222294,30,796.981182
-28.696664,30,797.355967
-24.905945,30,797.72676
-25.84276,30,798.09557
-33.433278,30,798.464328
-49.070569,30,798.845109
-28.39563,30,799.211897
-30.544593,30,799.583713
-38.357619,30,799.954499
-34.745949,30,800.327285
-29.866094,30,800.696042
-23.719136,30,801.068857
-34.714944,30,801.469625
-37.620245,30,801.899349
-41.988247,30,802.311141
-29.228545,30,802.700894
-33.937407,30,803.093691
-26.770599,30,803.47847
-33.147618,30,804.031151
-27.85186,30,804.462903
-29.397022,30,804.95259
-33.907382,30,805.345395
-36.998274,30,805.755128
-39.267981,30,806.131941
-39.565457,30,806.51572
-33.984139,30,806.912462
-35.496767,30,807.302267
-40.892866,30,807.685049
-37.459836,30,808.074824
-28.723635,30,808.466596
-37.931302,30,808.858371
-33.066005,30,809.762827
-32.690849,30,810.177613
-24.288449,30,810.68029
-29.13756,30,811.189996
-36.778777,30,811.650762
-32.270019,30,812.030543
-29.717462,30,812.405327
-36.166432,30,812.782081
-32.5219,30,813.152898
-32.075053,30,813.522686
-23.398909,30,813.907463
-28.622863,30,814.280219
-34.242188,30,814.664002
-23.706667,30,815.039812
-39.763283,30,815.412596
-31.561512,30,815.794376
-35.64923,30,816.165161
-48.471285,30,816.536948
-42.644375,30,816.912701
-28.912281,30,817.282488
-29.506072,30,817.653305
-41.108627,30,818.028066
-44.997966,30,818.401873
-28.43816,30,818.774659
-30.365646,30,819.142447
-37.65547,30,819.512205
-30.708775,30,819.901011
-35.0595,30,820.271797
-29.088082,30,820.641585
-42.054775,30,821.012356
-22.283364,30,821.387155
-32.423638,30,821.766936
-28.436164,30,822.136722
-25.663433,30,822.50648
-33.459286,30,822.879294
-25.802308,30,823.249082
-29.834988,30,823.623866
-24.251624,30,823.995651
-45.084858,30,824.369406
-31.870644,30,824.748187
-25.803466,30,825.150986
-22.137543,30,825.561726
-36.046434,30,826.017487
-28.870778,30,826.421224
-26.73252,30,826.834018
-29.271385,30,827.211799
-44.212438,30,827.59358
-26.305001,30,827.967364
-25.204506,30,828.347144
-37.759638,30,828.740918
-45.856235,30,829.119701
-28.174896,30,829.50345
-30.474711,30,829.878265
-31.345727,30,830.246051
-24.167475,30,830.640801
-36.600249,30,831.077572
-21.175933,30,831.490312
-21.475542,30,831.86409
-20.032067,30,832.234876
-25.583744,30,832.61169
-30.879865,30,833.043441
-24.343318,30,833.462199
-26.456299,30,833.866966
-27.597358,30,834.245747
-22.718099,30,834.654482
-40.630813,30,835.06525
-23.108229,30,835.45402
-29.62971,30,835.840799
-33.893623,30,836.20962
-30.905642,30,836.590398
-25.476131,30,837.013154
-29.277728,30,837.408926
-32.892892,30,837.819659
-28.926678,30,838.215431
-25.91289,30,838.63519
-26.16799,30,839.021996
-35.740377,30,839.43176
-29.592256,30,839.815539
-27.383419,30,840.221276
-30.233393,30,840.668026
-34.639456,30,841.05083
-29.349356,30,841.466589
-28.751461,30,841.904316
-24.631425,30,842.380038
-28.675501,30,842.863752
-18.787321,30,843.355469
-28.827306,30,843.784222
-24.467894,30,844.172033
-27.306305,30,844.5718
-34.636232,30,844.957577
-22.335502,30,845.420311
-46.22057,30,845.806089
-35.389186,30,846.203859
-35.632384,30,846.612594
-33.873996,30,847.082323
-30.869104,30,847.564075
-28.719886,30,848.051771
-28.68689,30,848.483545
-23.359696,30,848.935257
-23.450805,30,849.419977
-31.706346,30,849.930713
-26.089342,30,850.320489
-26.284919,30,850.704268
-22.225065,30,851.087049
-34.821233,30,851.464829
-23.577805,30,851.846577
-33.83756,30,852.220364
-27.312848,30,852.593179
-25.377214,30,852.987922
-30.809094,30,853.358738
-21.237149,30,853.7715
-28.928841,30,854.169271
-35.263472,30,854.541057
-39.535065,30,854.915812
-21.352832,30,855.288629
-24.713152,30,855.662411
-24.776449,30,856.040164
-21.531074,30,856.409981
-31.277875,30,856.785765
-33.320851,30,857.155552
-26.956009,30,857.526338
-38.987354,30,857.937101
-27.465938,30,858.328845
-26.470334,30,858.746612
-15.980917,30,859.161396
-20.52838,30,859.533159
-27.717278,30,859.914963
-25.402104,30,860.28472
-27.855004,30,860.661505
-29.781018,30,861.053307
-29.466483,30,861.42809
-26.101396,30,861.806873
-27.552947,30,862.176659
-24.684133,30,862.552419
-34.115305,30,862.976199
-25.767936,30,863.349983
-30.273968,30,863.724434
-24.335426,30,864.097219
-30.55217,30,864.471974
-18.590467,30,864.851757
-25.178256,30,865.227568
-29.094675,30,865.601354
-20.351809,30,865.975138
-31.159109,30,866.376906
-23.354737,30,866.757687
-32.440667,30,867.129473
-29.750585,30,867.502258
-27.313723,30,867.87602
-30.346795,30,868.300768
-28.8984,30,868.699539
-24.947033,30,869.081348
-31.850751,30,869.456133
-29.134673,30,869.838882
-32.778385,30,870.210697
-25.866205,30,870.585459
-17.039864,30,870.963264
-38.207561,30,871.335021
-24.712405,30,871.708837
-20.691423,30,872.089585
-23.652221,30,872.46437
-17.341065,30,872.862141
-25.371799,30,873.236955
-19.26365,30,873.615736
-26.337342,30,873.987497
-28.669833,30,874.384294
-27.374621,30,874.766044
-35.345497,30,875.141858
-21.095158,30,875.516642
-25.183019,30,875.891426
-25.265917,30,876.262212
-28.600812,30,876.64796
-27.642973,30,877.051757
-16.349992,30,877.437512
-33.507932,30,877.836281
-28.044047,30,878.241043
-29.231138,30,878.618855
-26.596245,30,879.020601
-26.82753,30,879.403407
-25.056504,30,879.792179
-33.386438,30,880.166965
-21.552421,30,880.555739
-27.343078,30,880.95351
-22.889815,30,881.51916
-30.856735,30,881.985885
-24.943599,30,882.447618
-20.743433,30,882.922378
-24.816943,30,883.330142
-30.842679,30,883.781851
-25.471915,30,884.221604
-31.109102,30,884.678339
-32.393694,30,885.126077
-23.433119,30,885.549198
-27.121536,30,885.942954
-21.426346,30,886.317757
-36.887351,30,886.698515
-26.804919,30,887.100306
-24.779564,30,887.491081
-23.760482,30,887.893851
-33.893564,30,888.276628
-29.275329,30,888.654411
-28.279907,30,889.104152
-30.829903,30,889.480935
-23.45462,30,889.896671
-26.784254,30,890.282474
-22.519101,30,890.685243
-22.838001,30,891.130955
-121.124992,30,891.612676
-18.822128,30,892.114386
-22.214794,30,892.532146
-18.013271,30,892.955934
-30.397485,30,893.338714
-26.065494,30,893.753452
-18.294844,30,894.151221
-28.631227,30,894.533025
-22.85977,30,894.922778
-20.331754,30,895.314575
-29.149016,30,895.704328
-28.786828,30,896.084131
-22.23075,30,896.464912
-33.121389,30,896.851689
-22.077234,30,897.263454
-34.09964,30,897.652228
-42.73649,30,898.055966
-25.25849,30,898.501717
-26.131682,30,899.000452
-34.57605,30,899.507136
-26.979091,30,899.929916
-24.666466,30,900.312696
-19.466279,30,900.77443
-24.024389,30,901.254129
-22.592661,30,901.76183
-36.423081,30,902.225562
-29.984398,30,902.636357
-33.365203,30,903.029131
-25.755154,30,903.409911
-27.519568,30,903.788664
-27.881042,30,904.187442
-24.771196,30,904.580238
-14.437059,30,904.982006
-28.24872,30,905.387773
-26.365427,30,905.789541
-24.414454,30,906.253244
-21.70967,30,906.708013
-23.334546,30,907.422571
-31.436407,30,907.970283
-31.619237,30,908.399028
-21.755999,30,908.777795
-13.625183,30,909.158602
-29.862958,30,909.547376
-36.182434,30,909.929156
-20.459391,30,910.313937
-24.079585,30,910.711707
-19.278842,30,911.106478
-22.653077,30,911.516213
-26.477916,30,912.012959
-22.340676,30,912.420692
-16.849151,30,912.900415
-24.38779,30,913.374143
-25.666629,30,914.014781
-18.603904,30,914.414573
-24.985603,30,914.876308
-32.262674,30,915.361003
-22.339509,30,915.839725
-27.497095,30,916.259511
-35.834231,30,916.665246
-20.805583,30,917.063018
-25.788048,30,917.491777
-24.487875,30,917.868584
-23.517761,30,918.246366
-32.755295,30,918.68609
-30.972425,30,919.086882
-29.408014,30,919.464664
-21.46371,30,919.849443
-31.848796,30,920.25218
-24.377212,30,920.682962
-18.624205,30,921.120688
-25.696855,30,921.505462
-19.231158,30,921.910223
-15.176361,30,922.328983
-26.266499,30,922.784728
-19.348864,30,923.209485
-23.975551,30,923.605279
-26.758071,30,924.011046
-21.476623,30,924.426775
-20.503696,30,924.821579
-24.805795,30,925.193365
-20.984877,30,925.579142
-21.248598,30,926.015868
-23.103586,30,926.39967
-20.007182,30,926.805436
-28.630419,30,927.185217
-27.835002,30,927.574993
-21.97834,30,927.99073
-18.981652,30,928.374531
-20.67325,30,928.7763
-25.896814,30,929.160079
-21.126273,30,929.575808
-26.464659,30,930.020584
-26.191229,30,930.440313
-25.46187,30,931.110931
-20.973388,30,931.546706
-30.903802,30,932.025399
-20.741944,30,932.419202
-27.572882,30,932.816973
-27.014856,30,933.203751
-20.120082,30,933.592528
-23.110213,30,933.979279
-21.194532,30,934.364058
-25.151625,30,934.768824
-24.688852,30,935.157602
-20.394685,30,935.559997
-20.219701,30,935.954769
-23.70469,30,936.33555
-15.850773,30,936.719964
-27.405339,30,937.114758
-18.643577,30,937.504536
-25.232267,30,937.89249
-24.492969,30,938.275334
-29.086191,30,938.666391
-21.43325,30,939.056635
-23.745054,30,939.440431
-24.490253,30,939.82599
-24.695579,30,940.214767
-23.707059,30,940.608539
-27.49255,30,940.996404
-26.858522,30,941.384995
-24.556374,30,941.793728
-25.336343,30,942.187508
-23.5337,30,942.58994
-26.304592,30,942.988737
-32.356645,30,943.376483
-20.062305,30,943.768051
-20.807545,30,944.153829
-23.883742,30,944.547624
-24.358277,30,945.368152
-27.134235,30,945.775887
-22.716901,30,946.156675
-22.802148,30,946.547472
-22.284784,30,946.948242
-25.101089,30,947.329022
-22.770634,30,947.726793
-20.473186,30,948.140532
-17.488359,30,948.516308
-29.67323,30,948.901116
-21.284917,30,949.280875
-30.406783,30,949.654684
-29.656012,30,950.033465
-23.474513,30,950.409218
-23.24375,30,950.78903
-19.065177,30,951.158816
-29.899618,30,951.547596
-23.262591,30,951.934339
-21.525619,30,952.325144
-26.853829,30,952.720918
-22.461965,30,953.109825
-25.014909,30,953.489805
-18.424647,30,953.873781
-24.686809,30,954.253715
-23.455938,30,954.639983
-22.206714,30,955.029847
-36.880622,30,955.416679
-18.686921,30,955.815449
-25.317019,30,956.199626
-21.683859,30,956.588445
-25.476196,30,956.981265
-22.525419,30,957.361045
-26.645575,30,957.750791
-27.12116,30,958.132601
-25.032351,30,958.529374
-26.486227,30,958.929996
-23.579432,30,959.327856
-22.04287,30,959.715365
-23.901229,30,960.098594
-23.082222,30,960.49137
-22.713992,30,960.900617
-18.680065,30,961.293391
-19.63974,30,961.682627
-20.439848,30,962.070426
-23.817729,30,962.464351
-24.542391,30,962.863161
-23.048942,30,963.303027
-23.604839,30,963.726245
-21.82752,30,964.166811
-24.261901,30,964.570572
-22.85506,30,964.97237
-26.642824,30,965.374139
-21.246693,30,965.780905
-20.693714,30,966.17068
-24.781843,30,966.57045
-23.254971,30,966.979184
-21.147469,30,967.384964
-23.299305,30,967.80374
-34.554624,30,968.199511
-23.316032,30,968.635232
-28.953271,30,969.054019
-20.998355,30,969.500754
-21.077255,30,969.935482
-21.882591,30,970.342254
-30.011999,30,970.755023
-21.538317,30,971.152781
-33.702912,30,971.549582
-21.457217,30,971.96934
-31.285582,30,972.375107
-18.552138,30,972.795952
-25.078159,30,973.191638
-21.410592,30,973.586136
-18.151427,30,973.98135
-21.279692,30,974.38268
-26.972127,30,974.78401
-24.926685,30,975.180562
-19.511281,30,975.570266
-22.464,30,975.973666
-20.897548,30,976.374996
-27.546804,30,976.777661
-18.28493,30,977.192672
-131.25231,30,977.582397
-26.002511,30,977.980996
-124.220827,30,978.369329
-18.224306,30,978.763162
-20.309021,30,979.149494
-18.190632,30,979.535125
-23.982971,30,979.937138
-26.037974,30,980.324135
-22.747544,30,980.712496
-25.482356,30,981.102194
-25.091712,30,981.485096
-30.667831,30,981.897374
-19.284338,30,982.284371
-23.6645,30,982.672051
-19.734401,30,983.09383
-24.151214,30,983.502683
-23.839765,30,983.913548
-28.505063,30,984.30291
-18.59147,30,984.703665
-21.054081,30,985.12242
-25.397372,30,985.520209
-26.054064,30,985.91995
-21.146203,30,986.305732
-22.569363,30,986.69251
-18.346732,30,987.080311
-23.493343,30,987.478052
-16.576234,30,987.889845
-34.228945,30,988.287586
-31.695614,30,988.700356
-13.488068,30,989.115117
-24.342897,30,989.533867
-27.243701,30,989.956654
-17.956881,30,990.368392
-26.290451,30,990.771185
-19.286193,30,991.163929
-21.243186,30,991.609678
-24.360178,30,992.023439
-21.20349,30,992.408242
-16.327617,30,992.79402
-24.335276,30,993.171792
-21.619202,30,993.597528
-24.783262,30,994.041271
-23.571574,30,994.448045
-24.8201,30,994.881817
-25.028495,30,995.316567
-18.808255,30,995.744298
-18.003238,30,996.17505
-20.790471,30,996.641781
-119.727181,30,997.110517
-18.754337,30,997.591233
-16.153455,30,998.050961
-18.288527,30,998.498734
-21.118959,30,998.972432
-20.990643,30,999.387222
-17.94151,30,999.853926
-27.177722,30,1000.271712
-28.118199,30,1000.66046
-20.011722,30,1001.044268
-24.700428,30,1001.436021
-22.607241,30,1001.883754
-20.030404,30,1002.311514
-19.611437,30,1002.750285
-21.089041,30,1003.144028
-19.324166,30,1003.546803
-25.81394,30,1003.960557
-24.434889,30,1004.381317
-22.377634,30,1004.765124
-26.200368,30,1005.169863
-21.974398,30,1005.600614
-25.182698,30,1006.002412
-24.677205,30,1006.391188
-20.952813,30,1006.829904
-22.454399,30,1007.252692
-122.531501,30,1007.63647
-18.442591,30,1008.043208
-27.252996,30,1008.440978
-23.138543,30,1008.839761
-19.228813,30,1009.22953
-27.608057,30,1009.63332
-21.018242,30,1010.041057
-24.275216,30,1010.442834
-25.675476,30,1010.867609
-29.676541,30,1011.26538
-26.21513,30,1011.655155
-21.532571,30,1012.045931
-23.333771,30,1012.453695
-23.811196,30,1012.875423
-15.16417,30,1013.278222
-31.874954,30,1013.662219
-20.023097,30,1014.039971
-20.766828,30,1014.442739
-24.015762,30,1014.861512
-24.284068,30,1015.267272
-19.011685,30,1015.70802
-21.197387,30,1016.130797
-21.759997,30,1016.511546
-22.456157,30,1016.95431
-25.824708,30,1017.376049
-24.542222,30,1017.769823
-17.336034,30,1018.149633
-20.317103,30,1018.518392
-17.352457,30,1019.094091
-16.062701,30,1019.684726
-23.094861,30,1020.153453
-19.320289,30,1020.564244
-18.257307,30,1020.951991
-21.294002,30,1021.323782
-18.041531,30,1021.702587
-27.131659,30,1022.08037
-18.363899,30,1022.455154
-20.860755,30,1022.845932
-23.232363,30,1023.248665
-22.087369,30,1023.648466
-18.11851,30,1024.110201
-18.906059,30,1024.513968
-27.787213,30,1024.918705
-19.052993,30,1025.378446
-25.426511,30,1025.817216
-26.582475,30,1026.249945
-23.925327,30,1026.629749
-23.171524,30,1027.024498
-18.909373,30,1027.474263
-23.429014,30,1027.918008
-23.170503,30,1028.335767
-29.855531,30,1028.730517
-17.865768,30,1029.148277
-16.022994,30,1029.555035
-19.642634,30,1030.001808
-21.122445,30,1030.433526
-23.884112,30,1030.922244
-23.39141,30,1031.398981
-20.951406,30,1031.930664
-18.865422,30,1032.432384
-23.219426,30,1032.877119
-21.440899,30,1033.282917
-17.842396,30,1033.736626
-21.86312,30,1034.169908
-26.581909,30,1034.693576
-17.766646,30,1035.29823
-30.443808,30,1035.857906
-21.618273,30,1036.250686
-23.519193,30,1036.64948
-24.727509,30,1037.030228
-23.692976,30,1037.426033
-24.89232,30,1037.820806
-26.889736,30,1038.204553
-20.899868,30,1038.60633
-25.406644,30,1038.987135
-17.379594,30,1039.379907
-19.031513,30,1039.778677
-27.861971,30,1040.216395
-22.588577,30,1040.634162
-18.329286,30,1041.118875
-19.253345,30,1041.501685
-18.265957,30,1041.972414
-21.504796,30,1042.420133
-21.460473,30,1042.898849
-19.658989,30,1043.318638
-22.382839,30,1043.692424
-20.98846,30,1044.070207
-23.211295,30,1044.44499
-29.281596,30,1044.87072
-22.117036,30,1045.268486
-18.564081,30,1045.671284
-20.576506,30,1046.072052
-28.450844,30,1046.452833
-22.861787,30,1046.842608
-21.197577,30,1047.215394
-16.931368,30,1047.592146
-22.22817,30,1047.975956
-22.387771,30,1048.36071
-18.057902,30,1048.740516
-21.64071,30,1049.112301
-20.976121,30,1049.486063
-24.285244,30,1049.872863
-19.83295,30,1050.264637
-23.963478,30,1050.646418
-21.589219,30,1051.026199
-22.399419,30,1051.40698
-18.806431,30,1051.793734
-25.477816,30,1052.169542
-22.807411,30,1052.547299
-25.555709,30,1052.927104
-24.010181,30,1053.302888
-21.75492,30,1053.710631
-18.35425,30,1054.104428
-23.532904,30,1054.503196
-23.309388,30,1054.89697
-21.684358,30,1055.28972
-20.984571,30,1055.694487
-28.260106,30,1056.147219
-20.944586,30,1056.648937
-27.108704,30,1057.069693
-24.751657,30,1057.498449
-18.114956,30,1057.926202
-25.481273,30,1058.319998
-18.898387,30,1058.710773
-22.697072,30,1059.110544
-20.16082,30,1059.488325
-27.449921,30,1059.880099
-22.520692,30,1060.257882
-19.137949,30,1060.635665
-23.864368,30,1061.010448
-25.097231,30,1061.388231
-25.194408,30,1061.769988
-27.341142,30,1062.14777
-23.133614,30,1062.525576
-22.247901,30,1062.904358
-23.849575,30,1063.277146
-24.382506,30,1063.658923
-17.720645,30,1064.038681
-22.550495,30,1064.413489
-23.119662,30,1064.82625
-23.899974,30,1065.213027
-18.661931,30,1065.587811
-21.299475,30,1065.966571
-25.449237,30,1066.344353
-23.548635,30,1066.729122
-24.969124,30,1067.106938
-22.815442,30,1067.484697
-17.839,30,1067.867499
-18.276926,30,1068.245281
-22.116907,30,1068.623063
-20.473396,30,1069.004844
-20.562666,30,1069.384626
-25.235806,30,1069.767381
-21.072735,30,1070.144187
-23.068445,30,1070.521969
-20.054423,30,1070.896755
-19.847611,30,1071.266541
-20.863082,30,1071.640325
-24.943311,30,1072.02808
-16.76715,30,1072.416855
-27.604889,30,1072.81165
-20.62308,30,1073.185406
-22.22013,30,1073.60717
-27.523657,30,1074.004941
-21.139606,30,1074.408729
-20.711953,30,1074.802504
-23.286648,30,1075.192278
-24.139392,30,1075.590023
-23.759965,30,1076.037761
-21.632802,30,1076.533506
-17.633991,30,1076.959262
-20.946863,30,1077.363005
-20.37898,30,1077.774767
-25.128081,30,1078.178536
-23.564834,30,1078.645266
-20.089476,30,1079.043061
-19.893237,30,1079.470815
-23.486762,30,1079.86259
-25.19685,30,1080.253341
-21.270975,30,1081.153813
-19.55787,30,1081.710494
-19.707257,30,1082.169237
-21.362018,30,1082.603985
-20.288045,30,1083.00678
-25.354653,30,1083.410546
-21.288555,30,1083.793302
-21.1448,30,1084.176075
-21.636426,30,1084.559884
-18.618629,30,1084.941664
-16.244156,30,1085.319446
-23.971,30,1085.716217
-19.99357,30,1086.111991
-26.822727,30,1086.496768
-19.008447,30,1086.876552
-31.084653,30,1087.278317
-23.472393,30,1087.694078
-14.281814,30,1088.110838
-28.946623,30,1088.494617
-22.909068,30,1088.89736
-21.246161,30,1089.293158
-28.24814,30,1089.695925
-18.653012,30,1090.086678
-20.205356,30,1090.472456
-19.435101,30,1090.867251
-15.550123,30,1091.251029
-17.476146,30,1091.643772
-23.483124,30,1092.056542
-22.617496,30,1092.459333
-21.565675,30,1092.845113
-26.126223,30,1093.234888
-22.837349,30,1093.614668
-25.448445,30,1093.991429
-19.645033,30,1094.491137
-21.718897,30,1094.967889
-15.616603,30,1095.43459
-26.189413,30,1095.897353
-21.438115,30,1096.290103
-18.927962,30,1096.677881
-19.340552,30,1097.081671
-25.798749,30,1097.459454
-17.682885,30,1097.834239
-20.347252,30,1098.220015
-24.849164,30,1098.623759
-16.693416,30,1099.018526
-21.883957,30,1099.414328
-18.562854,30,1099.808101
-19.909399,30,1100.195855
-18.831216,30,1100.571662
-21.379529,30,1101.048357
-25.151648,30,1101.438162
-23.243171,30,1101.864916
-19.481268,30,1102.269653
-17.105443,30,1102.652461
-21.864063,30,1103.064224
-16.048431,30,1103.453001
-19.780871,30,1103.868764
-22.558902,30,1104.249543
-19.2153,30,1104.651286
-24.341476,30,1105.035067
-16.423277,30,1105.424843
-27.50465,30,1105.824635
-18.852553,30,1106.204394
-25.472996,30,1106.61618
-21.158981,30,1107.009952
-17.224142,30,1107.398728
-22.78509,30,1107.793501
-23.953971,30,1108.17828
-18.464697,30,1108.577032
-22.088951,30,1108.971822
-24.974093,30,1109.354603
-21.22431,30,1109.746353
-27.055282,30,1110.135121
-22.442508,30,1110.532923
-19.610342,30,1110.935691
-20.018006,30,1111.334439
-24.152858,30,1111.728203
-23.513404,30,1112.115986
-19.992464,30,1112.499791
-22.39579,30,1112.899561
-22.781736,30,1113.293334
-23.929958,30,1113.696102
-21.17909,30,1114.099869
-19.782823,30,1114.493631
-23.455906,30,1114.894411
-24.565296,30,1115.280189
-17.675401,30,1115.669966
-31.629975,30,1116.071733
-20.105867,30,1116.452514
-32.253176,30,1116.844289
-20.479932,30,1117.243027
-22.935438,30,1117.637831
-20.592293,30,1118.036571
-26.237627,30,1118.469323
-21.780813,30,1118.857129
-24.043238,30,1119.277885
-20.148965,30,1119.678631
-16.280425,30,1120.076402
-21.920967,30,1120.482193
-20.059445,30,1120.88693
-19.115955,30,1121.332702
-22.576456,30,1121.724447
-24.247788,30,1122.116252
-29.160914,30,1122.502006
-21.580555,30,1122.904797
-20.692027,30,1123.284581
-26.69652,30,1123.68035
-18.383762,30,1124.100301
-21.746025,30,1124.493049
-23.67056,30,1124.895811
-16.775147,30,1125.282617
-25.277318,30,1125.675368
-20.916316,30,1126.056172
-15.808065,30,1126.467911
-21.662999,30,1126.864706
-20.452973,30,1127.248486
-16.358291,30,1127.626267
-21.297431,30,1128.00505
-18.891611,30,1128.399822
-19.615922,30,1128.801591
-18.547394,30,1129.18437
-18.989903,30,1129.573146
-20.723877,30,1129.960924
-23.89933,30,1130.35867
-21.161994,30,1130.757442
-21.504566,30,1131.143242
-17.766669,30,1131.535993
-27.174561,30,1131.925768
-19.345206,30,1132.317565
-20.492603,30,1132.700345
-21.000162,30,1133.088098
-24.640898,30,1133.479874
-18.770586,30,1133.870639
-21.237474,30,1134.260446
-22.73612,30,1134.644202
-17.563416,30,1135.055965
-25.260861,30,1135.430756
-23.387244,30,1135.818527
-28.935097,30,1136.207302
-20.424495,30,1136.593076
-16.852056,30,1136.989874
-24.004591,30,1137.372655
-25.883639,30,1137.771425
-30.265274,30,1138.163198
-18.83231,30,1138.545978
-17.556165,30,1138.954742
-23.068215,30,1139.333526
-24.390243,30,1139.725267
-21.035914,30,1140.124042
-20.44861,30,1140.505849
-26.103247,30,1140.92061
-22.713212,30,1141.333372
-16.866597,30,1141.804075
-24.423358,30,1142.253817
-19.511535,30,1142.747556
-19.317937,30,1143.138333
-17.761347,30,1143.533074
-25.746836,30,1143.935874
-21.70986,30,1144.313628
-22.388679,30,1144.706429
-13.606622,30,1145.144177
-20.110939,30,1145.547914
-17.569845,30,1146.012649
