#{"t_start": 1586764785.9616225, "env_id": "velocitycontrol-v2"}
r,l,t
-380.0,30,4.079664
-320.0,30,4.145627
-300.0,30,4.217585
-280.0,30,6.191935
-220.0,30,6.597727
-460.0,30,6.991467
-380.0,30,7.389269
-280.0,30,7.776016
-400.0,30,8.16682
-400.0,30,8.560594
-320.0,30,8.948369
-420.0,30,9.34614
-540.0,30,9.730917
-500.0,30,10.121693
-320.0,30,10.509439
-440.0,30,10.899244
-520.0,30,11.297014
-580.0,30,11.688788
-540.0,30,12.074566
-600,30,12.460317
-460.0,30,12.848119
-420.0,30,13.246859
-560.0,30,13.631635
-560.0,30,14.020442
-580.0,30,14.420213
-600,30,14.803959
-580.0,30,15.196733
-600,30,15.588538
-600,30,15.971316
-600,30,16.359093
-580.0,30,16.749867
-580.0,30,17.143609
-580.0,30,17.534414
-580.0,30,17.917193
-580.0,30,18.306939
-600,30,18.695744
-600,30,19.085519
-580.0,30,19.475297
-600,30,19.861075
-600,30,20.247823
-600,30,20.641621
-600,30,21.04239
-600,30,21.430166
-600,30,21.836932
-600,30,22.241698
-600,30,22.630476
-600,30,23.017251
-600,30,23.404002
-600,30,23.791804
-600,30,24.183577
-600,30,24.573353
-600,30,24.959106
-600,30,25.347883
-600,30,25.751674
-600,30,26.142426
-600,30,26.53422
-600,30,26.915971
-600,30,27.312771
-600,30,27.699551
-600,30,28.087324
-600,30,28.4771
-600,30,28.867874
-600,30,29.263616
-600,30,29.657389
-600,30,30.044164
360.0,30,30.43297
-600,30,30.819718
-580.0,30,31.219499
-600,30,31.626253
-600,30,32.013029
-600,30,32.405832
-600,30,32.792608
-600,30,33.18835
-600,30,33.581154
-600,30,33.966931
-600,30,34.359706
-600,30,34.750479
-600,30,35.137256
-580.0,30,35.527031
-600,30,35.912809
-600,30,36.310579
-600,30,36.699355
-600,30,37.086131
-600,30,37.474907
-480.0,30,37.862654
-580.0,30,38.258455
-600,30,38.652203
-600,30,39.037006
-600,30,39.425781
-600,30,39.807533
-600,30,40.198336
-600,30,40.59011
-600,30,40.978854
-600,30,41.366631
-600,30,41.758435
-600,30,42.152182
-600,30,42.549978
-600,30,42.943723
-600,30,43.333526
-600,30,43.727298
-600,30,44.117074
-600,30,44.509826
-600,30,44.897623
-600,30,45.286373
-600,30,45.675174
-600,30,46.064925
-600,30,46.457723
-600,30,46.846501
-600,30,47.234275
-600,30,47.623053
-600,30,48.007828
-600,30,48.403601
-600,30,48.795375
-600,30,49.185149
-240.0,30,49.574925
-600,30,49.965669
-600,30,50.355444
-600,30,50.757241
-600,30,51.157981
-600,30,51.555748
-600,30,51.941558
-600,30,52.331333
-600,30,52.736073
-600,30,53.126874
-600,30,53.520617
-600,30,53.910422
-600,30,54.298176
-600,30,54.704964
-600,30,55.096738
-600,30,55.49148
-600,30,55.881285
-600,30,56.268063
-600,30,56.654808
-600,30,57.061604
-600,30,57.456376
-600,30,57.841154
-600,30,58.230929
-600,30,58.620674
-600,30,59.011451
-600,30,59.411251
-600,30,59.800024
-360.0,30,60.191768
-600,30,60.581573
-600,30,60.96732
-600,30,61.368119
-600,30,61.759863
-600,30,62.152666
-600,30,62.54541
-600,30,62.938213
-600,30,63.327962
-600,30,63.717762
-600,30,64.112536
-600,30,64.508306
-600,30,64.90108
-600,30,65.296851
-600,30,65.692623
-600,30,66.081398
-600,30,66.482167
-600,30,66.870913
-600,30,67.259721
-600,30,67.653464
-600,30,68.042268
-600,30,68.441007
-580.0,30,68.828812
-600,30,69.214591
-600,30,69.602337
-600,30,69.99514
-600,30,70.398875
-600,30,70.786683
-600,30,71.174459
-600,30,71.563237
2520.0,30,71.95301
-600,30,72.347783
-600,30,72.737558
-600,30,73.126333
-600,30,73.514111
-360.0,30,73.902884
-600,30,74.312617
-600,30,74.698396
-600,30,75.086202
-600,30,75.473979
-600,30,75.860757
-600,30,76.254528
-600,30,76.646302
-600,30,77.036077
-600,30,77.428818
-600,30,77.816596
-600,30,78.202374
-600,30,78.591179
-600,30,78.985929
-600,30,79.390688
-600,30,79.777495
-600,30,80.16627
-600,30,80.558044
-600,30,80.946819
-600,30,81.380544
-600,30,81.832276
-600,30,82.270056
-600,30,82.720767
-480.0,30,83.14153
-600,30,83.54532
-600,30,83.931097
-600,30,84.320873
-600,30,84.709619
-600,30,85.100424
-600,30,85.496194
-600,30,85.880972
-600,30,86.272747
-600,30,86.656524
-600,30,87.0493
-600,30,87.446069
-600,30,87.834815
-600,30,88.228619
-600,30,88.618363
-600,30,89.00617
-600,30,89.393913
-600,30,89.781721
-600,30,90.177493
-600,30,90.575263
-600,30,90.961041
-600,30,91.361809
-600,30,91.748587
-600,30,92.143333
-600,30,92.54013
-600,30,92.930904
-600,30,93.320679
-600,30,93.711453
-600,30,94.10023
-600,30,94.499973
-600,30,94.88975
-600,30,95.300536
-600,30,95.691311
-600,30,96.077088
-600,30,96.466863
-600,30,96.856638
-600,30,97.256407
-600,30,97.646183
-600,30,98.034958
-600,30,98.441723
-600,30,98.839494
-580.0,30,99.235236
-480.0,30,99.629038
-600,30,100.013785
-600,30,100.412586
-600,30,100.797335
-600,30,101.194137
-600,30,101.579914
-600,30,101.971686
-600,30,102.371423
-600,30,102.76423
-600,30,103.151975
-600,30,103.549777
-600,30,103.937552
-600,30,104.33932
-600,30,104.725069
-600,30,105.111874
-600,30,105.506617
-600,30,105.894395
-600,30,106.291194
-600,30,106.676971
-600,30,107.067745
-600,30,107.454493
-600,30,107.844297
-600,30,108.236072
-600,30,108.624817
-600,30,109.011593
-600,30,109.401371
-600,30,109.788177
-600,30,110.17992
-600,30,110.575722
-600,30,110.966496
-600,30,111.364265
-600,30,111.753012
-600,30,112.145815
-600,30,112.538589
-600,30,112.925364
-600,30,113.312142
-600,30,113.701917
-600,30,114.090662
-600,30,114.485465
-600,30,114.872242
-600,30,115.271979
-600,30,115.659757
-600,30,116.050532
-600,30,116.440337
-600,30,116.826114
-600,30,117.220886
-600,30,117.622655
-600,30,118.019425
-600,30,118.407203
-600,30,118.794978
-600,30,119.185725
-480.0,30,119.58849
-600,30,119.976267
-600,30,120.366071
-600,30,120.752848
-600,30,121.141594
-600,30,121.536397
-600,30,121.926171
-600,30,122.321945
-600,30,122.731706
-600,30,123.135473
-600,30,123.519251
-600,30,123.904029
-580.0,30,124.303769
-600,30,124.690576
-600,30,125.08035
-600,30,125.475094
-600,30,125.864868
-600,30,126.262668
-600,30,126.651413
-600,30,127.040188
-600,30,127.427966
-600,30,127.816771
-480.0,30,128.211543
-600,30,128.601288
-600,30,128.986097
-600,30,129.373847
-600,30,129.767646
-600,30,130.160419
-600,30,130.555192
-600,30,130.940939
-600,30,131.33172
-600,30,131.73448
-600,30,132.120258
-600,30,132.507065
-600,30,132.907832
-600,30,133.304605
-600,30,133.696378
-600,30,134.094119
-600,30,134.484923
-600,30,134.867702
-600,30,135.263447
-600,30,136.318237
-600,30,136.716983
-600,30,137.12674
-600,30,137.527511
-600,30,137.918283
-600,30,138.310057
-600,30,138.709856
-600,30,139.098631
-600,30,139.493376
-600,30,139.882154
-600,30,140.283947
-480.0,30,140.672723
-600,30,141.062498
-600,30,141.452273
-600,30,141.839051
-600,30,142.228796
-600,30,142.615572
-600,30,143.004378
-600,30,143.409114
-600,30,143.803887
-600,30,144.19566
-600,30,144.584465
-600,30,144.971213
-600,30,145.375009
-600,30,145.765754
-600,30,146.164554
-600,30,146.5533
240.0,30,146.945072
-600,30,147.343873
-600,30,147.73065
-600,30,148.123401
-600,30,148.522193
-600,30,148.910969
-600,30,149.315735
-600,30,149.70551
-600,30,150.096285
-600,30,150.488059
-600,30,150.875835
-600,30,151.277604
-600,30,151.669378
-600,30,152.060152
-600,30,152.452925
-600,30,152.840669
-600,30,153.246443
-600,30,153.637241
-600,30,154.027016
-600,30,154.424756
-580.0,30,154.812563
-600,30,155.203338
-600,30,155.591113
-600,30,155.984886
-600,30,156.383625
-600,30,156.770433
-600,30,157.161178
-600,30,157.556979
-600,30,157.948753
-600,30,158.345495
-600,30,158.737268
-600,30,159.127073
-600,30,159.519817
-600,30,159.906594
-600,30,160.308362
-480.0,30,160.699136
-600,30,161.091939
-600,30,161.487681
-600,30,161.878456
-600,30,162.282252
-600,30,162.673997
-600,30,163.069801
-600,30,163.458544
-600,30,163.849348
-600,30,164.246094
-600,30,164.634896
-600,30,165.025669
-600,30,165.420411
-580.0,30,165.811216
-600,30,166.207987
-600,30,166.601759
-600,30,166.993533
-600,30,167.396284
-600,30,167.787045
-360.0,30,168.186816
-600,30,168.590612
-600,30,168.981357
-600,30,169.373129
-600,30,169.779926
-600,30,170.174676
-580.0,30,170.577466
-600,30,170.967367
-360.0,30,171.370131
-600,30,171.757879
-600,30,172.148682
-600,30,172.540455
-600,30,172.927201
-600,30,173.327002
-600,30,173.718746
-600,30,174.109551
-600,30,174.503323
-600,30,174.892098
-600,30,175.291848
-600,30,175.683641
-600,30,176.075416
-600,30,176.46619
-600,30,176.851967
-600,30,177.250706
-600,30,177.64651
-600,30,178.058241
-600,30,178.452044
-600,30,178.846817
-600,30,179.244586
-600,30,179.642331
-600,30,180.029133
-600,30,180.419882
-600,30,180.808685
-600,30,181.205455
-600,30,181.601229
-600,30,181.993999
-600,30,182.396767
-600,30,182.788542
-600,30,183.183313
-600,30,183.582083
-600,30,183.972828
-600,30,184.365632
-600,30,184.758404
-600,30,185.157144
-600,30,185.550949
-600,30,185.966923
-600,30,186.367699
-600,30,186.774487
-600,30,187.168261
-600,30,187.565031
-600,30,187.955806
-600,30,188.348549
-600,30,188.739353
-600,30,189.131126
-600,30,189.520902
-600,30,189.911646
-600,30,190.308447
-600,30,190.70319
-600,30,191.096992
-580.0,30,191.487767
-600,30,191.886512
-600,30,192.307269
-600,30,192.71306
-600,30,193.276712
-600,30,193.803401
-600,30,194.37607
-600,30,194.798856
-600,30,195.280576
-600,30,195.680322
-560.0,30,196.098107
-600,30,196.574831
-600,30,196.976569
-600,30,197.392329
-600,30,197.820112
-580.0,30,198.241842
-600,30,198.669592
-600,30,199.07339
-600,30,199.478126
-600,30,199.949884
-600,30,200.472582
-600,30,201.004245
-600,30,201.421009
-600,30,201.848757
-600,30,202.340482
-600,30,202.767257
-600,30,203.191983
-580.0,30,203.59378
-600,30,203.990552
-600,30,204.383293
-600,30,204.78909
-600,30,205.196855
-560.0,30,205.613615
-600,30,206.019351
-600,30,206.414153
-600,30,206.806896
-600,30,207.220688
-600,30,207.627454
-600,30,208.027221
-580.0,30,208.441953
-600,30,208.886695
-600,30,209.331446
-600,30,209.745201
-580.0,30,210.147999
-600,30,210.550736
-600,30,210.971525
-600,30,211.406272
-580.0,30,211.808009
-600,30,212.204781
-600,30,212.611547
-600,30,213.019341
-600,30,213.417081
-600,30,213.82785
-600,30,214.310597
-600,30,214.777295
-600,30,215.197055
-600,30,215.587858
-600,30,215.973606
-600,30,216.381371
-600,30,216.772175
-600,30,217.239882
-600,30,217.665659
-600,30,218.083396
-600,30,218.572136
-600,30,218.986897
-600,30,219.443632
-600,30,219.929322
-600,30,220.351085
-600,30,220.777864
-600,30,221.208615
-600,30,221.603358
-600,30,221.995131
-600,30,222.396899
-600,30,222.819685
-600,30,223.24444
-600,30,223.660201
-600,30,224.069932
-600,30,224.463737
-600,30,224.857478
-600,30,225.319242
-600,30,225.737002
-600,30,226.182712
-600,30,226.615494
-600,30,227.044249
-600,30,227.487967
-600,30,227.883763
-600,30,228.304491
-600,30,228.770252
-600,30,229.235952
-480.0,30,229.74266
-600,30,230.273353
-600,30,230.777093
-600,30,231.315758
-600,30,231.794509
-600,30,232.298184
-580.0,30,232.821883
-600,30,233.291612
-600,30,233.698378
-600,30,234.146126
-600,30,234.640862
-600,30,235.075613
-600,30,235.532325
-600,30,235.967076
-600,30,236.471777
-600,30,236.918518
-600,30,237.45421
-600,30,237.987902
-600,30,238.544581
-600,30,239.114252
-600,30,239.618992
-600,30,240.079697
-600,30,240.49946
-560.0,30,240.9372
-600,30,241.346963
-600,30,241.743735
-600,30,242.140536
-600,30,242.536309
-600,30,242.930079
-600,30,243.334816
-600,30,243.751605
-600,30,244.164343
-600,30,244.585125
-600,30,244.997886
-600,30,245.406621
-600,30,245.814386
-600,30,246.230144
-600,30,246.627916
-600,30,247.023717
-600,30,247.441476
-600,30,247.855238
-560.0,30,248.277961
-600,30,248.719709
-600,30,249.164451
-600,30,249.60223
-600,30,250.113911
-600,30,250.55368
-600,30,250.963414
-560.0,30,251.402191
-600,30,251.85293
-600,30,252.295676
-600,30,252.711412
-600,30,253.220111
-600,30,253.70686
-600,30,254.146607
-600,30,254.569364
-600,30,255.014106
-580.0,30,255.417843
-580.0,30,255.813615
-600,30,256.233379
-600,30,256.737112
-600,30,257.154849
-600,30,257.585622
-600,30,257.991388
-600,30,258.418119
-600,30,258.831903
-600,30,259.255628
-600,30,259.647432
-600,30,260.102139
-600,30,260.55188
-600,30,260.983632
-600,30,261.388428
-580.0,30,261.803158
-580.0,30,262.23191
-600,30,262.650699
-600,30,263.064431
-600,30,263.477222
-580.0,30,263.894983
-600,30,264.300717
-600,30,264.704514
-600,30,265.168246
-600,30,265.643947
-600,30,266.051737
-600,30,266.515468
-600,30,266.922234
-600,30,267.324002
-600,30,267.721742
-500.0,30,268.129507
-600,30,268.556262
-580.0,30,268.961025
-580.0,30,269.377795
-600,30,269.82153
-600,30,270.273275
-600,30,270.733004
-520.0,30,271.17578
-600,30,271.582544
-600,30,271.984313
-600,30,272.432025
-600,30,272.879773
-600,30,273.342529
-600,30,273.776248
-600,30,274.246998
-560.0,30,274.705719
-600,30,275.168452
-600,30,275.936032
-420.0,30,276.365785
-600,30,276.765524
-600,30,277.223258
-600,30,277.73996
-600,30,278.26266
-600,30,278.709405
-600,30,279.125191
-600,30,279.548947
-600,30,279.951685
-600,30,280.35948
-600,30,280.765245
-600,30,281.216954
-600,30,281.723663
-600,30,282.129458
-600,30,282.620174
-600,30,283.050896
-480.0,30,283.576601
-600,30,284.005356
-600,30,284.42611
-600,30,284.843891
-600,30,285.26762
-360.0,30,285.718355
-600,30,286.247081
-460.0,30,286.751791
-600,30,287.227486
-600,30,287.793167
-600,30,288.218945
-600,30,288.633705
-600,30,289.057462
-380.0,30,289.481215
-520.0,30,289.880955
-600,30,290.28772
-600,30,290.694485
-600,30,291.191228
-600,30,291.600993
-600,30,292.014723
-600,30,292.440508
-600,30,292.844245
-600,30,293.265032
-600,30,293.677793
-600,30,294.09955
-600,30,294.51628
-600,30,294.912082
-600,30,295.317848
-480.0,30,295.739572
-600,30,296.186346
-600,30,296.585086
-600,30,297.02883
-600,30,297.492592
-600,30,297.91335
-600,30,298.32711
-600,30,298.730847
-600,30,299.152635
-600,30,299.551404
-380.0,30,299.961137
-600,30,300.387922
-600,30,300.787661
-600,30,301.188429
-600,30,301.590198
-600,30,302.013953
-600,30,302.464693
-600,30,302.902471
-600,30,303.339189
-600,30,303.738989
-600,30,304.185728
-600,30,304.590496
-600,30,304.988266
-600,30,305.385038
-600,30,305.77881
-600,30,306.182577
-600,30,306.589344
-580.0,30,306.99008
-600,30,307.403872
-600,30,307.796616
-600,30,308.241389
-600,30,308.641493
-360.0,30,309.034267
-540.0,30,309.44506
-540.0,30,309.835834
-600,30,310.273552
-600,30,310.669353
-600,30,311.061113
-580.0,30,311.462895
-600,30,311.854669
-600,30,312.249441
3000.0,30,312.646213
-480.0,30,313.038986
-600,30,313.44975
-600,30,313.842522
-600,30,314.24426
-380.0,30,314.637064
-580.0,30,315.028837
-600,30,315.434603
-600,30,315.825348
-600,30,316.224149
-600,30,316.619889
-460.0,30,317.010694
-300.0,30,317.41546
-600,30,317.809203
-600,30,318.205974
-600,30,318.597778
-600,30,318.991551
-440.0,30,319.402313
-600,30,319.794088
-600,30,320.185862
-600,30,320.578635
-600,30,320.969409
-600,30,321.359185
-600,30,321.753956
-580.0,30,322.145732
-600,30,322.5445
-600,30,322.935245
-600,30,323.331017
-600,30,323.719822
-600,30,324.11857
-600,30,324.552316
-600,30,324.946092
-600,30,325.343885
-480.0,30,325.742655
-600,30,326.137427
-600,30,326.554186
-600,30,326.966948
-500.0,30,327.365719
-600,30,327.761491
-600,30,328.157238
-280.0,30,328.567995
-580.0,30,328.966794
-580.0,30,329.394517
-580.0,30,329.812306
-600,30,330.215073
-600,30,330.640828
-600,30,331.05156
-360.0,30,331.453329
-280.0,30,331.871121
-600,30,332.285878
-520.0,30,332.748582
-380.0,30,333.24033
-600,30,333.722049
-200.0,30,334.166793
-580.0,30,334.575526
-600,30,334.971299
-480.0,30,335.379094
-600,30,335.78383
-600,30,336.184599
-600,30,336.584373
-600,30,336.991164
-600,30,337.398928
-600,30,337.794699
-600,30,338.186474
-140.0,30,338.605232
-600,30,339.016994
-600,30,339.417762
-600,30,339.807538
-20.0,30,340.201313
-520.0,30,340.600081
-580.0,30,340.998821
-600,30,341.432601
-600,30,341.84936
-600,30,342.268092
-400.0,30,342.685876
-600,30,343.1136
-600,30,343.516399
-600,30,343.908172
-600,30,344.374902
-600,30,344.780668
-460.0,30,345.206422
-80.0,30,345.624151
2760.0,30,346.02395
-600,30,346.415725
-600,30,346.844455
-600,30,347.25122
-600,30,347.641987
-600,30,348.036789
-600,30,348.436528
-600,30,348.842295
-600,30,349.262052
-80.0,30,349.673845
-600,30,350.075613
-280.0,30,350.519357
-20.0,30,350.945113
-600,30,351.389822
-600,30,351.785625
-600,30,352.192391
-600,30,352.594136
-600,30,353.025886
-540.0,30,353.485645
-600,30,353.920364
-600,30,354.356117
-600,30,354.767874
-600,30,355.198656
360.0,30,355.605391
-600,30,356.013185
-580.0,30,356.424948
-600,30,356.821719
-600,30,357.214462
-600,30,357.611234
-600,30,358.005007
-600,30,358.427761
-600,30,358.850548
-580.0,30,359.26531
-600,30,359.67807
-600,30,360.096805
0.0,30,360.508592
-600,30,360.930348
-600,30,361.327119
-300.0,30,361.74088
-540.0,30,362.15764
-600,30,362.593389
-480.0,30,363.051095
-440.0,30,363.574797
-600,30,364.015545
-540.0,30,364.472282
-600,30,364.902056
-40.0,30,365.317816
-600,30,365.734546
-160.0,30,366.158331
-600,30,366.602051
-580.0,30,367.039822
-20.0,30,367.484535
-600,30,367.911289
-480.0,30,368.452982
-600,30,368.93273
-600,30,369.413453
-560.0,30,369.848178
-360.0,30,370.335894
480.0,30,370.803632
-420.0,30,371.252358
-600,30,371.764073
-580.0,30,372.235792
-600,30,372.686534
-600,30,373.163258
-580.0,30,373.622025
-100.0,30,374.030766
-600,30,374.537472
-40.0,30,374.977242
0.0,30,375.411991
600.0,30,375.825722
-600,30,376.241512
-120.0,30,376.659244
-600,30,377.113978
-600,30,377.588705
-600,30,378.11443
-600,30,378.580133
-600,30,378.987927
-540.0,30,379.420656
-40.0,30,379.850399
-600,30,380.303168
-540.0,30,380.729922
-600,30,381.155647
-600,30,381.620377
-260.0,30,382.078121
-300.0,30,382.542846
-180.0,30,382.992587
-600,30,383.460346
0.0,30,383.880104
-600,30,384.305858
-20.0,30,384.754567
-600,30,385.168338
-600,30,385.852965
-600,30,386.401626
-600,30,386.89833
-600,30,387.421029
-60.0,30,387.87877
0.0,30,388.364486
-600,30,389.17102
-240.0,30,389.712707
-600,30,390.177442
-600,30,390.638205
-600,30,391.074929
-600,30,391.571666
-20.0,30,392.052386
-400.0,30,392.480119
-600,30,393.040786
0.0,30,393.587477
2400.0,30,394.098182
-600,30,394.621875
0.0,30,395.114591
-240.0,30,395.615331
-60.0,30,396.017077
0.0,30,396.471806
-600,30,396.886598
-200.0,30,397.308354
-20.0,30,397.719117
-480.0,30,398.176824
-300.0,30,398.642553
-220.0,30,399.054316
-600,30,399.55903
-600,30,400.061736
-60.0,30,400.517503
-600,30,400.967243
-580.0,30,401.410955
-600,30,401.83874
-120.0,30,402.241507
-600,30,402.658276
-380.0,30,403.088021
-600,30,403.695637
-560.0,30,404.164368
-440.0,30,404.647089
-600,30,405.175792
-100.0,30,405.614529
-600,30,406.03729
-40.0,30,406.445082
-600,30,406.923776
0.0,30,407.336538
-600,30,407.770293
-20.0,30,408.21503
-600,30,408.669797
-600,30,409.090555
-480.0,30,409.49932
-600,30,410.105938
-260.0,30,410.654652
-400.0,30,411.090374
-600,30,411.508163
-360.0,30,411.916894
-600,30,412.314665
0.0,30,412.726427
-600,30,413.166203
0.0,30,413.589959
-600,30,413.991727
-160.0,30,414.392473
-40.0,30,414.796233
-80.0,30,415.192034
-600,30,415.610792
-600,30,416.006532
-120.0,30,416.564059
-600,30,417.039785
0.0,30,417.51252
0.0,30,418.033242
0.0,30,418.541917
-580.0,30,419.069644
0.0,30,419.469414
0.0,30,419.969125
-600,30,420.389882
0.0,30,421.273342
-600,30,421.723113
-600,30,422.167827
-600,30,422.598607
0.0,30,423.043321
-20.0,30,423.648971
0.0,30,424.218651
0.0,30,424.811307
-480.0,30,425.304016
0.0,30,425.790736
-600,30,426.263463
0.0,30,426.691245
-600,30,427.096013
-600,30,427.527733
-80.0,30,427.939527
-600,30,428.344262
0.0,30,428.774014
0.0,30,429.175813
-200.0,30,429.617525
-20.0,30,430.056304
0.0,30,430.47903
-340.0,30,430.883826
-240.0,30,431.291591
-600,30,431.688339
-600,30,432.086133
-600,30,432.480905
0.0,30,432.877646
-20.0,30,433.303399
-600,30,433.732153
-600,30,434.149911
-580.0,30,434.594662
0.0,30,435.02741
-300.0,30,435.454169
-600,30,435.858955
-40.0,30,436.262692
1200.0,30,436.66649
-580.0,30,437.085248
-300.0,30,437.535955
0.0,30,437.953745
0.0,30,438.364509
0.0,30,438.817246
-360.0,30,439.252995
0.0,30,439.683749
0.0,30,440.173464
-60.0,30,440.637168
0.0,30,441.090937
-360.0,30,441.538677
0.0,30,442.025367
-520.0,30,442.459147
-480.0,30,442.893865
-20.0,30,443.51054
-600,30,444.023212
0.0,30,444.776786
-600,30,445.238543
0.0,30,445.735256
-20.0,30,446.15699
0.0,30,446.631709
-240.0,30,447.172397
-600,30,447.622135
0.0,30,448.168831
-280.0,30,448.610566
-280.0,30,449.13127
-360.0,30,449.611996
-40.0,30,450.093741
0.0,30,450.522463
-60.0,30,451.027202
0.0,30,451.562862
-80.0,30,452.05061
-580.0,30,452.525314
-20.0,30,453.074988
0.0,30,453.598717
0.0,30,454.078417
-40.0,30,454.564159
-220.0,30,455.051848
0.0,30,455.5356
-200.0,30,455.962354
-600,30,456.399076
0.0,30,456.836849
-200.0,30,457.27057
-20.0,30,457.688327
-20.0,30,458.156057
-500.0,30,458.671765
0.0,30,459.168507
0.0,30,459.716164
-300.0,30,460.149937
-340.0,30,460.624633
0.0,30,461.058383
-380.0,30,461.526113
-60.0,30,461.957895
-320.0,30,462.37965
-180.0,30,462.787415
-40.0,30,463.208172
0.0,30,463.641922
-340.0,30,464.033696
-40.0,30,464.428438
0.0,30,464.826215
0.0,30,465.29094
0.0,30,465.723691
-600,30,466.159469
-60.0,30,466.592194
-40.0,30,467.017973
0.0,30,467.469713
0.0,30,467.897436
0.0,30,468.336212
-120.0,30,468.815906
-400.0,30,469.364619
-100.0,30,469.807364
-600,30,470.236087
0.0,30,470.654875
-80.0,30,471.05961
460.0,30,471.505357
-260.0,30,471.916119
0.0,30,472.323882
-100.0,30,472.818596
0.0,30,473.38427
0.0,30,474.039891
0.0,30,474.535635
-200.0,30,475.111279
0.0,30,475.614981
-140.0,30,476.10473
0.0,30,476.601413
0.0,30,477.037191
0.0,30,477.465914
0.0,30,477.880704
-580.0,30,478.409399
-580.0,30,478.838152
-540.0,30,479.26288
0.0,30,479.696656
-20.0,30,480.152371
-40.0,30,480.614127
-160.0,30,481.032863
-140.0,30,481.480597
0.0,30,481.930336
0.0,30,482.369115
-540.0,30,482.813828
-540.0,30,483.239612
0.0,30,483.655342
0.0,30,484.068104
0.0,30,484.502853
0.0,30,484.944606
0.0,30,485.378356
-20.0,30,485.804108
-240.0,30,486.218894
-20.0,30,486.67163
-280.0,30,487.092359
-180.0,30,487.560118
-600,30,487.995837
1200.0,30,488.438612
0.0,30,488.854373
-20.0,30,489.286093
2760.0,30,489.787803
-20.0,30,490.280527
-160.0,30,490.821214
-100.0,30,491.306956
-260.0,30,491.721688
-40.0,30,492.140446
0.0,30,492.585189
-20.0,30,493.001954
0.0,30,493.451688
-460.0,30,493.861484
0.0,30,494.274244
-100.0,30,494.687976
0.0,30,495.156713
0.0,30,495.580461
-240.0,30,496.015223
0.0,30,496.469946
-20.0,30,496.889705
0.0,30,497.333447
0.0,30,497.773225
-100.0,30,498.185986
-220.0,30,498.612741
-20.0,30,499.022504
0.0,30,499.436265
0.0,30,499.853002
0.0,30,500.273752
0.0,30,500.687545
-240.0,30,501.09131
0.0,30,501.503042
-20.0,30,501.969774
-540.0,30,502.389537
0.0,30,502.833273
-20.0,30,503.323023
-40.0,30,503.751745
-20.0,30,504.186523
-180.0,30,504.597257
-60.0,30,504.998055
-60.0,30,505.413815
0.0,30,505.807559
0.0,30,506.214324
-40.0,30,506.624117
-100.0,30,507.019889
-200.0,30,507.427624
-80.0,30,507.821426
-300.0,30,508.218167
-420.0,30,508.614969
0.0,30,509.027706
-240.0,30,509.451487
0.0,30,509.851256
-20.0,30,510.250024
-240.0,30,510.650764
-560.0,30,511.047534
0.0,30,511.51327
-20.0,30,511.986022
0.0,30,512.484735
-200.0,30,512.920461
0.0,30,513.345208
0.0,30,513.750005
-60.0,30,514.161767
0.0,30,514.566534
-520.0,30,514.966273
0.0,30,515.379038
0.0,30,515.780832
-100.0,30,516.201568
-20.0,30,516.636316
0.0,30,517.062062
-600,30,517.486848
0.0,30,517.890615
0.0,30,518.303378
0.0,30,518.711112
-180.0,30,519.148889
-160.0,30,519.569647
0.0,30,520.009851
0.0,30,520.415587
0.0,30,520.809389
-40.0,30,521.216125
0.0,30,521.623919
-60.0,30,522.014694
-60.0,30,522.410465
0.0,30,522.837189
0.0,30,523.255977
0.0,30,523.654721
-160.0,30,524.054517
-40.0,30,524.48227
0.0,30,524.875043
-80.0,30,525.276789
-60.0,30,525.682577
-80.0,30,526.077349
-40.0,30,526.479119
0.0,30,526.87189
-120.0,30,527.273659
-140.0,30,527.670431
0.0,30,528.078194
0.0,30,528.508914
0.0,30,528.904717
0.0,30,529.297493
-320.0,30,529.726214
-20.0,30,530.139975
-40.0,30,530.544772
0.0,30,530.950507
-20.0,30,531.3613
-120.0,30,531.777063
-80.0,30,532.197819
-160.0,30,532.596587
1380.0,30,532.987361
0.0,30,533.397125
-500.0,30,533.790897
-100.0,30,534.191658
0.0,30,534.612423
0.0,30,535.019189
0.0,30,535.420957
-40.0,30,535.815707
0.0,30,536.243482
-420.0,30,536.637255
280.0,30,537.030028
-40.0,30,537.56169
0.0,30,538.033449
0.0,30,538.504178
0.0,30,538.971878
-60.0,30,539.392633
0.0,30,539.798432
0.0,30,540.197201
0.0,30,540.597945
-380.0,30,541.051678
-300.0,30,541.448449
-260.0,30,541.86324
0.0,30,542.262979
-100.0,30,542.673771
-40.0,30,543.088503
0.0,30,543.531278
0.0,30,543.948013
160.0,30,544.359799
0.0,30,544.786553
-80.0,30,545.192318
-20.0,30,545.626068
0.0,30,546.046793
0.0,30,546.474549
-180.0,30,546.920322
0.0,30,547.322088
0.0,30,547.715862
-540.0,30,548.108605
0.0,30,548.509374
0.0,30,548.904176
0.0,30,549.301946
-320.0,30,549.698717
-20.0,30,550.117475
-220.0,30,550.513249
-160.0,30,550.905022
0.0,30,551.322023
0.0,30,551.758742
-360.0,30,552.350406
0.0,30,552.829154
-320.0,30,553.303879
-540.0,30,553.730633
-20.0,30,554.148363
-260.0,30,554.584139
-360.0,30,554.996902
0.0,30,555.545589
-80.0,30,555.96732
0.0,30,556.468053
-20.0,30,556.906804
0.0,30,557.375503
-280.0,30,557.981149
-520.0,30,558.969586
0.0,30,559.441313
0.0,30,559.850077
0.0,30,560.239877
0.0,30,560.681592
-560.0,30,561.107376
0.0,30,561.527145
-580.0,30,561.930871
0.0,30,562.341643
-220.0,30,562.759392
-280.0,30,563.172186
-600,30,563.604913
0.0,30,564.021694
0.0,30,564.448419
0.0,30,564.863209
-40.0,30,565.324911
0.0,30,565.731709
-200.0,30,566.154452
0.0,30,566.578218
-20.0,30,566.973992
0.0,30,567.371738
-480.0,30,568.204281
-420.0,30,568.622017
-40.0,30,569.041769
-40.0,30,569.446564
0.0,30,569.840336
-360.0,30,570.237078
-280.0,30,570.634878
0.0,30,571.047641
0.0,30,571.464375
-60.0,30,571.871165
-80.0,30,572.590719
0.0,30,573.50419
0.0,30,573.862983
0.0,30,574.147824
0.0,30,574.615556
-40.0,30,575.129255
0.0,30,575.571029
-420.0,30,576.048753
-80.0,30,576.494497
0.0,30,577.003203
360.0,30,577.417964
-340.0,30,577.970615
0.0,30,578.447373
0.0,30,578.923065
0.0,30,579.401819
0.0,30,579.79659
-20.0,30,580.227312
-540.0,30,580.639075
0.0,30,581.104836
-20.0,30,581.560575
0.0,30,581.989325
0.0,30,582.434039
-220.0,30,582.850827
0.0,30,583.231608
0.0,30,583.641373
-60.0,30,584.030118
-480.0,30,584.684772
-300.0,30,585.121518
-120.0,30,585.610206
0.0,30,586.197867
-140.0,30,586.685616
-300.0,30,587.095349
-220.0,30,587.500145
0.0,30,587.974871
-160.0,30,588.400625
0.0,30,588.832351
0.0,30,589.263105
0.0,30,589.723861
-240.0,30,590.137623
0.0,30,590.553354
-20.0,30,590.971112
0.0,30,591.44287
-20.0,30,591.867626
-40.0,30,592.29138
-280.0,30,592.749116
0.0,30,593.156851
-420.0,30,593.570619
-60.0,30,594.016355
-480.0,30,594.424149
-100.0,30,594.833913
0.0,30,595.28962
-60.0,30,595.735393
-580.0,30,596.17314
-280.0,30,596.616884
-20.0,30,597.019622
-400.0,30,597.424388
0.0,30,597.832182
-20.0,30,598.262934
-140.0,30,598.842073
0.0,30,599.389764
-200.0,30,599.975417
-40.0,30,600.464166
-120.0,30,601.004853
-320.0,30,601.444601
-40.0,30,601.842371
-260.0,30,602.248107
-60.0,30,602.671868
-380.0,30,603.119602
-20.0,30,603.575372
-200.0,30,603.964146
0.0,30,604.370913
0.0,30,604.764655
0.0,30,605.169421
0.0,30,605.687122
-200.0,30,606.269785
0.0,30,606.863473
0.0,30,607.293196
-160.0,30,607.720949
0.0,30,608.133709
0.0,30,608.538507
0.0,30,608.95024
0.0,30,609.462973
-320.0,30,609.895693
0.0,30,610.457378
0.0,30,610.912106
0.0,30,611.34089
-280.0,30,611.754651
-20.0,30,612.162415
-80.0,30,612.583143
0.0,30,613.009927
0.0,30,613.422659
-40.0,30,613.817431
-20.0,30,614.226194
-160.0,30,614.638957
0.0,30,615.05373
-280.0,30,615.472476
-40.0,30,615.882239
-40.0,30,616.300027
0.0,30,616.709791
0.0,30,617.134516
-440.0,30,617.534315
0.0,30,617.967066
0.0,30,618.44679
0.0,30,618.870514
0.0,30,619.301266
-20.0,30,619.783994
-280.0,30,620.234734
0.0,30,620.678501
-140.0,30,621.140234
-200.0,30,621.606934
-100.0,30,622.071697
0.0,30,622.603359
0.0,30,623.069122
0.0,30,623.48785
0.0,30,623.895615
0.0,30,624.296384
-20.0,30,624.712173
0.0,30,625.126904
0.0,30,625.538697
-300.0,30,625.954456
0.0,30,626.361192
-120.0,30,626.771985
0.0,30,627.202713
0.0,30,627.662469
-280.0,30,628.16615
-40.0,30,628.610922
-20.0,30,629.140617
-180.0,30,629.631336
0.0,30,630.066054
0.0,30,630.465823
-100.0,30,630.860625
160.0,30,631.260365
-260.0,30,631.659165
-100.0,30,632.056903
-80.0,30,632.466676
0.0,30,632.865468
-20.0,30,633.26224
-20.0,30,633.684965
-240.0,30,634.08774
-520.0,30,634.4925
0.0,30,634.904267
-520.0,30,635.375021
0.0,30,635.897718
-320.0,30,636.33244
0.0,30,636.77518
-160.0,30,637.221954
0.0,30,637.702646
0.0,30,638.11241
-80.0,30,638.530199
-120.0,30,638.950923
0.0,30,639.407664
-340.0,30,639.855434
-460.0,30,640.285187
-300.0,30,640.754915
-380.0,30,641.238606
0.0,30,641.660392
0.0,30,642.076123
-320.0,30,642.503876
0.0,30,642.951647
0.0,30,643.356414
-360.0,30,643.760151
-40.0,30,644.172943
-120.0,30,644.570713
-500.0,30,644.980447
-220.0,30,645.398206
-140.0,30,645.807999
0.0,30,646.208768
-40.0,30,646.605539
-140.0,30,647.005278
-40.0,30,647.411052
0.0,30,647.821836
-580.0,30,648.233576
-20.0,30,648.683316
0.0,30,649.169059
-200.0,30,649.573826
-180.0,30,649.991558
-40.0,30,650.426333
-320.0,30,650.825081
-280.0,30,651.261822
-180.0,30,651.694602
-20.0,30,652.111361
-20.0,30,652.525124
-340.0,30,652.924892
-380.0,30,653.367607
-40.0,30,653.768373
-580.0,30,654.235107
-180.0,30,654.647868
-360.0,30,655.09461
-40.0,30,655.518395
-300.0,30,655.941153
-20.0,30,656.348917
-220.0,30,656.764645
-240.0,30,657.169423
-160.0,30,657.627178
-260.0,30,658.038911
0.0,30,658.451702
-80.0,30,658.92443
-400.0,30,659.378143
0.0,30,659.793927
-40.0,30,660.200663
-180.0,30,660.612455
-60.0,30,661.013224
-240.0,30,661.410965
0.0,30,661.80177
-100.0,30,662.209533
-140.0,30,662.609304
-100.0,30,663.022034
0.0,30,663.440794
-60.0,30,663.847557
-80.0,30,664.271345
-40.0,30,664.689073
-140.0,30,665.132847
-100.0,30,665.537583
-80.0,30,665.931386
-340.0,30,666.333154
-80.0,30,666.734922
220.0,30,667.18963
-20.0,30,667.666384
-120.0,30,668.065129
-320.0,30,668.492909
-140.0,30,668.919662
-20.0,30,669.335391
-20.0,30,669.82314
-300.0,30,670.239902
-340.0,30,670.646664
-600,30,671.0544
-100.0,30,671.475188
0.0,30,671.881953
-180.0,30,672.302713
-140.0,30,672.719437
-280.0,30,673.124206
-580.0,30,673.544992
-100.0,30,673.942763
-280.0,30,674.381477
-60.0,30,674.785277
-40.0,30,675.209999
0.0,30,675.612798
-100.0,30,676.00854
-300.0,30,676.45728
-480.0,30,676.866076
-160.0,30,677.271841
-380.0,30,677.67261
-60.0,30,678.072358
-580.0,30,678.500108
-140.0,30,678.926886
-120.0,30,679.365607
-40.0,30,679.793386
-20.0,30,680.193156
-200.0,30,680.616889
-240.0,30,681.137609
-80.0,30,681.58732
-20.0,30,682.050084
-160.0,30,682.514784
-480.0,30,682.973552
-20.0,30,683.446255
-60.0,30,683.881027
-20.0,30,684.32574
0.0,30,684.80847
-220.0,30,685.258233
-60.0,30,685.664968
-20.0,30,686.102745
-320.0,30,686.537495
-120.0,30,686.963225
-260.0,30,687.420962
0.0,30,687.858701
-260.0,30,688.321465
-40.0,30,688.735196
1800.0,30,689.156953
-40.0,30,689.587711
-340.0,30,689.998499
-20.0,30,690.424221
-160.0,30,690.88696
-160.0,30,691.356683
-100.0,30,691.768476
-120.0,30,692.180238
-440.0,30,692.595968
-500.0,30,693.010758
-600,30,693.454504
-40.0,30,693.87726
-220.0,30,694.281994
-40.0,30,694.718773
0.0,30,695.160499
-40.0,30,695.573283
-100.0,30,695.969051
-220.0,30,696.373786
-180.0,30,696.798544
-400.0,30,697.237289
-600,30,697.641088
-140.0,30,698.103792
-200.0,30,698.548533
0.0,30,698.963294
-40.0,30,699.39904
-600,30,699.837818
-440.0,30,700.256548
-40.0,30,700.670339
0.0,30,701.075105
-240.0,30,701.482869
-60.0,30,701.928583
-260.0,30,702.382319
-500.0,30,702.815101
-160.0,30,703.225864
-160.0,30,703.661583
-220.0,30,704.162299
0.0,30,704.591077
-440.0,30,705.019798
-440.0,30,705.425564
-60.0,30,705.888326
-520.0,30,706.331074
-220.0,30,706.735838
-140.0,30,707.141603
-120.0,30,707.54734
-20.0,30,707.947139
-60.0,30,708.357872
0.0,30,708.754674
-340.0,30,709.17543
-60.0,30,709.579198
-80.0,30,709.985933
-200.0,30,710.394727
-460.0,30,710.805492
-60.0,30,711.218221
-180.0,30,711.622018
-20.0,30,712.014762
-140.0,30,712.406565
-360.0,30,713.235087
0.0,30,713.631858
-300.0,30,714.021633
-180.0,30,714.457381
-80.0,30,714.845158
-440.0,30,715.236932
0.0,30,715.626708
-40.0,30,716.021479
-600,30,716.427221
-520.0,30,716.83498
0.0,30,717.297743
0.0,30,717.751471
0.0,30,718.23817
0.0,30,718.641967
-40.0,30,719.033711
-60.0,30,719.427516
-180.0,30,719.820287
-240.0,30,720.220056
-20.0,30,720.644782
-20.0,30,721.041551
-180.0,30,721.433357
-20.0,30,721.8251
-580.0,30,722.227898
-300.0,30,722.619673
-20.0,30,723.014444
-60.0,30,723.425177
-260.0,30,723.815982
-100.0,30,724.216749
-260.0,30,724.61452
0.0,30,725.006295
0.0,30,725.400044
-240.0,30,725.796839
-60.0,30,726.19061
0.0,30,726.622333
0.0,30,727.218986
0.0,30,727.712732
-100.0,30,728.107504
-360.0,30,728.525239
-580.0,30,728.981968
-420.0,30,729.387733
-120.0,30,729.78352
0.0,30,730.228281
-120.0,30,730.62705
0.0,30,731.030793
-40.0,30,731.439581
-80.0,30,731.889324
-600,30,732.288093
-180.0,30,732.679866
-80.0,30,733.072617
0.0,30,733.481403
-80.0,30,733.886139
-20.0,30,734.311894
-100.0,30,734.723662
0.0,30,735.176396
-20.0,30,735.589157
-160.0,30,736.002916
-520.0,30,736.427674
-40.0,30,736.847438
-400.0,30,737.274185
-40.0,30,737.692973
-400.0,30,738.097063
-20.0,30,738.586782
0.0,30,739.139457
-120.0,30,739.710126
-580.0,30,740.261808
-120.0,30,740.781516
-600,30,741.222256
0.0,30,741.625052
0.0,30,742.183699
0.0,30,742.655426
0.0,30,743.262077
-200.0,30,743.862731
-40.0,30,744.484402
-160.0,30,744.943107
-20.0,30,745.436822
-140.0,30,746.015489
-140.0,30,746.428272
-220.0,30,746.824021
-100.0,30,747.161832
-600,30,747.486639
-20.0,30,747.951372
-100.0,30,748.438123
-20.0,30,748.876838
-40.0,30,749.302622
-60.0,30,749.700367
0.0,30,750.153109
-200.0,30,750.619862
-460.0,30,751.035622
-40.0,30,751.465342
0.0,30,752.009061
0.0,30,752.481758
-220.0,30,752.964479
-40.0,30,753.44823
-320.0,30,753.875952
-300.0,30,754.351709
0.0,30,754.758444
-40.0,30,755.185205
-380.0,30,755.600987
-60.0,30,755.999757
0.0,30,756.430509
-140.0,30,756.846246
-40.0,30,757.274023
-20.0,30,757.685758
-40.0,30,758.183496
0.0,30,758.690284
60.0,30,759.116018
-220.0,30,759.544762
0.0,30,760.037477
-580.0,30,760.522198
-40.0,30,761.016943
0.0,30,761.531647
0.0,30,761.959399
-80.0,30,762.438123
-80.0,30,762.868852
-300.0,30,763.309596
-20.0,30,763.751365
-60.0,30,764.172123
-200.0,30,764.595852
-440.0,30,765.001617
0.0,30,765.419403
0.0,30,765.853153
0.0,30,766.287901
0.0,30,766.701663
-280.0,30,767.127417
0.0,30,767.563166
0.0,30,767.977926
0.0,30,768.472641
-320.0,30,768.919383
-420.0,30,769.409077
-340.0,30,769.867834
0.0,30,770.365521
0.0,30,770.798301
-20.0,30,771.265003
0.0,30,771.698756
-60.0,30,772.132529
-40.0,30,772.559258
-180.0,30,773.04198
0.0,30,773.595659
0.0,30,774.036401
-20.0,30,774.526147
-40.0,30,774.964872
-220.0,30,775.444594
0.0,30,775.949326
-80.0,30,776.403064
-40.0,30,776.857775
0.0,30,777.360484
-40.0,30,777.809252
-100.0,30,778.238007
-340.0,30,778.674731
-120.0,30,779.104505
0.0,30,779.534235
-80.0,30,779.969006
0.0,30,780.404732
0.0,30,780.832476
0.0,30,781.247268
-140.0,30,781.671001
-580.0,30,782.121767
-60.0,30,782.622452
0.0,30,783.083209
0.0,30,783.514929
-440.0,30,783.953685
-40.0,30,784.392426
-460.0,30,784.819208
0.0,30,785.239941
-600,30,785.668717
0.0,30,786.093472
0.0,30,786.523224
0.0,30,786.948979
0.0,30,787.368736
-60.0,30,787.796489
0.0,30,788.22924
0.0,30,788.665965
0.0,30,789.092719
-600,30,789.515478
0.0,30,789.95824
-540.0,30,790.412955
0.0,30,790.850703
0.0,30,791.305441
-260.0,30,791.74119
-40.0,30,792.170935
-340.0,30,792.633698
-100.0,30,793.084438
0.0,30,793.542144
0.0,30,793.993913
-600,30,794.485607
0.0,30,794.955336
0.0,30,795.403076
0.0,30,795.832851
0.0,30,796.263602
-300.0,30,796.681362
0.0,30,797.106086
0.0,30,797.55286
0.0,30,797.981589
0.0,30,798.423353
0.0,30,798.839093
-20.0,30,799.263848
-20.0,30,799.685628
0.0,30,800.109383
-20.0,30,800.53214
-280.0,30,800.965859
0.0,30,801.419597
-20.0,30,801.887325
-120.0,30,802.311114
0.0,30,802.750859
0.0,30,803.186584
-20.0,30,803.633806
0.0,30,804.07658
-320.0,30,804.518326
0.0,30,805.005023
-180.0,30,805.475754
-240.0,30,805.934478
-400.0,30,806.394212
-140.0,30,806.845983
-80.0,30,807.30172
-100.0,30,807.749436
0.0,30,808.192207
-440.0,30,808.616962
0.0,30,809.034719
0.0,30,809.486459
0.0,30,809.90022
0.0,30,810.332941
-80.0,30,810.746733
0.0,30,811.161462
-340.0,30,811.586247
0.0,30,812.009973
-460.0,30,812.444722
0.0,30,812.860482
-320.0,30,813.305226
0.0,30,813.73098
-540.0,30,814.183748
0.0,30,814.644482
0.0,30,815.169179
0.0,30,815.621888
-380.0,30,816.076656
-20.0,30,816.520399
-60.0,30,816.93513
0.0,30,817.369909
-280.0,30,817.805658
-20.0,30,818.24138
0.0,30,818.662134
0.0,30,819.109882
0.0,30,819.573638
0.0,30,820.021379
0.0,30,820.489109
2000.0,30,820.90287
0.0,30,821.332592
-40.0,30,821.788359
-260.0,30,822.308058
0.0,30,822.808785
-340.0,30,823.244522
-40.0,30,823.657282
0.0,30,824.059049
-420.0,30,824.459788
-480.0,30,824.859587
-20.0,30,825.25636
0.0,30,825.663101
0.0,30,826.075885
0.0,30,826.495613
0.0,30,826.903407
0.0,30,827.322143
0.0,30,827.746891
-20.0,30,828.186667
0.0,30,828.640375
-40.0,30,829.053138
0.0,30,829.475897
0.0,30,829.899679
-60.0,30,830.320406
-100.0,30,830.774174
-540.0,30,831.21489
0.0,30,831.627681
-60.0,30,832.050406
-80.0,30,832.486162
-220.0,30,832.911919
0.0,30,833.329668
0.0,30,833.810421
-580.0,30,834.213159
0.0,30,834.637945
0.0,30,835.05268
0.0,30,835.517435
-560.0,30,835.958152
0.0,30,836.391932
0.0,30,836.864636
0.0,30,837.276421
-240.0,30,837.73213
0.0,30,838.236837
0.0,30,838.687577
0.0,30,839.188318
0.0,30,839.663014
-40.0,30,840.059816
0.0,30,840.458585
0.0,30,840.932312
0.0,30,841.374027
-260.0,30,841.793791
0.0,30,842.242554
0.0,30,842.682289
0.0,30,843.17099
0.0,30,843.696684
0.0,30,844.22738
0.0,30,844.654165
0.0,30,845.066925
0.0,30,845.519642
-20.0,30,845.941421
-20.0,30,846.4461
0.0,30,846.859868
-260.0,30,847.27865
-140.0,30,847.695409
0.0,30,848.10817
0.0,30,848.521902
0.0,30,848.942664
-20.0,30,849.402424
-280.0,30,849.822151
-200.0,30,850.24091
40.0,30,850.666694
-40.0,30,851.079456
0.0,30,851.500213
-80.0,30,851.911946
-100.0,30,852.349723
-100.0,30,852.774447
0.0,30,853.186211
0.0,30,853.605967
0.0,30,854.01776
-260.0,30,854.460475
-40.0,30,854.882261
0.0,30,855.306986
-20.0,30,855.740735
0.0,30,856.157526
0.0,30,856.569288
-300.0,30,856.986048
-360.0,30,857.423764
-100.0,30,857.832529
0.0,30,858.248318
0.0,30,858.661051
0.0,30,859.076813
-40.0,30,859.504571
-140.0,30,860.350108
0.0,30,860.763837
0.0,30,861.193589
-20.0,30,861.613377
0.0,30,862.030105
0.0,30,862.46886
-60.0,30,862.88462
0.0,30,863.328387
-160.0,30,863.754155
0.0,30,864.167879
-40.0,30,864.577666
-180.0,30,864.994425
0.0,30,865.407158
0.0,30,865.821918
0.0,30,866.278684
-40.0,30,866.680452
0.0,30,867.089187
-80.0,30,867.513972
-40.0,30,867.923705
-40.0,30,868.351489
-420.0,30,868.761252
-200.0,30,869.176013
0.0,30,869.591772
-40.0,30,870.004505
-280.0,30,870.423295
0.0,30,870.837054
0.0,30,871.261786
0.0,30,871.67654
-500.0,30,872.08631
0.0,30,872.50806
-60.0,30,872.920851
-460.0,30,873.334582
-520.0,30,873.743376
0.0,30,874.168131
0.0,30,874.577865
0.0,30,874.991656
-260.0,30,875.411414
0.0,30,875.823147
0.0,30,876.233939
-60.0,30,876.647701
-60.0,30,877.060462
0.0,30,877.495181
-380.0,30,877.908943
0.0,30,878.331728
-280.0,30,878.744461
0.0,30,879.172244
-100.0,30,879.593984
0.0,30,880.011759
-20.0,30,880.423492
0.0,30,880.835285
-260.0,30,881.262037
-320.0,30,881.672771
0.0,30,882.086532
0.0,30,882.508289
0.0,30,882.92108
-40.0,30,883.345834
0.0,30,883.759613
-340.0,30,884.170329
0.0,30,884.582092
0.0,30,884.994853
0.0,30,885.430633
-160.0,30,885.856357
0.0,30,886.271117
0.0,30,886.683908
-160.0,30,887.106635
0.0,30,887.519395
-60.0,30,887.953151
0.0,30,888.392891
0.0,30,888.813679
0.0,30,889.239434
0.0,30,889.664159
-360.0,30,890.104935
-380.0,30,890.520665
-180.0,30,890.931427
0.0,30,891.362208
0.0,30,891.792961
0.0,30,892.272684
0.0,30,892.727398
-240.0,30,893.141182
0.0,30,893.553921
0.0,30,894.007682
-60.0,30,894.426442
0.0,30,894.860161
-140.0,30,895.283946
0.0,30,895.753686
0.0,30,896.200387
-520.0,30,896.649128
0.0,30,897.070885
0.0,30,897.516659
0.0,30,897.929419
-440.0,30,898.337183
-360.0,30,898.753943
-40.0,30,899.172671
0.0,30,899.587432
-60.0,30,900.018213
-140.0,30,900.432942
-160.0,30,900.845706
0.0,30,901.273489
-420.0,30,901.68725
0.0,30,902.111974
0.0,30,902.528733
0.0,30,902.973479
0.0,30,903.428222
-180.0,30,903.884982
-40.0,30,904.303741
-260.0,30,904.7195
2400.0,30,905.143224
0.0,30,905.556018
0.0,30,905.96778
0.0,30,906.396533
0.0,30,906.815291
0.0,30,907.239017
0.0,30,907.6648
0.0,30,908.089526
0.0,30,908.51528
0.0,30,908.933071
-260.0,30,909.359798
0.0,30,909.807541
-60.0,30,910.240284
0.0,30,910.662071
0.0,30,911.081829
-40.0,30,911.504585
0.0,30,911.918347
-160.0,30,912.336105
-100.0,30,912.77482
0.0,30,913.208578
620.0,30,913.637354
-20.0,30,914.051084
0.0,30,914.470848
0.0,30,914.944569
0.0,30,915.409332
-260.0,30,915.82909
0.0,30,916.257815
0.0,30,916.722633
-300.0,30,917.294305
-80.0,30,917.868972
-60.0,30,918.416656
0.0,30,918.922364
-420.0,30,919.349148
-40.0,30,919.774904
0.0,30,920.21165
0.0,30,920.639391
-360.0,30,921.108109
0.0,30,921.562871
0.0,30,921.98163
-80.0,30,922.405385
-460.0,30,922.819145
-200.0,30,923.231875
0.0,30,923.647667
0.0,30,924.059399
0.0,30,924.553115
-580.0,30,924.991892
-60.0,30,925.421644
-80.0,30,925.834375
2020.0,30,926.276128
-40.0,30,926.690882
0.0,30,927.121663
0.0,30,927.536423
0.0,30,927.949186
0.0,30,928.369942
0.0,30,928.786674
-40.0,30,929.200463
-200.0,30,929.609198
0.0,30,930.030983
0.0,30,930.450742
-100.0,30,930.876496
0.0,30,931.298223
-40.0,30,931.721007
20.0,30,932.127774
-20.0,30,932.532542
-40.0,30,932.9493
-320.0,30,933.375022
-500.0,30,933.785817
0.0,30,934.200579
0.0,30,934.608343
0.0,30,935.017109
-280.0,30,935.457854
20.0,30,935.87661
0.0,30,936.310331
-380.0,30,936.728119
-100.0,30,937.157841
-60.0,30,937.599617
-400.0,30,938.021373
0.0,30,938.433136
-40.0,30,938.842899
0.0,30,939.261657
-80.0,30,939.683413
-80.0,30,940.12413
-100.0,30,940.542918
-300.0,30,940.978666
0.0,30,941.424377
-160.0,30,941.847164
-160.0,30,942.303871
0.0,30,942.823571
0.0,30,943.243359
-180.0,30,943.700097
0.0,30,944.12485
0.0,30,944.570594
-200.0,30,944.99235
-200.0,30,945.451085
0.0,30,945.866846
0.0,30,946.276608
0.0,30,946.688371
0.0,30,947.100133
0.0,30,947.517862
0.0,30,947.945618
-280.0,30,948.359377
-40.0,30,948.789159
0.0,30,949.240901
-80.0,30,949.690638
-20.0,30,950.125361
0.0,30,950.548144
0.0,30,950.986889
-120.0,30,951.479606
0.0,30,951.913356
-40.0,30,952.337088
-220.0,30,952.80784
0.0,30,953.233594
0.0,30,953.658319
0.0,30,954.084076
0.0,30,954.494866
-80.0,30,954.904629
-460.0,30,955.325357
-260.0,30,955.737149
0.0,30,956.155878
0.0,30,956.568669
0.0,30,956.991426
-100.0,30,957.425175
1400.0,30,957.862899
-40.0,30,958.294667
0.0,30,958.708434
0.0,30,959.124195
0.0,30,959.541955
0.0,30,959.981699
0.0,30,960.404455
0.0,30,960.814219
-120.0,30,961.231979
-260.0,30,961.648737
0.0,30,962.104475
-580.0,30,962.536225
0.0,30,962.986965
0.0,30,963.424684
-220.0,30,963.853465
0.0,30,964.273223
0.0,30,964.682986
-200.0,30,965.099716
0.0,30,965.534465
0.0,30,965.971243
2500.0,30,966.410989
0.0,30,966.822755
-40.0,30,967.243509
0.0,30,967.658269
-140.0,30,968.075027
0.0,30,968.480772
1500.0,30,968.89853
0.0,30,969.349293
0.0,30,969.795006
0.0,30,970.235782
0.0,30,970.683523
-40.0,30,971.127268
60.0,30,971.605991
0.0,30,972.054709
-340.0,30,972.535424
0.0,30,972.970204
0.0,30,973.387933
0.0,30,973.8047
0.0,30,974.332416
-60.0,30,974.818106
0.0,30,975.280841
0.0,30,976.12935
-60.0,30,976.90391
0.0,30,977.420605
-380.0,30,977.871346
0.0,30,978.311122
-220.0,30,978.728882
0.0,30,979.198609
-40.0,30,979.612371
-60.0,30,980.022105
0.0,30,980.460882
0.0,30,980.870645
-40.0,30,981.383318
0.0,30,981.877032
0.0,30,982.338768
-200.0,30,982.751528
-120.0,30,983.169318
0.0,30,983.587051
0.0,30,983.994813
0.0,30,984.436556
-20.0,30,984.893298
-40.0,30,985.318079
1300.0,30,985.738835
0.0,30,986.151598
0.0,30,986.60031
0.0,30,987.027092
0.0,30,987.448848
-140.0,30,987.888595
0.0,30,988.376313
0.0,30,988.845019
-120.0,30,989.275794
0.0,30,989.691554
0.0,30,990.136298
-240.0,30,990.572046
-520.0,30,990.990804
0.0,30,991.417558
0.0,30,991.875263
0.0,30,992.291024
-260.0,30,992.713811
-40.0,30,993.134567
-240.0,30,993.5583
0.0,30,993.969086
-240.0,30,994.393815
0.0,30,994.804574
0.0,30,995.228359
0.0,30,995.662108
0.0,30,996.076869
0.0,30,996.488632
-220.0,30,996.896398
-300.0,30,997.333112
0.0,30,997.748904
0.0,30,998.175626
0.0,30,998.611407
0.0,30,999.078106
0.0,30,999.618804
0.0,30,1000.080559
0.0,30,1000.500287
0.0,30,1000.948029
0.0,30,1001.364789
-40.0,30,1001.777579
-300.0,30,1002.198336
0.0,30,1002.605072
0.0,30,1003.023862
-100.0,30,1003.460608
-20.0,30,1003.878367
-120.0,30,1004.660915
-140.0,30,1005.100632
0.0,30,1005.552402
0.0,30,1005.982152
-280.0,30,1006.424866
0.0,30,1006.848655
-80.0,30,1007.311386
0.0,30,1007.748102
0.0,30,1008.163865
-240.0,30,1008.585653
0.0,30,1009.035362
0.0,30,1009.488131
-100.0,30,1009.910856
0.0,30,1010.359597
-80.0,30,1010.800373
0.0,30,1011.295087
-60.0,30,1011.751791
-80.0,30,1012.194568
0.0,30,1012.635283
0.0,30,1013.075028
0.0,30,1013.48982
-240.0,30,1013.901583
0.0,30,1014.342299
0.0,30,1014.786072
-100.0,30,1015.253772
-60.0,30,1015.679557
0.0,30,1016.092319
240.0,30,1016.527044
0.0,30,1016.985803
80.0,30,1017.455502
0.0,30,1017.90924
0.0,30,1018.343994
0.0,30,1018.844705
0.0,30,1019.264488
-40.0,30,1019.695208
-360.0,30,1020.150946
0.0,30,1020.568735
0.0,30,1021.022474
-60.0,30,1021.488175
-60.0,30,1021.923955
-260.0,30,1022.36467
-100.0,30,1022.825409
-20.0,30,1023.338106
-180.0,30,1023.798872
0.0,30,1024.304555
0.0,30,1024.801262
-140.0,30,1025.22105
0.0,30,1025.662773
0.0,30,1026.101542
0.0,30,1026.553281
0.0,30,1026.975009
0.0,30,1027.461756
0.0,30,1027.885513
0.0,30,1028.312243
140.0,30,1028.781963
-280.0,30,1029.267685
-120.0,30,1029.717455
-420.0,30,1030.221135
0.0,30,1030.756855
0.0,30,1031.220561
-100.0,30,1031.689318
0.0,30,1032.103079
0.0,30,1032.526837
-60.0,30,1032.970554
0.0,30,1033.423286
0.0,30,1033.882052
0.0,30,1034.375767
0.0,30,1034.814514
0.0,30,1035.247265
0.0,30,1035.673019
-60.0,30,1036.087751
0.0,30,1036.523528
-20.0,30,1036.959246
0.0,30,1037.424008
0.0,30,1037.835771
-340.0,30,1038.248502
-20.0,30,1038.687279
-180.0,30,1039.140986
-200.0,30,1039.576766
-260.0,30,1040.023485
-100.0,30,1040.448263
-180.0,30,1040.882014
0.0,30,1041.316731
-20.0,30,1041.761506
-140.0,30,1042.175266
-40.0,30,1042.591028
0.0,30,1043.006786
-40.0,30,1043.429543
0.0,30,1043.847271
0.0,30,1044.270028
0.0,30,1044.684818
0.0,30,1045.101578
-320.0,30,1045.516338
-140.0,30,1045.929069
0.0,30,1046.338865
0.0,30,1046.748629
0.0,30,1047.162388
0.0,30,1047.57715
100.0,30,1047.984884
0.0,30,1048.406641
0.0,30,1048.826401
0.0,30,1049.231194
-20.0,30,1049.664912
0.0,30,1050.102667
-100.0,30,1050.539439
0.0,30,1050.986159
0.0,30,1051.478873
0.0,30,1051.934635
0.0,30,1052.368385
-260.0,30,1052.795137
0.0,30,1053.220892
0.0,30,1053.651614
0.0,30,1054.068403
0.0,30,1054.479166
0.0,30,1054.890928
0.0,30,1055.31968
-20.0,30,1055.730444
-140.0,30,1056.146204
0.0,30,1056.55794
0.0,30,1057.009705
-60.0,30,1057.440457
-400.0,30,1057.878175
0.0,30,1058.298961
-500.0,30,1058.713722
0.0,30,1059.130452
0.0,30,1059.556236
-100.0,30,1059.967999
0.0,30,1060.390727
-200.0,30,1060.816479
-60.0,30,1061.252228
0.0,30,1061.669989
-100.0,30,1062.079757
0.0,30,1062.499538
0.0,30,1062.912298
-60.0,30,1063.334026
0.0,30,1063.748787
0.0,30,1064.168551
0.0,30,1064.59233
0.0,30,1065.00809
0.0,30,1065.420864
0.0,30,1065.834614
-260.0,30,1066.25937
-80.0,30,1066.682094
-160.0,30,1067.101882
-240.0,30,1067.515619
0.0,30,1067.932389
0.0,30,1068.355158
0.0,30,1068.853871
-320.0,30,1069.384532
0.0,30,1069.952236
-280.0,30,1070.517878
0.0,30,1071.113542
-160.0,30,1071.617275
-140.0,30,1072.165928
-520.0,30,1072.620695
0.0,30,1073.034459
0.0,30,1073.457191
0.0,30,1073.884938
-40.0,30,1074.35467
0.0,30,1074.880362
-40.0,30,1075.386074
80.0,30,1075.822819
0.0,30,1076.284583
0.0,30,1076.776269
0.0,30,1077.307959
0.0,30,1077.828691
-220.0,30,1078.267408
-240.0,30,1078.689195
0.0,30,1079.131938
-440.0,30,1079.542671
0.0,30,1079.960431
-200.0,30,1080.394184
0.0,30,1080.802975
-20.0,30,1081.214708
-120.0,30,1081.627499
-480.0,30,1082.057238
0.0,30,1082.467016
-240.0,30,1082.878777
0.0,30,1083.300503
-300.0,30,1083.715265
0.0,30,1084.130025
0.0,30,1084.576798
0.0,30,1085.032534
-140.0,30,1085.497264
-180.0,30,1085.903032
0.0,30,1086.319793
0.0,30,1086.733529
0.0,30,1087.161307
0.0,30,1087.591026
0.0,30,1088.003789
0.0,30,1088.410585
-300.0,30,1088.825345
-40.0,30,1089.241076
0.0,30,1089.653867
0.0,30,1090.063599
0.0,30,1090.484388
0.0,30,1090.896149
-240.0,30,1091.314908
-500.0,30,1091.726641
0.0,30,1092.139432
0.0,30,1092.582177
-20.0,30,1092.986943
-160.0,30,1093.406678
-280.0,30,1093.822438
0.0,30,1094.276201
-140.0,30,1094.748895
0.0,30,1095.237612
0.0,30,1095.732334
-220.0,30,1096.168085
-140.0,30,1096.589864
-100.0,30,1096.998605
-280.0,30,1097.423383
-240.0,30,1097.848107
0.0,30,1098.330838
-260.0,30,1098.806554
0.0,30,1099.291281
-300.0,30,1099.744042
0.0,30,1100.188788
-40.0,30,1100.630499
-20.0,30,1101.063255
-260.0,30,1101.492035
0.0,30,1101.936747
0.0,30,1102.404485
0.0,30,1102.817273
-40.0,30,1103.257993
-380.0,30,1103.695763
0.0,30,1104.166461
-60.0,30,1104.636189
-160.0,30,1105.099923
-180.0,30,1105.676589
0.0,30,1106.704003
0.0,30,1107.253679
-100.0,30,1107.66447
0.0,30,1108.078234
0.0,30,1108.499991
0.0,30,1108.985678
0.0,30,1109.417462
-300.0,30,1109.84519
-200.0,30,1110.290957
-60.0,30,1110.709684
-140.0,30,1111.143465
-280.0,30,1111.609196
0.0,30,1112.094915
0.0,30,1112.629578
-40.0,30,1113.097338
-260.0,30,1113.54508
0.0,30,1114.001815
0.0,30,1114.435565
0.0,30,1115.009203
-300.0,30,1115.625848
0.0,30,1116.193552
0.0,30,1116.634267
80.0,30,1117.034065
0.0,30,1117.436802
0.0,30,1117.835573
-200.0,30,1118.255332
0.0,30,1118.649104
0.0,30,1119.042884
0.0,30,1119.457667
-20.0,30,1119.848442
-340.0,30,1120.288165
0.0,30,1120.736928
-180.0,30,1121.226646
0.0,30,1121.672389
-220.0,30,1122.072158
0.0,30,1122.465932
0.0,30,1122.856705
-20.0,30,1123.254478
0.0,30,1123.64825
-140.0,30,1124.053984
0.0,30,1124.475742
0.0,30,1124.88951
0.0,30,1125.298296
0.0,30,1125.69307
0.0,30,1126.087812
-200.0,30,1126.493577
0.0,30,1126.889349
-20.0,30,1127.431034
0.0,30,1127.987712
0.0,30,1128.550389
-20.0,30,1129.048105
40.0,30,1129.518861
-60.0,30,1129.997555
0.0,30,1130.460318
0.0,30,1130.864084
0.0,30,1131.286841
0.0,30,1131.713595
-20.0,30,1132.139319
0.0,30,1132.561082
0.0,30,1132.964872
0.0,30,1133.418587
0.0,30,1133.876314
0.0,30,1134.353047
0.0,30,1134.772829
-80.0,30,1135.177595
-40.0,30,1135.571346
-220.0,30,1135.996123
0.0,30,1136.402888
0.0,30,1136.795662
-20.0,30,1137.207424
0.0,30,1137.607164
-20.0,30,1138.018957
-20.0,30,1138.414727
0.0,30,1138.811498
-200.0,30,1139.230256
0.0,30,1139.637022
0.0,30,1140.028795
0.0,30,1140.422544
0.0,30,1140.813313
0.0,30,1141.212113
120.0,30,1141.605886
-160.0,30,1141.998659
-20.0,30,1142.389408
0.0,30,1142.77921
1500.0,30,1143.171951
0.0,30,1143.566756
0.0,30,1143.956499
0.0,30,1144.358299
-120.0,30,1144.752041
0.0,30,1145.151839
-140.0,30,1145.546611
0.0,30,1145.935389
0.0,30,1146.34212
-120.0,30,1146.762909
0.0,30,1147.197657
0.0,30,1147.587434
0.0,30,1147.984205
0.0,30,1148.400933
-120.0,30,1148.906663
0.0,30,1149.459354
-200.0,30,1149.957035
-280.0,30,1150.472737
0.0,30,1150.989442
0.0,30,1151.972903
0.0,30,1152.533555
0.0,30,1153.135208
-20.0,30,1153.617922
0.0,30,1154.162608
0.0,30,1154.765291
-180.0,30,1155.326942
-60.0,30,1155.815655
0.0,30,1156.251435
0.0,30,1156.651203
-40.0,30,1157.076957
-120.0,30,1157.526669
0.0,30,1157.976439
0.0,30,1158.436142
-80.0,30,1158.931857
0.0,30,1159.393588
-180.0,30,1159.859351
-300.0,30,1160.323084
-40.0,30,1160.756836
-120.0,30,1161.196579
-120.0,30,1161.621336
0.0,30,1162.056083
-400.0,30,1162.528813
0.0,30,1162.979522
-80.0,30,1163.454278
-80.0,30,1163.885996
-60.0,30,1164.379713
-80.0,30,1164.834449
0.0,30,1165.301211
0.0,30,1165.737959
0.0,30,1166.226648
-40.0,30,1166.669421
0.0,30,1167.129125
-120.0,30,1167.578897
0.0,30,1168.004651
0.0,30,1168.454362
0.0,30,1168.906107
0.0,30,1169.363834
-40.0,30,1169.831597
0.0,30,1170.290335
0.0,30,1170.710058
0.0,30,1171.16083
-300.0,30,1171.589552
40.0,30,1172.020301
0.0,30,1172.453084
0.0,30,1172.875811
0.0,30,1173.297597
0.0,30,1173.722322
0.0,30,1174.144108
-280.0,30,1174.583824
0.0,30,1175.014607
20.0,30,1175.455351
-240.0,30,1175.87611
0.0,30,1176.292868
-60.0,30,1176.804542
0.0,30,1177.2263
-40.0,30,1177.645058
0.0,30,1178.064846
0.0,30,1178.489601
0.0,30,1178.906361
0.0,30,1179.329087
0.0,30,1179.75587
0.0,30,1180.248585
0.0,30,1180.696329
0.0,30,1181.167023
0.0,30,1181.628788
0.0,30,1182.075507
0.0,30,1182.514246
-240.0,30,1182.938004
-140.0,30,1183.357792
0.0,30,1183.769553
0.0,30,1184.199305
-160.0,30,1184.617065
0.0,30,1185.031827
0.0,30,1185.445557
0.0,30,1185.860347
-80.0,30,1186.2871
-20.0,30,1186.706828
-140.0,30,1187.142606
-140.0,30,1187.55437
-60.0,30,1187.970131
0.0,30,1188.399855
0.0,30,1188.85159
0.0,30,1189.299364
0.0,30,1189.728082
0.0,30,1190.140878
0.0,30,1190.576594
-140.0,30,1191.039327
0.0,30,1191.549064
0.0,30,1191.981816
-80.0,30,1192.408537
0.0,30,1192.829327
